solid OpenSCAD_Model
  facet normal 0 -1 0
    outer loop
      vertex 24.69924749821425 20.364619999527932 0.6
      vertex 24.69924749821425 20.364619999527932 0
      vertex 25.799522500634197 20.364619999527932 0
    endloop
  endfacet
  facet normal 1 0 0
    outer loop
      vertex 25.799522500634197 20.364619999527932 0.6
      vertex 25.799522500634197 20.364619999527932 0
      vertex 25.799522500634197 22.45698500365019 0
    endloop
  endfacet
  facet normal 0 -1 0
    outer loop
      vertex 28.08955750256777 20.364619999527932 0.6
      vertex 28.08955750256777 20.364619999527932 0
      vertex 29.18983249753714 20.364619999527932 0
    endloop
  endfacet
  facet normal -1 0 0
    outer loop
      vertex 28.08955750256777 22.45698500365019 0.6
      vertex 28.08955750256777 22.45698500365019 0
      vertex 28.08955750256777 20.364619999527932 0
    endloop
  endfacet
  facet normal -0.5328311479586235 -0.8462215831359392 0
    outer loop
      vertex 30.650302503407005 21.81364999651909 0.6
      vertex 30.650302503407005 21.81364999651909 0
      vertex 30.751626078188423 21.74985068231821 0
    endloop
  endfacet
  facet normal -0.4582159004280999 -0.8888409242349643 0
    outer loop
      vertex 30.751626078188423 21.74985068231821 0.6
      vertex 30.751626078188423 21.74985068231821 0
      vertex 30.860823486149314 21.69355715751648 0
    endloop
  endfacet
  facet normal -0.3846693468674868 -0.9230544369540405 0
    outer loop
      vertex 30.860823486149314 21.69355715751648 0.6
      vertex 30.860823486149314 21.69355715751648 0
      vertex 30.9778947198391 21.644769444465638 0
    endloop
  endfacet
  facet normal -0.3137203939487851 -0.9495154103123441 0
    outer loop
      vertex 30.9778947198391 21.644769444465638 0.6
      vertex 30.9778947198391 21.644769444465638 0
      vertex 31.10283978670836 21.603487528264523 0
    endloop
  endfacet
  facet normal -0.1253081516840526 -0.9921178695707111 0
    outer loop
      vertex 31.376351390182975 21.54344110876322 0.6
      vertex 31.376351390182975 21.54344110876322 0
      vertex 31.524917934238914 21.52467660546303 0
    endloop
  endfacet
  facet normal -0.07178238312956219 -0.9974203173548456 0
    outer loop
      vertex 31.524917934238914 21.52467660546303 0.6
      vertex 31.524917934238914 21.52467660546303 0
      vertex 31.681358304023746 21.513417899012566 0
    endloop
  endfacet
  facet normal -0.022833837691437705 -0.999739273939101 0
    outer loop
      vertex 31.681358304023746 21.513417899012566 0.6
      vertex 31.681358304023746 21.513417899012566 0
      vertex 31.84567249953747 21.509664996862412 0
    endloop
  endfacet
  facet normal -0.2464577125877426 -0.9691535460937124 0
    outer loop
      vertex 31.10283978670836 21.603487528264523 0.6
      vertex 31.10283978670836 21.603487528264523 0
      vertex 31.23565867185593 21.569711416363717 0
    endloop
  endfacet
  facet normal -0.1835488768984114 -0.9830105847799054 0
    outer loop
      vertex 31.23565867185593 21.569711416363717 0.6
      vertex 31.23565867185593 21.569711416363717 0
      vertex 31.376351390182975 21.54344110876322 0
    endloop
  endfacet
  facet normal 0 -1 0
    outer loop
      vertex 25.799522500634197 22.45698500365019 0.6
      vertex 25.799522500634197 22.45698500365019 0
      vertex 28.08955750256777 22.45698500365019 0
    endloop
  endfacet
  facet normal -1 0 0
    outer loop
      vertex 24.69924749821425 25.619759998619557 0.6
      vertex 24.69924749821425 25.619759998619557 0
      vertex 24.69924749821425 20.364619999527932 0
    endloop
  endfacet
  facet normal 1 0 0
    outer loop
      vertex 25.799522500634197 23.367015003561974 0.6
      vertex 25.799522500634197 23.367015003561974 0
      vertex 25.799522500634197 25.619759998619557 0
    endloop
  endfacet
  facet normal 0 1 0
    outer loop
      vertex 25.799522500634197 25.619759998619557 0.6
      vertex 25.799522500634197 25.619759998619557 0
      vertex 24.69924749821425 25.619759998619557 0
    endloop
  endfacet
  facet normal 1 0 0
    outer loop
      vertex 29.18983249753714 20.364619999527932 0.6
      vertex 29.18983249753714 20.364619999527932 0
      vertex 29.18983249753714 25.619759998619557 0
    endloop
  endfacet
  facet normal 0 1 0
    outer loop
      vertex 28.08955750256777 23.367015003561974 0.6
      vertex 28.08955750256777 23.367015003561974 0
      vertex 25.799522500634197 23.367015003561974 0
    endloop
  endfacet
  facet normal -0.6771644235711547 -0.7358317358265719 0
    outer loop
      vertex 30.472219292223457 21.962820864617825 0.6
      vertex 30.472219292223457 21.962820864617825 0
      vertex 30.557094473540786 21.884712717831135 0
    endloop
  endfacet
  facet normal -0.8039159503485475 -0.594742923266172 0
    outer loop
      vertex 30.327467437982563 22.140173456966878 0.6
      vertex 30.327467437982563 22.140173456966878 0
      vertex 30.395676944553855 22.04797444432974 0
    endloop
  endfacet
  facet normal -0.7437103594305119 -0.6685019830006033 0
    outer loop
      vertex 30.395676944553855 22.04797444432974 0.6
      vertex 30.395676944553855 22.04797444432974 0
      vertex 30.472219292223457 21.962820864617825 0
    endloop
  endfacet
  facet normal -0.8997830733496485 -0.4363375080295772 0
    outer loop
      vertex 30.216046948134903 22.345707781016827 0.6
      vertex 30.216046948134903 22.345707781016827 0
      vertex 30.26759077250958 22.23941790252924 0
    endloop
  endfacet
  facet normal -0.9343899579822779 -0.35625188620114995 0
    outer loop
      vertex 30.172835957407955 22.459043084979058 0.6
      vertex 30.172835957407955 22.459043084979058 0
      vertex 30.216046948134903 22.345707781016827 0
    endloop
  endfacet
  facet normal -0.8562343107231621 -0.5165876548471048 0
    outer loop
      vertex 30.26759077250958 22.23941790252924 0.6
      vertex 30.26759077250958 22.23941790252924 0
      vertex 30.327467437982563 22.140173456966878 0
    endloop
  endfacet
  facet normal -0.9604979772341938 -0.27828696650943296 0
    outer loop
      vertex 30.137957807779316 22.579423829317093 0.6
      vertex 30.137957807779316 22.579423829317093 0
      vertex 30.172835957407955 22.459043084979058 0
    endloop
  endfacet
  facet normal -0.9789831964513368 -0.20394092543166295 0
    outer loop
      vertex 30.111412499248985 22.706849999129773 0.6
      vertex 30.111412499248985 22.706849999129773 0
      vertex 30.137957807779316 22.579423829317093 0
    endloop
  endfacet
  facet normal -0.6062973293227599 -0.7952380451513174 0
    outer loop
      vertex 30.557094473540786 21.884712717831135 0.6
      vertex 30.557094473540786 21.884712717831135 0
      vertex 30.650302503407005 21.81364999651909 0
    endloop
  endfacet
  facet normal 0.6538929736861903 0.7565870597385548 0
    outer loop
      vertex 31.406043920814994 22.29306395292282 0.6
      vertex 31.406043920814994 22.29306395292282 0
      vertex 31.373882498741153 22.32085999786854 0
    endloop
  endfacet
  facet normal 0.5631989610834401 0.8263213238411156 0
    outer loop
      vertex 31.442028176188472 22.26853802740574 0.6
      vertex 31.442028176188472 22.26853802740574 0
      vertex 31.406043920814994 22.29306395292282 0
    endloop
  endfacet
  facet normal 0.9009791014854962 0.43386248822223356 0
    outer loop
      vertex 31.294529725015167 22.42839111328125 0.6
      vertex 31.294529725015167 22.42839111328125 0
      vertex 31.27314422667027 22.47280123770237 0
    endloop
  endfacet
  facet normal 0.7365355949654926 0.6763987857387296 0
    outer loop
      vertex 31.373882498741153 22.32085999786854 0.6
      vertex 31.373882498741153 22.32085999786854 0
      vertex 31.34489886105061 22.352420493364335 0
    endloop
  endfacet
  facet normal 0.8046291837476266 0.5937776323352273 0
    outer loop
      vertex 31.34489886105061 22.352420493364335 0.6
      vertex 31.34489886105061 22.352420493364335 0
      vertex 31.3184479290247 22.388264200985432 0
    endloop
  endfacet
  facet normal 0.8589809533481298 0.5120075407502687 0
    outer loop
      vertex 31.3184479290247 22.388264200985432 0.6
      vertex 31.3184479290247 22.388264200985432 0
      vertex 31.294529725015167 22.42839111328125 0
    endloop
  endfacet
  facet normal 0.29619409818848225 0.9551277695671464 0
    outer loop
      vertex 31.57291799426079 22.214580989778042 0.6
      vertex 31.57291799426079 22.214580989778042 0
      vertex 31.52546521663666 22.22929654210806 0
    endloop
  endfacet
  facet normal 0.4710255425169468 0.8821195714281688 0
    outer loop
      vertex 31.48183527976275 22.247282221317292 0.6
      vertex 31.48183527976275 22.247282221317292 0
      vertex 31.442028176188472 22.26853802740574 0
    endloop
  endfacet
  facet normal 0.38111958736087015 0.9245257487652142 0
    outer loop
      vertex 31.52546521663666 22.22929654210806 0.6
      vertex 31.52546521663666 22.22929654210806 0
      vertex 31.48183527976275 22.247282221317292 0
    endloop
  endfacet
  facet normal 0.21785271296861705 0.9759816573338934 0
    outer loop
      vertex 31.62419361263514 22.20313555687666 0.6
      vertex 31.62419361263514 22.20313555687666 0
      vertex 31.57291799426079 22.214580989778042 0
    endloop
  endfacet
  facet normal 0.1467696511846602 0.989170697853072 0
    outer loop
      vertex 31.679292064309124 22.194960243403912 0.6
      vertex 31.679292064309124 22.194960243403912 0
      vertex 31.62419361263514 22.20313555687666 0
    endloop
  endfacet
  facet normal 0.082962685904819 0.9965526542774639 0
    outer loop
      vertex 31.738213364183906 22.19005506426096 0.6
      vertex 31.738213364183906 22.19005506426096 0
      vertex 31.679292064309124 22.194960243403912 0
    endloop
  endfacet
  facet normal -0.0477586150517792 0.9988589062967482 0
    outer loop
      vertex 31.204207498729232 22.759099996984006 0.6
      vertex 31.204207498729232 22.759099996984006 0
      vertex 30.111412499248985 22.706849999129773 0
    endloop
  endfacet
  facet normal 0.9325439369666145 0.361056513065208 0
    outer loop
      vertex 31.27314422667027 22.47280123770237 0.6
      vertex 31.27314422667027 22.47280123770237 0
      vertex 31.254291448891166 22.52149456679821 0
    endloop
  endfacet
  facet normal 0.9556796564934555 0.2944085497477117 0
    outer loop
      vertex 31.254291448891166 22.52149456679821 0.6
      vertex 31.254291448891166 22.52149456679821 0
      vertex 31.23797139167786 22.574471108019353 0
    endloop
  endfacet
  facet normal 0.9722136058748309 0.23409550305774598 0
    outer loop
      vertex 31.23797139167786 22.574471108019353 0.6
      vertex 31.23797139167786 22.574471108019353 0
      vertex 31.224184040129188 22.631730861365796 0
    endloop
  endfacet
  facet normal 0.9836865606866239 0.1798909400846005 0
    outer loop
      vertex 31.224184040129188 22.631730861365796 0.6
      vertex 31.224184040129188 22.631730861365796 0
      vertex 31.212929416596893 22.69327382683754 0
    endloop
  endfacet
  facet normal 0.9913358902003326 0.1313512573244506 0
    outer loop
      vertex 31.212929416596893 22.69327382683754 0.6
      vertex 31.212929416596893 22.69327382683754 0
      vertex 31.204207498729232 22.759099996984006 0
    endloop
  endfacet
  facet normal -0.7431085789928398 -0.6691708599657059 0
    outer loop
      vertex 30.175689164698127 23.684304564595223 0.6
      vertex 30.175689164698127 23.684304564595223 0
      vertex 30.251314167082313 23.60032363921404 0
    endloop
  endfacet
  facet normal -0.5863637043637746 -0.8100479036481681 0
    outer loop
      vertex 30.337022502124313 23.523709996938706 0.6
      vertex 30.337022502124313 23.523709996938706 0
      vertex 30.432319846153263 23.454727775752545 0
    endloop
  endfacet
  facet normal -0.5049881987891292 -0.8631262474769906 0
    outer loop
      vertex 30.432319846153263 23.454727775752545 0.6
      vertex 30.432319846153263 23.454727775752545 0
      vertex 30.53668743759394 23.393665558993817 0
    endloop
  endfacet
  facet normal -0.6664432571533253 -0.7455557557921922 0
    outer loop
      vertex 30.251314167082313 23.60032363921404 0.6
      vertex 30.251314167082313 23.60032363921404 0
      vertex 30.337022502124313 23.523709996938706 0
    endloop
  endfacet
  facet normal -0.8124992955585503 -0.5829621726294595 0
    outer loop
      vertex 30.110147502422336 23.775652780532837 0.6
      vertex 30.110147502422336 23.775652780532837 0
      vertex 30.175689164698127 23.684304564595223 0
    endloop
  endfacet
  facet normal -0.8718362870338373 -0.4897973954718955 0
    outer loop
      vertex 30.05468916535378 23.87436827212572 0.6
      vertex 30.05468916535378 23.87436827212572 0
      vertex 30.110147502422336 23.775652780532837 0
    endloop
  endfacet
  facet normal -0.9194242416463358 -0.39326716602465084 0
    outer loop
      vertex 30.009314168393615 23.980451046824456 0.6
      vertex 30.009314168393615 23.980451046824456 0
      vertex 30.05468916535378 23.87436827212572 0
    endloop
  endfacet
  facet normal -0.9548660966163374 -0.29703659291858187 0
    outer loop
      vertex 29.974022496640686 24.09390111207962 0.6
      vertex 29.974022496640686 24.09390111207962 0
      vertex 30.009314168393615 23.980451046824456 0
    endloop
  endfacet
  facet normal -0.9789188167617585 -0.20424972506654407 0
    outer loop
      vertex 29.94881416499615 24.214718460440636 0.6
      vertex 29.94881416499615 24.214718460440636 0
      vertex 29.974022496640686 24.09390111207962 0
    endloop
  endfacet
  facet normal -0.34629636738254665 -0.9381251653898067 0
    outer loop
      vertex 30.650125276446346 23.34052333176136 0.6
      vertex 30.650125276446346 23.34052333176136 0
      vertex 30.77263336271048 23.295301108956338 0
    endloop
  endfacet
  facet normal -0.2727493818691967 -0.9620851182145846 0
    outer loop
      vertex 30.77263336271048 23.295301108956338 0.6
      vertex 30.77263336271048 23.295301108956338 0
      vertex 30.90421169638634 23.257998890578747 0
    endloop
  endfacet
  facet normal -0.20449072989732514 -0.9788685005587111 0
    outer loop
      vertex 30.90421169638634 23.257998890578747 0.6
      vertex 30.90421169638634 23.257998890578747 0
      vertex 31.04486027747393 23.22861666917801 0
    endloop
  endfacet
  facet normal -0.1418996489802356 -0.9898810482170501 0
    outer loop
      vertex 31.04486027747393 23.22861666917801 0.6
      vertex 31.04486027747393 23.22861666917801 0
      vertex 31.194579105973247 23.207154444754124 0
    endloop
  endfacet
  facet normal -0.42422600460362775 -0.9055563466830999 0
    outer loop
      vertex 30.53668743759394 23.393665558993817 0.6
      vertex 30.53668743759394 23.393665558993817 0
      vertex 30.650125276446346 23.34052333176136 0
    endloop
  endfacet
  facet normal -0.08497585776223271 -0.9963830104922368 0
    outer loop
      vertex 31.194579105973247 23.207154444754124 0.6
      vertex 31.194579105973247 23.207154444754124 0
      vertex 31.353368181884292 23.193612224757672 0
    endloop
  endfacet
  facet normal -0.033474889762056974 -0.9994395588305569 0
    outer loop
      vertex 31.353368181884292 23.193612224757672 0.6
      vertex 31.353368181884292 23.193612224757672 0
      vertex 31.521227497756485 23.187990001738072 0
    endloop
  endfacet
  facet normal 0.7993407701779676 0.6008779685853805 0
    outer loop
      vertex 31.140863116979602 23.98211802482605 0.6
      vertex 31.140863116979602 23.98211802482605 0
      vertex 31.12035015612841 24.009406171143056 0
    endloop
  endfacet
  facet normal 0.8401387754561431 0.5423714944344439 0
    outer loop
      vertex 31.12035015612841 24.009406171143056 0.6
      vertex 31.12035015612841 24.009406171143056 0
      vertex 31.101632502079013 24.038400001227856 0
    endloop
  endfacet
  facet normal 0.9396869680739595 0.3420356736247984 0
    outer loop
      vertex 31.069952499270443 24.102487898766995 0.6
      vertex 31.069952499270443 24.102487898766995 0
      vertex 31.057082500457767 24.137846111655236 0
    endloop
  endfacet
  facet normal 0.8784431101442929 0.477846944366103 0
    outer loop
      vertex 31.101632502079013 24.038400001227856 0.6
      vertex 31.101632502079013 24.038400001227856 0
      vertex 31.08480249732733 24.069339200258256 0
    endloop
  endfacet
  facet normal 0.9126096285224351 0.40883207546392797 0
    outer loop
      vertex 31.08480249732733 24.069339200258256 0.6
      vertex 31.08480249732733 24.069339200258256 0
      vertex 31.069952499270443 24.102487898766995 0
    endloop
  endfacet
  facet normal 0.9604608451887187 0.27841509452501334 0
    outer loop
      vertex 31.057082500457767 24.137846111655236 0.6
      vertex 31.057082500457767 24.137846111655236 0
      vertex 31.046192500889305 24.175413824021817 0
    endloop
  endfacet
  facet normal 0.975818808747533 0.2185809975605046 0
    outer loop
      vertex 31.046192500889305 24.175413824021817 0.6
      vertex 31.046192500889305 24.175413824021817 0
      vertex 31.037282500565055 24.2151910507679 0
    endloop
  endfacet
  facet normal 0.9866510185102694 0.16284891056635364 0
    outer loop
      vertex 31.037282500565055 24.2151910507679 0.6
      vertex 31.037282500565055 24.2151910507679 0
      vertex 31.03035249948502 24.25717777699232 0
    endloop
  endfacet
  facet normal 0.28915130650159987 0.957283407329521 0
    outer loop
      vertex 31.413178298771385 23.812332346439362 0.6
      vertex 31.413178298771385 23.812332346439362 0
      vertex 31.371325340271 23.82497420102358 0
    endloop
  endfacet
  facet normal 0.4786277716974915 0.8780179133479532 0
    outer loop
      vertex 31.301642377078537 23.854208394289017 0.6
      vertex 31.301642377078537 23.854208394289017 0
      vertex 31.270357560515407 23.87126246780157 0
    endloop
  endfacet
  facet normal 0.5367473989349085 0.8437429879629282 0
    outer loop
      vertex 31.270357560515407 23.87126246780157 0.6
      vertex 31.270357560515407 23.87126246780157 0
      vertex 31.240868058204654 23.89002222508192 0
    endloop
  endfacet
  facet normal 0.6503189796240096 0.7596612565747888 0
    outer loop
      vertex 31.213173855245117 23.910487651228905 0.6
      vertex 31.213173855245117 23.910487651228905 0
      vertex 31.187274966537956 23.932658768594266 0
    endloop
  endfacet
  facet normal 0.7037566461655057 0.710441118586107 0
    outer loop
      vertex 31.187274966537956 23.932658768594266 0.6
      vertex 31.187274966537956 23.932658768594266 0
      vertex 31.16317139208317 23.95653555482626 0
    endloop
  endfacet
  facet normal 0.7536908723995639 0.6572290840046449 0
    outer loop
      vertex 31.16317139208317 23.95653555482626 0.6
      vertex 31.16317139208317 23.95653555482626 0
      vertex 31.140863116979602 23.98211802482605 0
    endloop
  endfacet
  facet normal 0.5943121421607 0.8042344668567492 0
    outer loop
      vertex 31.240868058204654 23.89002222508192 0.6
      vertex 31.240868058204654 23.89002222508192 0
      vertex 31.213173855245117 23.910487651228905 0
    endloop
  endfacet
  facet normal 0.42088048068243716 0.9071161011582369 0
    outer loop
      vertex 31.334722500443462 23.838859997093678 0.6
      vertex 31.334722500443462 23.838859997093678 0
      vertex 31.301642377078537 23.854208394289017 0
    endloop
  endfacet
  facet normal 0.35469800867072376 0.9349809210058904 0
    outer loop
      vertex 31.371325340271 23.82497420102358 0.6
      vertex 31.371325340271 23.82497420102358 0
      vertex 31.334722500443462 23.838859997093678 0
    endloop
  endfacet
  facet normal 0.23519023050548482 0.9719493584929089 0
    outer loop
      vertex 31.46028139084578 23.800934440791607 0.6
      vertex 31.46028139084578 23.800934440791607 0
      vertex 31.413178298771385 23.812332346439362 0
    endloop
  endfacet
  facet normal 0.1904027177502107 0.9817060685731415 0
    outer loop
      vertex 31.51263460159302 23.790780491530896 0.6
      vertex 31.51263460159302 23.790780491530896 0
      vertex 31.46028139084578 23.800934440791607 0
    endloop
  endfacet
  facet normal 0.1528607419614673 0.9882477389637628 0
    outer loop
      vertex 31.57023793101311 23.781870491206647 0.6
      vertex 31.57023793101311 23.781870491206647 0
      vertex 31.51263460159302 23.790780491530896 0
    endloop
  endfacet
  facet normal 0.12106975607682366 0.9926440017264488 0
    outer loop
      vertex 31.63309138655663 23.77420444726944 0.6
      vertex 31.63309138655663 23.77420444726944 0
      vertex 31.57023793101311 23.781870491206647 0
    endloop
  endfacet
  facet normal 0.09388254869001263 0.9955832798171469 0
    outer loop
      vertex 31.701194968223575 23.767782344818116 0.6
      vertex 31.701194968223575 23.767782344818116 0
      vertex 31.63309138655663 23.77420444726944 0
    endloop
  endfacet
  facet normal -1 0 0
    outer loop
      vertex 28.08955750256777 25.619759998619557 0.6
      vertex 28.08955750256777 25.619759998619557 0
      vertex 28.08955750256777 23.367015003561974 0
    endloop
  endfacet
  facet normal 0 1 0
    outer loop
      vertex 29.18983249753714 25.619759998619557 0.6
      vertex 29.18983249753714 25.619759998619557 0
      vertex 28.08955750256777 25.619759998619557 0
    endloop
  endfacet
  facet normal -0.9931105799690139 -0.1171809538858966 0
    outer loop
      vertex 29.93368916600943 24.34290308445692 0.6
      vertex 29.93368916600943 24.34290308445692 0
      vertex 29.94881416499615 24.214718460440636 0
    endloop
  endfacet
  facet normal -0.9993090341464663 -0.037167919947940935 0
    outer loop
      vertex 29.928647499680523 24.478454999029637 0.6
      vertex 29.928647499680523 24.478454999029637 0
      vertex 29.93368916600943 24.34290308445692 0
    endloop
  endfacet
  facet normal -0.9994773389194582 0.032327217425547776 0
    outer loop
      vertex 29.932699170112613 24.603722594082356 0.6
      vertex 29.932699170112613 24.603722594082356 0
      vertex 29.928647499680523 24.478454999029637 0
    endloop
  endfacet
  facet normal -0.9948124082093937 0.10172645905872754 0
    outer loop
      vertex 29.944854166507724 24.72258981257677 0.6
      vertex 29.944854166507724 24.72258981257677 0
      vertex 29.932699170112613 24.603722594082356 0
    endloop
  endfacet
  facet normal -0.9841615058929165 0.17727416709319727 0
    outer loop
      vertex 29.965112496316436 24.835056669414044 0.6
      vertex 29.965112496316436 24.835056669414044 0
      vertex 29.944854166507724 24.72258981257677 0
    endloop
  endfacet
  facet normal -0.9660594878934461 0.25831969698621987 0
    outer loop
      vertex 29.99347416698933 24.941123149693013 0.6
      vertex 29.99347416698933 24.941123149693013 0
      vertex 29.965112496316436 24.835056669414044 0
    endloop
  endfacet
  facet normal -0.9391174242608471 0.3435963670495833 0
    outer loop
      vertex 30.029939163625244 25.04078926086426 0.6
      vertex 30.029939163625244 25.04078926086426 0
      vertex 29.99347416698933 24.941123149693013 0
    endloop
  endfacet
  facet normal -0.9022735637668805 0.4311640246210404 0
    outer loop
      vertex 30.07450750112534 25.13405500292778 0.6
      vertex 30.07450750112534 25.13405500292778 0
      vertex 30.029939163625244 25.04078926086426 0
    endloop
  endfacet
  facet normal -0.855084421181195 0.5184887970373329 0
    outer loop
      vertex 30.127179164588455 25.220920368433 0.6
      vertex 30.127179164588455 25.220920368433 0
      vertex 30.07450750112534 25.13405500292778 0
    endloop
  endfacet
  facet normal -0.7979664133926188 0.6027019189427891 0
    outer loop
      vertex 30.187954168915752 25.301385372281075 0.6
      vertex 30.187954168915752 25.301385372281075 0
      vertex 30.127179164588455 25.220920368433 0
    endloop
  endfacet
  facet normal -0.7322804003656317 0.6810032417252875 0
    outer loop
      vertex 30.25683249920607 25.375449999570847 0.6
      vertex 30.25683249920607 25.375449999570847 0
      vertex 30.187954168915752 25.301385372281075 0
    endloop
  endfacet
  facet normal -0.6603116046591453 0.7509917341439016 0
    outer loop
      vertex 30.332951139807705 25.44237752944231 0.6
      vertex 30.332951139807705 25.44237752944231 0
      vertex 30.25683249920607 25.375449999570847 0
    endloop
  endfacet
  facet normal 0.9937863378477875 0.11130460326097517 0
    outer loop
      vertex 31.03035249948502 24.25717777699232 0.6
      vertex 31.03035249948502 24.25717777699232 0
      vertex 31.025402497649196 24.301374010145665 0
    endloop
  endfacet
  facet normal 0.9979582319851673 0.06386992416653638 0
    outer loop
      vertex 31.025402497649196 24.301374010145665 0.6
      vertex 31.025402497649196 24.301374010145665 0
      vertex 31.022432502508167 24.34777975022793 0
    endloop
  endfacet
  facet normal 0.9997927171897609 0.020359829427445623 0
    outer loop
      vertex 31.022432502508167 24.34777975022793 0.6
      vertex 31.022432502508167 24.34777975022793 0
      vertex 31.02144249916077 24.396394997239113 0
    endloop
  endfacet
  facet normal 0.9996527900672808 -0.026349559971681702 0
    outer loop
      vertex 31.02144249916077 24.396394997239113 0.6
      vertex 31.02144249916077 24.396394997239113 0
      vertex 31.023076880872253 24.458400368094445 0
    endloop
  endfacet
  facet normal 0.9964901254468373 -0.08371039294464087 0
    outer loop
      vertex 31.023076880872253 24.458400368094445 0.6
      vertex 31.023076880872253 24.458400368094445 0
      vertex 31.027980033457283 24.516767590641976 0
    endloop
  endfacet
  facet normal 0.9890354208612233 -0.1476784895706311 0
    outer loop
      vertex 31.027980033457283 24.516767590641976 0.6
      vertex 31.027980033457283 24.516767590641976 0
      vertex 31.036151942014698 24.571496664881707 0
    endloop
  endfacet
  facet normal 0.9758333159134461 -0.21851622263202483 0
    outer loop
      vertex 31.036151942014698 24.571496664881707 0.6
      vertex 31.036151942014698 24.571496664881707 0
      vertex 31.04759262144566 24.622587590813637 0
    endloop
  endfacet
  facet normal 0.9551625532238683 -0.2960819091380976 0
    outer loop
      vertex 31.04759262144566 24.622587590813637 0.6
      vertex 31.04759262144566 24.622587590813637 0
      vertex 31.062302064299587 24.670040368437768 0
    endloop
  endfacet
  facet normal 0.9251465124522599 -0.3796102349745338 0
    outer loop
      vertex 31.062302064299587 24.670040368437768 0.6
      vertex 31.062302064299587 24.670040368437768 0
      vertex 31.08028027802706 24.713854997754098 0
    endloop
  endfacet
  facet normal 0.8839964069253278 -0.46749369251692613 0
    outer loop
      vertex 31.08028027802706 24.713854997754098 0.6
      vertex 31.08028027802706 24.713854997754098 0
      vertex 31.1015272551775 24.754031478762627 0
    endloop
  endfacet
  facet normal 0.830401362834018 -0.5571656635179573 0
    outer loop
      vertex 31.1015272551775 24.754031478762627 0.6
      vertex 31.1015272551775 24.754031478762627 0
      vertex 31.126042995750907 24.790569811463357 0
    endloop
  endfacet
  facet normal 0.7640056503622082 -0.6452095521724853 0
    outer loop
      vertex 31.126042995750907 24.790569811463357 0.6
      vertex 31.126042995750907 24.790569811463357 0
      vertex 31.15382749974728 24.823470003306866 0
    endloop
  endfacet
  facet normal 0.6933028239192451 -0.7206463726028186 0
    outer loop
      vertex 31.15382749974728 24.823470003306866 0.6
      vertex 31.15382749974728 24.823470003306866 0
      vertex 31.18433960169554 24.852824381887913 0
    endloop
  endfacet
  facet normal 0.6212034310323352 -0.7836493458643699 0
    outer loop
      vertex 31.18433960169554 24.852824381887913 0.6
      vertex 31.18433960169554 24.852824381887913 0
      vertex 31.217013675868515 24.878725312054158 0
    endloop
  endfacet
  facet normal 0.5416599079365697 -0.8405977302694475 0
    outer loop
      vertex 31.217013675868515 24.878725312054158 0.6
      vertex 31.217013675868515 24.878725312054158 0
      vertex 31.2518497222662 24.90117277890444 0
    endloop
  endfacet
  facet normal 0.4567100135388322 -0.8896156268486742 0
    outer loop
      vertex 31.2518497222662 24.90117277890444 0.6
      vertex 31.2518497222662 24.90117277890444 0
      vertex 31.28884774833918 24.920166789889336 0
    endloop
  endfacet
  facet normal 0.3688634275503072 -0.9294836049204093 0
    outer loop
      vertex 31.28884774833918 24.920166789889336 0.6
      vertex 31.28884774833918 24.920166789889336 0
      vertex 31.32800774663687 24.93570734500885 0
    endloop
  endfacet
  facet normal 0.2807460334892119 -0.9597820922897417 0
    outer loop
      vertex 31.32800774663687 24.93570734500885 0.6
      vertex 31.32800774663687 24.93570734500885 0
      vertex 31.369329724609855 24.947794444262982 0
    endloop
  endfacet
  facet normal 0.19474634872547794 -0.9808536382448172 0
    outer loop
      vertex 31.369329724609855 24.947794444262982 0.6
      vertex 31.369329724609855 24.947794444262982 0
      vertex 31.412813674807552 24.95642808765173 0
    endloop
  endfacet
  facet normal 0.11276249573957454 -0.9936219701448747 0
    outer loop
      vertex 31.412813674807552 24.95642808765173 0.6
      vertex 31.412813674807552 24.95642808765173 0
      vertex 31.45845959722996 24.961608275175095 0
    endloop
  endfacet
  facet normal 0.03609443146547593 -0.9993483837066952 0
    outer loop
      vertex 31.45845959722996 24.961608275175095 0.6
      vertex 31.45845959722996 24.961608275175095 0
      vertex 31.506267499327663 24.963334999382496 0
    endloop
  endfacet
  facet normal -0.0305793004564081 -0.9995323438406567 0
    outer loop
      vertex 31.506267499327663 24.963334999382496 0.6
      vertex 31.506267499327663 24.963334999382496 0
      vertex 31.560444537699226 24.961677528321744 0
    endloop
  endfacet
  facet normal -0.09320347681567208 -0.9956470820072092 0
    outer loop
      vertex 31.560444537699226 24.961677528321744 0.6
      vertex 31.560444537699226 24.961677528321744 0
      vertex 31.613562312126163 24.956705122590066 0
    endloop
  endfacet
  facet normal -0.22183092504293908 -0.9750851453563395 0
    outer loop
      vertex 31.665620830059055 24.948417774736882 0.6
      vertex 31.665620830059055 24.948417774736882 0
      vertex 31.7166200914979 24.936815492212773 0
    endloop
  endfacet
  facet normal -0.2862073764307602 -0.9581676980970613 0
    outer loop
      vertex 31.7166200914979 24.936815492212773 0.6
      vertex 31.7166200914979 24.936815492212773 0
      vertex 31.766560088992122 24.92189827501774 0
    endloop
  endfacet
  facet normal -0.1572133103810878 -0.9875646687883379 0
    outer loop
      vertex 31.613562312126163 24.956705122590066 0.6
      vertex 31.613562312126163 24.956705122590066 0
      vertex 31.665620830059055 24.948417774736882 0
    endloop
  endfacet
  facet normal -0.582187637451433 0.8130544599217931 0
    outer loop
      vertex 30.415422622263435 25.50143123358488 0.6
      vertex 30.415422622263435 25.50143123358488 0
      vertex 30.332951139807705 25.44237752944231 0
    endloop
  endfacet
  facet normal -0.49924721371764774 0.866459589129906 0
    outer loop
      vertex 30.50424694657326 25.55261111199856 0.6
      vertex 30.50424694657326 25.55261111199856 0
      vertex 30.415422622263435 25.50143123358488 0
    endloop
  endfacet
  facet normal -0.41414927293338905 0.9102089758559543 0
    outer loop
      vertex 30.5994241052866 25.595917157232762 0.6
      vertex 30.5994241052866 25.595917157232762 0
      vertex 30.50424694657326 25.55261111199856 0
    endloop
  endfacet
  facet normal -0.32949472701727467 0.9441574153009717 0
    outer loop
      vertex 30.700954105854038 25.631349384188653 0.6
      vertex 30.700954105854038 25.631349384188653 0
      vertex 30.5994241052866 25.595917157232762 0
    endloop
  endfacet
  facet normal -0.24749993418642396 0.9688879102237348 0
    outer loop
      vertex 30.80883694082499 25.65890777796507 0.6
      vertex 30.80883694082499 25.65890777796507 0
      vertex 30.700954105854038 25.631349384188653 0
    endloop
  endfacet
  facet normal -0.16981275434580848 0.9854763459675175 0
    outer loop
      vertex 30.923072625100616 25.678592346012593 0.6
      vertex 30.923072625100616 25.678592346012593 0
      vertex 30.80883694082499 25.65890777796507 0
    endloop
  endfacet
  facet normal -0.09747609569182757 0.9952378664262518 0
    outer loop
      vertex 31.043661143779758 25.690403088331223 0.6
      vertex 31.043661143779758 25.690403088331223 0
      vertex 30.923072625100616 25.678592346012593 0
    endloop
  endfacet
  facet normal -0.03099870186163862 0.9995194247651684 0
    outer loop
      vertex 31.170602496862415 25.69433999747038 0.6
      vertex 31.170602496862415 25.69433999747038 0
      vertex 31.043661143779758 25.690403088331223 0
    endloop
  endfacet
  facet normal 0.05108378066234311 0.9986943713435265 0
    outer loop
      vertex 31.362343367338184 25.684532343745232 0.6
      vertex 31.362343367338184 25.684532343745232 0
      vertex 31.170602496862415 25.69433999747038 0
    endloop
  endfacet
  facet normal 0.27770604058444043 0.960666099653211 0
    outer loop
      vertex 31.71267027795315 25.606071113944054 0.6
      vertex 31.71267027795315 25.606071113944054 0
      vertex 31.543032620251182 25.65510938256979 0
    endloop
  endfacet
  facet normal 0.16072046995936368 0.9869999648105573 0
    outer loop
      vertex 31.543032620251182 25.65510938256979 0.6
      vertex 31.543032620251182 25.65510938256979 0
      vertex 31.362343367338184 25.684532343745232 0
    endloop
  endfacet
  facet normal 0.028074600941904178 -0.9996058307062603 0
    outer loop
      vertex 31.84567249953747 21.509664996862412 0.6
      vertex 31.84567249953747 21.509664996862412 0
      vertex 32.01125713080168 21.514315552413464 0
    endloop
  endfacet
  facet normal 0.08855604046532224 -0.9960711960985038 0
    outer loop
      vertex 32.01125713080168 21.514315552413464 0.6
      vertex 32.01125713080168 21.514315552413464 0
      vertex 32.16818435132504 21.52826721906662 0
    endloop
  endfacet
  facet normal 0.15493373986975642 -0.987924863666246 0
    outer loop
      vertex 32.16818435132504 21.52826721906662 0.6
      vertex 32.16818435132504 21.52826721906662 0
      vertex 32.316454168558124 21.55151999682188 0
    endloop
  endfacet
  facet normal 0.22708182952833011 -0.9738756813362096 0
    outer loop
      vertex 32.316454168558124 21.55151999682188 0.6
      vertex 32.316454168558124 21.55151999682188 0
      vertex 32.45606657505036 21.584073885679246 0
    endloop
  endfacet
  facet normal 0.3044418540572051 -0.9525309220693108 0
    outer loop
      vertex 32.45606657505036 21.584073885679246 0.6
      vertex 32.45606657505036 21.584073885679246 0
      vertex 32.58702157080174 21.625928885638714 0
    endloop
  endfacet
  facet normal 0.38589268825227574 -0.9225436754720244 0
    outer loop
      vertex 32.58702157080174 21.625928885638714 0.6
      vertex 32.58702157080174 21.625928885638714 0
      vertex 32.70931916326285 21.677084996700287 0
    endloop
  endfacet
  facet normal 0.46967542171208726 -0.882839168954104 0
    outer loop
      vertex 32.70931916326285 21.677084996700287 0.6
      vertex 32.70931916326285 21.677084996700287 0
      vertex 32.822959352433685 21.737542218863965 0
    endloop
  endfacet
  facet normal 0.5534352614911972 -0.8328921967086559 0
    outer loop
      vertex 32.822959352433685 21.737542218863965 0.6
      vertex 32.822959352433685 21.737542218863965 0
      vertex 32.92794213086367 21.807300552129746 0
    endloop
  endfacet
  facet normal 0.6344280869088595 -0.7729818901767134 0
    outer loop
      vertex 32.92794213086367 21.807300552129746 0.6
      vertex 32.92794213086367 21.807300552129746 0
      vertex 33.0242674985528 21.88635999649763 0
    endloop
  endfacet
  facet normal 0 -1 0
    outer loop
      vertex 34.48655250310898 20.08488999992609 0.6
      vertex 34.48655250310898 20.08488999992609 0
      vertex 35.53463250041008 20.08488999992609 0
    endloop
  endfacet
  facet normal -0.5230434620332425 -0.8523060112566848 0
    outer loop
      vertex 37.17088725060225 21.846972531974316 0.6
      vertex 37.17088725060225 21.846972531974316 0
      vertex 37.31671194374562 21.757482781410218 0
    endloop
  endfacet
  facet normal -0.43573641180771977 -0.9000743188342468 0
    outer loop
      vertex 37.31671194374562 21.757482781410218 0.6
      vertex 37.31671194374562 21.757482781410218 0
      vertex 37.47312651216984 21.681760675609112 0
    endloop
  endfacet
  facet normal -0.3478126328479013 -0.937564063107909 0
    outer loop
      vertex 37.47312651216984 21.681760675609112 0.6
      vertex 37.47312651216984 21.681760675609112 0
      vertex 37.64013095587492 21.61980623692274 0
    endloop
  endfacet
  facet normal -0.10333802668814535 -0.9946462950417098 0
    outer loop
      vertex 38.00590947657824 21.53720030874014 0.6
      vertex 38.00590947657824 21.53720030874014 0
      vertex 38.20468354612589 21.51654882669449 0
    endloop
  endfacet
  facet normal -0.2618626711478076 -0.965105145286945 0
    outer loop
      vertex 37.64013095587492 21.61980623692274 0.6
      vertex 37.64013095587492 21.61980623692274 0
      vertex 37.81772527486086 21.571619442999364 0
    endloop
  endfacet
  facet normal -0.17991668499390115 -0.9836818522575301 0
    outer loop
      vertex 37.81772527486086 21.571619442999364 0.6
      vertex 37.81772527486086 21.571619442999364 0
      vertex 38.00590947657824 21.53720030874014 0
    endloop
  endfacet
  facet normal -0.03286196978062275 -0.9994598996168568 0
    outer loop
      vertex 38.20468354612589 21.51654882669449 0.6
      vertex 38.20468354612589 21.51654882669449 0
      vertex 38.41404749840498 21.509664996862412 0
    endloop
  endfacet
  facet normal 0.03109625920700947 -0.9995163943944745 0
    outer loop
      vertex 38.41404749840498 21.509664996862412 0.6
      vertex 38.41404749840498 21.509664996862412 0
      vertex 38.62791330009699 21.516318641006947 0
    endloop
  endfacet
  facet normal 0.09819005823385914 -0.9951676805765104 0
    outer loop
      vertex 38.62791330009699 21.516318641006947 0.6
      vertex 38.62791330009699 21.516318641006947 0
      vertex 38.83021960049868 21.53627956598997 0
    endloop
  endfacet
  facet normal 0.17181667599814782 -0.9851289407224556 0
    outer loop
      vertex 38.83021960049868 21.53627956598997 0.6
      vertex 38.83021960049868 21.53627956598997 0
      vertex 39.020966392159465 21.569547779262066 0
    endloop
  endfacet
  facet normal 0.25156707160690195 -0.9678398671697338 0
    outer loop
      vertex 39.020966392159465 21.569547779262066 0.6
      vertex 39.020966392159465 21.569547779262066 0
      vertex 39.20015367507935 21.61612327337265 0
    endloop
  endfacet
  facet normal 0.336414682684473 -0.9417139487521173 0
    outer loop
      vertex 39.20015367507935 21.61612327337265 0.6
      vertex 39.20015367507935 21.61612327337265 0
      vertex 39.36778144925833 21.676006048321725 0
    endloop
  endfacet
  facet normal 0.42459110995077315 -0.9053852159996707 0
    outer loop
      vertex 39.36778144925833 21.676006048321725 0.6
      vertex 39.36778144925833 21.676006048321725 0
      vertex 39.52384972214699 21.74919611155987 0
    endloop
  endfacet
  facet normal 0.5135877353375712 -0.8580370843447415 0
    outer loop
      vertex 39.52384972214699 21.74919611155987 0.6
      vertex 39.52384972214699 21.74919611155987 0
      vertex 39.66835848629475 21.835693455636502 0
    endloop
  endfacet
  facet normal 0.026050439921231364 0.9996606297038563 0
    outer loop
      vertex 31.800957497358326 22.188419997096062 0.6
      vertex 31.800957497358326 22.188419997096062 0
      vertex 31.738213364183906 22.19005506426096 0
    endloop
  endfacet
  facet normal -0.03514007955762942 0.9993823966874159 0
    outer loop
      vertex 31.86841126173735 22.190791792571545 0.6
      vertex 31.86841126173735 22.190791792571545 0
      vertex 31.800957497358326 22.188419997096062 0
    endloop
  endfacet
  facet normal -0.1120081294664251 0.9937072903694693 0
    outer loop
      vertex 31.931537006199363 22.197907164096833 0.6
      vertex 31.931537006199363 22.197907164096833 0
      vertex 31.86841126173735 22.190791792571545 0
    endloop
  endfacet
  facet normal -0.19770937711946857 0.9802606807370331 0
    outer loop
      vertex 31.990334723293785 22.209766111671925 0.6
      vertex 31.990334723293785 22.209766111671925 0
      vertex 31.931537006199363 22.197907164096833 0
    endloop
  endfacet
  facet normal -0.2915601776243667 0.9565524882742441 0
    outer loop
      vertex 32.044804413020614 22.226368642747403 0.6
      vertex 32.044804413020614 22.226368642747403 0
      vertex 31.990334723293785 22.209766111671925 0
    endloop
  endfacet
  facet normal -0.3916985051662228 0.9200936262416703 0
    outer loop
      vertex 32.09494608283043 22.247714749872685 0.6
      vertex 32.09494608283043 22.247714749872685 0
      vertex 32.044804413020614 22.226368642747403 0
    endloop
  endfacet
  facet normal -0.4948582971574438 0.868973685294575 0
    outer loop
      vertex 32.14075972527266 22.273804447948933 0.6
      vertex 32.14075972527266 22.273804447948933 0
      vertex 32.09494608283043 22.247714749872685 0
    endloop
  endfacet
  facet normal -0.5965157391568197 0.8026013786047175 0
    outer loop
      vertex 32.18224534034729 22.304637714624405 0.6
      vertex 32.18224534034729 22.304637714624405 0
      vertex 32.14075972527266 22.273804447948933 0
    endloop
  endfacet
  facet normal -0.6915758528095168 0.7223038417527555 0
    outer loop
      vertex 32.21940293550492 22.340214564800263 0.6
      vertex 32.21940293550492 22.340214564800263 0
      vertex 32.18224534034729 22.304637714624405 0
    endloop
  endfacet
  facet normal -0.7754620884989636 0.6313941315064827 0
    outer loop
      vertex 32.25223250329495 22.380534998476506 0.6
      vertex 32.25223250329495 22.380534998476506 0
      vertex 32.21940293550492 22.340214564800263 0
    endloop
  endfacet
  facet normal -0.8419282500147671 0.5395894938071641 0
    outer loop
      vertex 32.28119441509247 22.425724632441998 0.6
      vertex 32.28119441509247 22.425724632441998 0
      vertex 32.25223250329495 22.380534998476506 0
    endloop
  endfacet
  facet normal -0.8912080481382735 0.45359476951742794 0
    outer loop
      vertex 32.30674904227257 22.475933521389962 0.6
      vertex 32.30674904227257 22.475933521389962 0
      vertex 32.28119441509247 22.425724632441998 0
    endloop
  endfacet
  facet normal -0.9281512744021305 0.3722031862111085 0
    outer loop
      vertex 32.32889639228583 22.531161665320397 0.6
      vertex 32.32889639228583 22.531161665320397 0
      vertex 32.30674904227257 22.475933521389962 0
    endloop
  endfacet
  facet normal -0.9548728677618503 0.29701482523985206 0
    outer loop
      vertex 32.34763645023108 22.591409071683884 0.6
      vertex 32.34763645023108 22.591409071683884 0
      vertex 32.32889639228583 22.531161665320397 0
    endloop
  endfacet
  facet normal -0.9734971942228449 0.22869895679746505 0
    outer loop
      vertex 32.36296923100949 22.656675740480424 0.6
      vertex 32.36296923100949 22.656675740480424 0
      vertex 32.34763645023108 22.591409071683884 0
    endloop
  endfacet
  facet normal -0.9859093760651665 0.16728031021848971 0
    outer loop
      vertex 32.37489471971989 22.726961664259434 0.6
      vertex 32.37489471971989 22.726961664259434 0
      vertex 32.36296923100949 22.656675740480424 0
    endloop
  endfacet
  facet normal -0.9936631466913511 0.1123990698691161 0
    outer loop
      vertex 32.38341293126345 22.802266850471497 0.6
      vertex 32.38341293126345 22.802266850471497 0
      vertex 32.37489471971989 22.726961664259434 0
    endloop
  endfacet
  facet normal -0.9979818308109496 0.06350012103315453 0
    outer loop
      vertex 32.388523858189586 22.882591299116612 0.6
      vertex 32.388523858189586 22.882591299116612 0
      vertex 32.38341293126345 22.802266850471497 0
    endloop
  endfacet
  facet normal -0.999800816162743 0.019958156235313298 0
    outer loop
      vertex 32.3902275004983 22.9679350027442 0.6
      vertex 32.3902275004983 22.9679350027442 0
      vertex 32.388523858189586 22.882591299116612 0
    endloop
  endfacet
  facet normal 0.7100911222768268 -0.7041097911999494 0
    outer loop
      vertex 33.0242674985528 21.88635999649763 0.6
      vertex 33.0242674985528 21.88635999649763 0
      vertex 33.111153241395954 21.973983823657036 0
    endloop
  endfacet
  facet normal 0.7796612434968939 -0.6262015213881847 0
    outer loop
      vertex 33.111153241395954 21.973983823657036 0.6
      vertex 33.111153241395954 21.973983823657036 0
      vertex 33.18781713038683 22.069435305297375 0
    endloop
  endfacet
  facet normal 0.8409995072330123 -0.54103588497791 0
    outer loop
      vertex 33.18781713038683 22.069435305297375 0.6
      vertex 33.18781713038683 22.069435305297375 0
      vertex 33.25425916552544 22.17271444141865 0
    endloop
  endfacet
  facet normal 0.8922749815180643 -0.4514923668866817 0
    outer loop
      vertex 33.25425916552544 22.17271444141865 0.6
      vertex 33.25425916552544 22.17271444141865 0
      vertex 33.310479354262355 22.283821232020856 0
    endloop
  endfacet
  facet normal 0.932675801943861 -0.3607157446915449 0
    outer loop
      vertex 33.310479354262355 22.283821232020856 0.6
      vertex 33.310479354262355 22.283821232020856 0
      vertex 33.35647768169642 22.402755677103997 0
    endloop
  endfacet
  facet normal 0.9624038893887206 -0.27162244695434024 0
    outer loop
      vertex 33.35647768169642 22.402755677103997 0.6
      vertex 33.35647768169642 22.402755677103997 0
      vertex 33.39225417017937 22.529517776668072 0
    endloop
  endfacet
  facet normal 0.9824477705158942 -0.18653787338862077 0
    outer loop
      vertex 33.39225417017937 22.529517776668072 0.6
      vertex 33.39225417017937 22.529517776668072 0
      vertex 33.41780879735947 22.664107530713082 0
    endloop
  endfacet
  facet normal 0.9942544738518421 -0.10704224038012576 0
    outer loop
      vertex 33.41780879735947 22.664107530713082 0.6
      vertex 33.41780879735947 22.664107530713082 0
      vertex 33.4331415706873 22.806524939239026 0
    endloop
  endfacet
  facet normal 0.999421914320408 -0.03399760544702054 0
    outer loop
      vertex 33.4331415706873 22.806524939239026 0.6
      vertex 33.4331415706873 22.806524939239026 0
      vertex 33.43825249761343 22.956770002245904 0
    endloop
  endfacet
  facet normal -0.01714937427725105 -0.9998529386674317 0
    outer loop
      vertex 31.521227497756485 23.187990001738072 0.6
      vertex 31.521227497756485 23.187990001738072 0
      vertex 32.3902275004983 23.173085003495217 0
    endloop
  endfacet
  facet normal -1 0 0
    outer loop
      vertex 32.3902275004983 23.173085003495217 0.6
      vertex 32.3902275004983 23.173085003495217 0
      vertex 32.3902275004983 22.9679350027442 0
    endloop
  endfacet
  facet normal 0.07041624050392001 0.9975176956191275 0
    outer loop
      vertex 31.77454867601395 23.762604198753834 0.6
      vertex 31.77454867601395 23.762604198753834 0
      vertex 31.701194968223575 23.767782344818116 0
    endloop
  endfacet
  facet normal 0.049988388193282024 0.9987497990216757 0
    outer loop
      vertex 31.853152502477172 23.758670001626015 0.6
      vertex 31.853152502477172 23.758670001626015 0
      vertex 31.77454867601395 23.762604198753834 0
    endloop
  endfacet
  facet normal 0.01392594633188192 0.9999030293077232 0
    outer loop
      vertex 32.3902275004983 23.751189998686314 0.6
      vertex 32.3902275004983 23.751189998686314 0
      vertex 31.853152502477172 23.758670001626015 0
    endloop
  endfacet
  facet normal -1 0 0
    outer loop
      vertex 32.3902275004983 23.956339999437333 0.6
      vertex 32.3902275004983 23.956339999437333 0
      vertex 32.3902275004983 23.751189998686314 0
    endloop
  endfacet
  facet normal -0.9997024278083381 -0.02439376629621835 0
    outer loop
      vertex 32.38880021512509 24.014832838773728 0.6
      vertex 32.38880021512509 24.014832838773728 0
      vertex 32.3902275004983 23.956339999437333 0
    endloop
  endfacet
  facet normal -0.9972675664601058 -0.07387422342561992 0
    outer loop
      vertex 32.384518366456035 24.07263579905033 0.6
      vertex 32.384518366456035 24.07263579905033 0
      vertex 32.38880021512509 24.014832838773728 0
    endloop
  endfacet
  facet normal -0.9922836847861107 -0.12398826116733101 0
    outer loop
      vertex 32.37738194704056 24.129748887717724 0.6
      vertex 32.37738194704056 24.129748887717724 0
      vertex 32.384518366456035 24.07263579905033 0
    endloop
  endfacet
  facet normal -0.9846819830979985 -0.1743599499948114 0
    outer loop
      vertex 32.367390956878666 24.186172097325326 0.6
      vertex 32.367390956878666 24.186172097325326 0
      vertex 32.37738194704056 24.129748887717724 0
    endloop
  endfacet
  facet normal -0.9744523991335768 -0.22459412686625652 0
    outer loop
      vertex 32.35454540342093 24.241905435323716 0.6
      vertex 32.35454540342093 24.241905435323716 0
      vertex 32.367390956878666 24.186172097325326 0
    endloop
  endfacet
  facet normal 1 0 0
    outer loop
      vertex 33.43825249761343 22.956770002245904 0.6
      vertex 33.43825249761343 22.956770002245904 0
      vertex 33.43825249761343 24.42626000136137 0
    endloop
  endfacet
  facet normal 1 0 0
    outer loop
      vertex 35.53463250041008 20.08488999992609 0.6
      vertex 35.53463250041008 20.08488999992609 0
      vertex 35.53463250041008 25.619759998619557 0
    endloop
  endfacet
  facet normal -0.9684544817187223 -0.24919052317237306 0
    outer loop
      vertex 36.43360750019551 22.99553278028965 0.6
      vertex 36.43360750019551 22.99553278028965 0
      vertex 36.480021391212944 22.815149753689766 0
    endloop
  endfacet
  facet normal -1 0 0
    outer loop
      vertex 34.48655250310898 25.619759998619557 0.6
      vertex 34.48655250310898 25.619759998619557 0
      vertex 34.48655250310898 20.08488999992609 0
    endloop
  endfacet
  facet normal -0.9852151758515536 -0.17132150265448978 0
    outer loop
      vertex 36.4004547187686 23.186183824539185 0.6
      vertex 36.4004547187686 23.186183824539185 0
      vertex 36.43360750019551 22.99553278028965 0
    endloop
  endfacet
  facet normal -0.9951349024873434 -0.0985217024391361 0
    outer loop
      vertex 36.380563054382804 23.38710290133953 0.6
      vertex 36.380563054382804 23.38710290133953 0
      vertex 36.4004547187686 23.186183824539185 0
    endloop
  endfacet
  facet normal -0.9995074911630798 -0.031381126635067105 0
    outer loop
      vertex 36.37393249958754 23.59829000324011 0.6
      vertex 36.37393249958754 23.59829000324011 0
      vertex 36.380563054382804 23.38710290133953 0
    endloop
  endfacet
  facet normal -0.9995111824563345 0.031263335470485626 0
    outer loop
      vertex 36.380563054382804 23.81027357965708 0.6
      vertex 36.380563054382804 23.81027357965708 0
      vertex 36.37393249958754 23.59829000324011 0
    endloop
  endfacet
  facet normal -0.9951708394707153 0.09815803720099445 0
    outer loop
      vertex 36.4004547187686 24.011944323182107 0.6
      vertex 36.4004547187686 24.011944323182107 0
      vertex 36.380563054382804 23.81027357965708 0
    endloop
  endfacet
  facet normal -0.985321811957839 0.17070713775387633 0
    outer loop
      vertex 36.43360750019551 24.203302218914033 0.6
      vertex 36.43360750019551 24.203302218914033 0
      vertex 36.4004547187686 24.011944323182107 0
    endloop
  endfacet
  facet normal -0.9463768165076886 -0.3230648869449801 0
    outer loop
      vertex 32.32029058426619 24.35130246669054 0.6
      vertex 32.32029058426619 24.35130246669054 0
      vertex 32.33884527921677 24.296948886811734 0
    endloop
  endfacet
  facet normal -0.928811878714244 -0.3705516076868598 0
    outer loop
      vertex 32.29888132601977 24.404966174960137 0.6
      vertex 32.29888132601977 24.404966174960137 0
      vertex 32.32029058426619 24.35130246669054 0
    endloop
  endfacet
  facet normal -0.9091677602781802 -0.4164300465513476 0
    outer loop
      vertex 32.274617497026924 24.45793999671936 0.6
      vertex 32.274617497026924 24.45793999671936 0
      vertex 32.29888132601977 24.404966174960137 0
    endloop
  endfacet
  facet normal -0.8867599922351174 -0.46223015497820397 0
    outer loop
      vertex 32.247844044268135 24.509303211569787 0.6
      vertex 32.247844044268135 24.509303211569787 0
      vertex 32.274617497026924 24.45793999671936 0
    endloop
  endfacet
  facet normal -0.860285668091714 -0.5098122882748054 0
    outer loop
      vertex 32.218905892372135 24.558135061860085 0.6
      vertex 32.218905892372135 24.558135061860085 0
      vertex 32.247844044268135 24.509303211569787 0
    endloop
  endfacet
  facet normal -0.4694439235737651 -0.8829622883338047 0
    outer loop
      vertex 31.863262314498428 24.882119014263154 0.6
      vertex 31.863262314498428 24.882119014263154 0
      vertex 31.910024535059932 24.857256978154183 0
    endloop
  endfacet
  facet normal -0.6258588956732158 -0.7799363068268478 0
    outer loop
      vertex 31.999818485379222 24.797967656850815 0.6
      vertex 31.999818485379222 24.797967656850815 0
      vertex 32.041744787395004 24.764323949217797 0
    endloop
  endfacet
  facet normal -0.5248007709916511 -0.8512250881914657 0
    outer loop
      vertex 31.910024535059932 24.857256978154183 0.6
      vertex 31.910024535059932 24.857256978154183 0
      vertex 31.95572749912739 24.829079999923707 0
    endloop
  endfacet
  facet normal -0.5765507729782876 -0.8170613233889725 0
    outer loop
      vertex 31.95572749912739 24.829079999923707 0.6
      vertex 31.95572749912739 24.829079999923707 0
      vertex 31.999818485379222 24.797967656850815 0
    endloop
  endfacet
  facet normal -0.7961359767658562 -0.6051177625050151 0
    outer loop
      vertex 32.154535520970825 24.648204691112042 0.6
      vertex 32.154535520970825 24.648204691112042 0
      vertex 32.187803056240085 24.604435555040837 0
    endloop
  endfacet
  facet normal -0.7173128432916904 -0.6967512359865542 0
    outer loop
      vertex 32.081506390273574 24.728148891925812 0.6
      vertex 32.081506390273574 24.728148891925812 0
      vertex 32.119103301465515 24.6894424700737 0
    endloop
  endfacet
  facet normal -0.7584785474764912 -0.6516980075295244 0
    outer loop
      vertex 32.119103301465515 24.6894424700737 0.6
      vertex 32.119103301465515 24.6894424700737 0
      vertex 32.154535520970825 24.648204691112042 0
    endloop
  endfacet
  facet normal -0.8300936472382949 -0.5576240102565754 0
    outer loop
      vertex 32.187803056240085 24.604435555040837 0.6
      vertex 32.187803056240085 24.604435555040837 0
      vertex 32.218905892372135 24.558135061860085 0
    endloop
  endfacet
  facet normal -0.6729594140166311 -0.7396794083157869 0
    outer loop
      vertex 32.041744787395004 24.764323949217797 0.6
      vertex 32.041744787395004 24.764323949217797 0
      vertex 32.081506390273574 24.728148891925812 0
    endloop
  endfacet
  facet normal -0.9616464983290969 -0.27429183774109345 0
    outer loop
      vertex 32.33884527921677 24.296948886811734 0.6
      vertex 32.33884527921677 24.296948886811734 0
      vertex 32.35454540342093 24.241905435323716 0
    endloop
  endfacet
  facet normal -0.3494741576131599 -0.9369460033324079 0
    outer loop
      vertex 31.766560088992122 24.92189827501774 0.6
      vertex 31.766560088992122 24.92189827501774 0
      vertex 31.815440829992298 24.90366610825062 0
    endloop
  endfacet
  facet normal -0.41079945908194504 -0.9117257287243689 0
    outer loop
      vertex 31.815440829992298 24.90366610825062 0.6
      vertex 31.815440829992298 24.90366610825062 0
      vertex 31.863262314498428 24.882119014263154 0
    endloop
  endfacet
  facet normal 0.7128651252677706 0.7013011572619611 0
    outer loop
      vertex 32.28070484489203 25.213764935135842 0.6
      vertex 32.28070484489203 25.213764935135842 0
      vertex 32.15527361273766 25.341264441013337 0
    endloop
  endfacet
  facet normal 0.6201207460586928 0.7845063800298951 0
    outer loop
      vertex 32.15527361273766 25.341264441013337 0.6
      vertex 32.15527361273766 25.341264441013337 0
      vertex 32.0187907704711 25.449148639440537 0
    endloop
  endfacet
  facet normal 0.8500046146812212 0.5267752414651133 0
    outer loop
      vertex 32.49841250121594 24.89992000102997 0.6
      vertex 32.49841250121594 24.89992000102997 0
      vertex 32.39508447438479 25.066650121808053 0
    endloop
  endfacet
  facet normal 0 1 0
    outer loop
      vertex 32.52074250221253 24.89992000102997 0.6
      vertex 32.52074250221253 24.89992000102997 0
      vertex 32.49841250121594 24.89992000102997 0
    endloop
  endfacet
  facet normal -0.9923063565235423 0.12380668319187203 0
    outer loop
      vertex 32.53090528041125 24.981374322772027 0.6
      vertex 32.53090528041125 24.981374322772027 0
      vertex 32.52074250221253 24.89992000102997 0
    endloop
  endfacet
  facet normal 0.7894640380239574 0.6137968170876319 0
    outer loop
      vertex 32.39508447438479 25.066650121808053 0.6
      vertex 32.39508447438479 25.066650121808053 0
      vertex 32.28070484489203 25.213764935135842 0
    endloop
  endfacet
  facet normal -0.9840921747319754 0.17765863793041756 0
    outer loop
      vertex 32.54479582995177 25.058317280709744 0.6
      vertex 32.54479582995177 25.058317280709744 0
      vertex 32.53090528041125 24.981374322772027 0
    endloop
  endfacet
  facet normal -0.9716681075247856 0.23634950564619756 0
    outer loop
      vertex 32.56241416573525 25.130748889744282 0.6
      vertex 32.56241416573525 25.130748889744282 0
      vertex 32.54479582995177 25.058317280709744 0
    endloop
  endfacet
  facet normal -0.953994714097692 0.299823423824195 0
    outer loop
      vertex 32.58376028031111 25.19866913497448 0.6
      vertex 32.58376028031111 25.19866913497448 0
      vertex 32.56241416573525 25.130748889744282 0
    endloop
  endfacet
  facet normal -0.9299343653822634 0.36772554450444006 0
    outer loop
      vertex 32.608834166228775 25.26207802385092 0.6
      vertex 32.608834166228775 25.26207802385092 0
      vertex 32.58376028031111 25.19866913497448 0
    endloop
  endfacet
  facet normal -0.8983403292160212 0.43930018541317584 0
    outer loop
      vertex 32.63763583093882 25.320975556373597 0.6
      vertex 32.63763583093882 25.320975556373597 0
      vertex 32.608834166228775 25.26207802385092 0
    endloop
  endfacet
  facet normal -0.8582039910299173 0.5133087859956436 0
    outer loop
      vertex 32.670165274441246 25.375361725091935 0.6
      vertex 32.670165274441246 25.375361725091935 0
      vertex 32.63763583093882 25.320975556373597 0
    endloop
  endfacet
  facet normal -0.8088546679805251 0.5880086105543989 0
    outer loop
      vertex 32.70642249673605 25.425236544907094 0.6
      vertex 32.70642249673605 25.425236544907094 0
      vertex 32.670165274441246 25.375361725091935 0
    endloop
  endfacet
  facet normal -0.7501788674687994 0.6612349558237447 0
    outer loop
      vertex 32.74640749782324 25.470600000917912 0.6
      vertex 32.74640749782324 25.470600000917912 0
      vertex 32.70642249673605 25.425236544907094 0
    endloop
  endfacet
  facet normal 0.9999160193627715 -0.012959715340611192 0
    outer loop
      vertex 33.43825249761343 24.42626000136137 0.6
      vertex 33.43825249761343 24.42626000136137 0
      vertex 33.43919632971287 24.49908203572035 0
    endloop
  endfacet
  facet normal 0.9991244446873154 -0.041837113048864394 0
    outer loop
      vertex 33.43919632971287 24.49908203572035 0.6
      vertex 33.43919632971287 24.49908203572035 0
      vertex 33.44202781111002 24.566701478660107 0
    endloop
  endfacet
  facet normal 0.9971540109896104 -0.07539150063058826 0
    outer loop
      vertex 33.44202781111002 24.566701478660107 0.6
      vertex 33.44202781111002 24.566701478660107 0
      vertex 33.44674694180489 24.629118330180646 0
    endloop
  endfacet
  facet normal 0.993398751005034 -0.1147123424119596 0
    outer loop
      vertex 33.44674694180489 24.629118330180646 0.6
      vertex 33.44674694180489 24.629118330180646 0
      vertex 33.45335373669863 24.686332590281964 0
    endloop
  endfacet
  facet normal 0.9869246018250045 -0.16118259928589268 0
    outer loop
      vertex 33.45335373669863 24.686332590281964 0.6
      vertex 33.45335373669863 24.686332590281964 0
      vertex 33.46184818089009 24.738344258964062 0
    endloop
  endfacet
  facet normal 0.9762749763340535 -0.21653445588160625 0
    outer loop
      vertex 33.46184818089009 24.738344258964062 0.6
      vertex 33.46184818089009 24.738344258964062 0
      vertex 33.47223027437926 24.78515333622694 0
    endloop
  endfacet
  facet normal 0.959162073218484 -0.2828570616039481 0
    outer loop
      vertex 33.47223027437926 24.78515333622694 0.6
      vertex 33.47223027437926 24.78515333622694 0
      vertex 33.4845000320673 24.82675981462002 0
    endloop
  endfacet
  facet normal 0.9320017325657503 -0.3624538184299342 0
    outer loop
      vertex 33.4845000320673 24.82675981462002 0.6
      vertex 33.4845000320673 24.82675981462002 0
      vertex 33.49865743905306 24.863163701593876 0
    endloop
  endfacet
  facet normal 0.8893030668746073 -0.4573183303208146 0
    outer loop
      vertex 33.49865743905306 24.863163701593876 0.6
      vertex 33.49865743905306 24.863163701593876 0
      vertex 33.51470250278712 24.894364997148514 0
    endloop
  endfacet
  facet normal 0.8282496089239836 -0.5603593358883817 0
    outer loop
      vertex 33.51470250278712 24.894364997148514 0.6
      vertex 33.51470250278712 24.894364997148514 0
      vertex 33.53296929240227 24.92136456757784 0
    endloop
  endfacet
  facet normal 0.7533144513287044 -0.6576605031620287 0
    outer loop
      vertex 33.53296929240227 24.92136456757784 0.6
      vertex 33.53296929240227 24.92136456757784 0
      vertex 33.55376743912697 24.945187717080117 0
    endloop
  endfacet
  facet normal 0.6627375634869187 -0.7488517356215598 0
    outer loop
      vertex 33.55376743912697 24.945187717080117 0.6
      vertex 33.55376743912697 24.945187717080117 0
      vertex 33.57709694296122 24.965834445655346 0
    endloop
  endfacet
  facet normal 0.559785867271236 -0.8286373047379595 0
    outer loop
      vertex 33.57709694296122 24.965834445655346 0.6
      vertex 33.57709694296122 24.965834445655346 0
      vertex 33.602957811355594 24.98330475330353 0
    endloop
  endfacet
  facet normal 0.4496727009334443 -0.8931934068471515 0
    outer loop
      vertex 33.602957811355594 24.98330475330353 0.6
      vertex 33.602957811355594 24.98330475330353 0
      vertex 33.631350029408935 24.997598640024663 0
    endloop
  endfacet
  facet normal 0.33831489930514835 -0.9410329584600888 0
    outer loop
      vertex 33.631350029408935 24.997598640024663 0.6
      vertex 33.631350029408935 24.997598640024663 0
      vertex 33.6622736120224 25.00871611326933 0
    endloop
  endfacet
  facet normal 0.23094845253138463 -0.9729659872129954 0
    outer loop
      vertex 33.6622736120224 25.00871611326933 0.6
      vertex 33.6622736120224 25.00871611326933 0
      vertex 33.69572855174542 25.01665715813637 0
    endloop
  endfacet
  facet normal 0.13125580442801388 -0.9913485329610141 0
    outer loop
      vertex 33.69572855174542 25.01665715813637 0.6
      vertex 33.69572855174542 25.01665715813637 0
      vertex 33.73171484857798 25.02142178952694 0
    endloop
  endfacet
  facet normal 0.04119830502722795 -0.999150989421961 0
    outer loop
      vertex 33.73171484857798 25.02142178952694 0.6
      vertex 33.73171484857798 25.02142178952694 0
      vertex 33.77023250252009 25.023009999990464 0
    endloop
  endfacet
  facet normal -0.010455660939826712 -0.9999453380831931 0
    outer loop
      vertex 33.77023250252009 25.023009999990464 0.6
      vertex 33.77023250252009 25.023009999990464 0
      vertex 33.79666237920523 25.022733643054963 0
    endloop
  endfacet
  facet normal -0.03157397889163088 -0.9995014176362887 0
    outer loop
      vertex 33.79666237920523 25.022733643054963 0.6
      vertex 33.79666237920523 25.022733643054963 0
      vertex 33.822907563447956 25.02190456479788 0
    endloop
  endfacet
  facet normal -0.05294782734896973 -0.9985972799777815 0
    outer loop
      vertex 33.822907563447956 25.02190456479788 0.6
      vertex 33.822907563447956 25.02190456479788 0
      vertex 33.848968055248264 25.020522780120373 0
    endloop
  endfacet
  facet normal -0.0745531499325192 -0.9972170414885314 0
    outer loop
      vertex 33.848968055248264 25.020522780120373 0.6
      vertex 33.848968055248264 25.020522780120373 0
      vertex 33.874843854606155 25.018588274121285 0
    endloop
  endfacet
  facet normal -0.0963622114509057 -0.9953463337975837 0
    outer loop
      vertex 33.874843854606155 25.018588274121285 0.6
      vertex 33.874843854606155 25.018588274121285 0
      vertex 33.90053496897221 25.016101046800614 0
    endloop
  endfacet
  facet normal -0.11834551101517343 -0.9929724769713194 0
    outer loop
      vertex 33.90053496897221 25.016101046800614 0.6
      vertex 33.90053496897221 25.016101046800614 0
      vertex 33.92604139089585 25.01306111305952 0
    endloop
  endfacet
  facet normal -0.14047349632105569 -0.9900844392431073 0
    outer loop
      vertex 33.92604139089585 25.01306111305952 0.6
      vertex 33.92604139089585 25.01306111305952 0
      vertex 33.95136312037707 25.009468457996846 0
    endloop
  endfacet
  facet normal -0.1627131054686673 -0.9866734238382739 0
    outer loop
      vertex 33.95136312037707 25.009468457996846 0.6
      vertex 33.95136312037707 25.009468457996846 0
      vertex 33.97650015741587 25.005323089063168 0
    endloop
  endfacet
  facet normal -0.1850313706020893 -0.9827326146481108 0
    outer loop
      vertex 33.97650015741587 25.005323089063168 0.6
      vertex 33.97650015741587 25.005323089063168 0
      vertex 34.001452502012256 25.000624998807908 0
    endloop
  endfacet
  facet normal 1 0 0
    outer loop
      vertex 34.001452502012256 25.000624998807908 0.6
      vertex 34.001452502012256 25.000624998807908 0
      vertex 34.001452502012256 25.56756500095129 0
    endloop
  endfacet
  facet normal 0.39728081380414754 0.9176970932628665 0
    outer loop
      vertex 31.87125632554293 25.537417530417443 0.6
      vertex 31.87125632554293 25.537417530417443 0
      vertex 31.71267027795315 25.606071113944054 0
    endloop
  endfacet
  facet normal 0.5134185393061923 0.858138335874057 0
    outer loop
      vertex 32.0187907704711 25.449148639440537 0.6
      vertex 32.0187907704711 25.449148639440537 0
      vertex 31.87125632554293 25.537417530417443 0
    endloop
  endfacet
  facet normal -0.6756026568817571 0.7372659289661436 0
    outer loop
      vertex 32.79082373172045 25.511301360428334 0.6
      vertex 32.79082373172045 25.511301360428334 0
      vertex 32.74640749782324 25.470600000917912 0
    endloop
  endfacet
  facet normal -0.5870346488522566 0.8095618080461231 0
    outer loop
      vertex 32.84035021454096 25.54721432119608 0.6
      vertex 32.84035021454096 25.54721432119608 0
      vertex 32.79082373172045 25.511301360428334 0
    endloop
  endfacet
  facet normal -0.4949825546200383 0.8689029120804123 0
    outer loop
      vertex 32.894986946284774 25.57833889067173 0.6
      vertex 32.894986946284774 25.57833889067173 0
      vertex 32.84035021454096 25.54721432119608 0
    endloop
  endfacet
  facet normal -0.40334804101527505 0.9150466424227456 0
    outer loop
      vertex 32.95473391950131 25.604675061404706 0.6
      vertex 32.95473391950131 25.604675061404706 0
      vertex 32.894986946284774 25.57833889067173 0
    endloop
  endfacet
  facet normal -0.3152887418902851 0.948995789894371 0
    outer loop
      vertex 33.01959114164114 25.626222840845585 0.6
      vertex 33.01959114164114 25.626222840845585 0
      vertex 32.95473391950131 25.604675061404706 0
    endloop
  endfacet
  facet normal -0.232941703201701 0.9724907006802125 0
    outer loop
      vertex 33.08955861270428 25.64298222154379 0.6
      vertex 33.08955861270428 25.64298222154379 0
      vertex 33.01959114164114 25.626222840845585 0
    endloop
  endfacet
  facet normal -0.15745894888265824 0.9875255335518005 0
    outer loop
      vertex 33.16463632524014 25.6549532109499 0.6
      vertex 33.16463632524014 25.6549532109499 0
      vertex 33.08955861270428 25.64298222154379 0
    endloop
  endfacet
  facet normal -0.08921475654713838 0.996012413182805 0
    outer loop
      vertex 33.2448242866993 25.66213580161333 0.6
      vertex 33.2448242866993 25.66213580161333 0
      vertex 33.16463632524014 25.6549532109499 0
    endloop
  endfacet
  facet normal -0.028057526512138865 0.9996063101071444 0
    outer loop
      vertex 33.33012249708176 25.66453000098467 0.6
      vertex 33.33012249708176 25.66453000098467 0
      vertex 33.2448242866993 25.66213580161333 0
    endloop
  endfacet
  facet normal 0.0037670428529226075 0.9999929046689002 0
    outer loop
      vertex 33.35463755965233 25.66443765103817 0.6
      vertex 33.35463755965233 25.66443765103817 0
      vertex 33.33012249708176 25.66453000098467 0
    endloop
  endfacet
  facet normal 0.011627030074004936 0.999932403801206 0
    outer loop
      vertex 33.37846275061369 25.664160616099835 0.6
      vertex 33.37846275061369 25.664160616099835 0
      vertex 33.35463755965233 25.66443765103817 0
    endloop
  endfacet
  facet normal 0.019953722846282013 0.9998009046528081 0
    outer loop
      vertex 33.40159805506468 25.663698888719082 0.6
      vertex 33.40159805506468 25.663698888719082 0
      vertex 33.37846275061369 25.664160616099835 0
    endloop
  endfacet
  facet normal 0.028787678914861968 0.9995855488864847 0
    outer loop
      vertex 33.42404348790646 25.663052468895913 0.6
      vertex 33.42404348790646 25.663052468895913 0
      vertex 33.40159805506468 25.663698888719082 0
    endloop
  endfacet
  facet normal 0.038174457320615376 0.9992710897490613 0
    outer loop
      vertex 33.445799041688446 25.662221356630326 0.6
      vertex 33.445799041688446 25.662221356630326 0
      vertex 33.42404348790646 25.663052468895913 0
    endloop
  endfacet
  facet normal 0.04816486625308862 0.9988393993324562 0
    outer loop
      vertex 33.46686472386122 25.661205551922322 0.6
      vertex 33.46686472386122 25.661205551922322 0
      vertex 33.445799041688446 25.662221356630326 0
    endloop
  endfacet
  facet normal 0.0588154241046957 0.9982688745460238 0
    outer loop
      vertex 33.487240526974205 25.66000506222248 0.6
      vertex 33.487240526974205 25.66000506222248 0
      vertex 33.46686472386122 25.661205551922322 0
    endloop
  endfacet
  facet normal 0.07019054468964486 0.9975336021589302 0
    outer loop
      vertex 33.5069264510274 25.658619880080224 0.6
      vertex 33.5069264510274 25.658619880080224 0
      vertex 33.487240526974205 25.66000506222248 0
    endloop
  endfacet
  facet normal 0.18543570687994698 0.9826563990601874 0
    outer loop
      vertex 33.75072583198548 25.627003028392792 0.6
      vertex 33.75072583198548 25.627003028392792 0
      vertex 33.73415249973536 25.630130558609963 0
    endloop
  endfacet
  facet normal 0.1959771006368889 0.9806084723404946 0
    outer loop
      vertex 33.767299164235595 25.623690805733204 0.6
      vertex 33.767299164235595 25.623690805733204 0
      vertex 33.75072583198548 25.627003028392792 0
    endloop
  endfacet
  facet normal 0.20645099051825738 0.9784569425958561 0
    outer loop
      vertex 33.783872496485714 25.6201938906312 0.6
      vertex 33.783872496485714 25.6201938906312 0
      vertex 33.767299164235595 25.623690805733204 0
    endloop
  endfacet
  facet normal 0.21685429781406013 0.976203981511841 0
    outer loop
      vertex 33.80044583618641 25.616512283086777 0.6
      vertex 33.80044583618641 25.616512283086777 0
      vertex 33.783872496485714 25.6201938906312 0
    endloop
  endfacet
  facet normal 0.22718401338412644 0.973851849134498 0
    outer loop
      vertex 33.81701916843653 25.61264599055052 0.6
      vertex 33.81701916843653 25.61264599055052 0
      vertex 33.80044583618641 25.616512283086777 0
    endloop
  endfacet
  facet normal 0.08236176244277398 0.9966024985355596 0
    outer loop
      vertex 33.52592250347138 25.657049998044968 0.6
      vertex 33.52592250347138 25.657049998044968 0
      vertex 33.5069264510274 25.658619880080224 0
    endloop
  endfacet
  facet normal 0.09116375254607005 0.9958359153102074 0
    outer loop
      vertex 33.544458177089695 25.65535315066576 0.6
      vertex 33.544458177089695 25.65535315066576 0
      vertex 33.52592250347138 25.657049998044968 0
    endloop
  endfacet
  facet normal 0.09735443830708937 0.9952497743490883 0
    outer loop
      vertex 33.562762994468216 25.653562589883805 0.6
      vertex 33.562762994468216 25.653562589883805 0
      vertex 33.544458177089695 25.65535315066576 0
    endloop
  endfacet
  facet normal 0.10369077913696703 0.9946095828625264 0
    outer loop
      vertex 33.58083694815636 25.651678330600262 0.6
      vertex 33.58083694815636 25.651678330600262 0
      vertex 33.562762994468216 25.653562589883805 0
    endloop
  endfacet
  facet normal 0.11017803183913155 0.9939118679742461 0
    outer loop
      vertex 33.59868003070355 25.649700372815133 0.6
      vertex 33.59868003070355 25.649700372815133 0
      vertex 33.58083694815636 25.651678330600262 0
    endloop
  endfacet
  facet normal 0.11682152685955817 0.9931529242076477 0
    outer loop
      vertex 33.61629224956036 25.647628701627255 0.6
      vertex 33.61629224956036 25.647628701627255 0
      vertex 33.59868003070355 25.649700372815133 0
    endloop
  endfacet
  facet normal 0.12362433157575829 0.9923290908979979 0
    outer loop
      vertex 33.633673612177375 25.64546333193779 0.6
      vertex 33.633673612177375 25.64546333193779 0
      vertex 33.61629224956036 25.647628701627255 0
    endloop
  endfacet
  facet normal 0.1305927093284597 0.9914361019603092 0
    outer loop
      vertex 33.650824103653434 25.64320425629616 0.6
      vertex 33.650824103653434 25.64320425629616 0
      vertex 33.633673612177375 25.64546333193779 0
    endloop
  endfacet
  facet normal 0.13773066254327915 0.9904697191713583 0
    outer loop
      vertex 33.66774373143912 25.64085148215294 0.6
      vertex 33.66774373143912 25.64085148215294 0
      vertex 33.650824103653434 25.64320425629616 0
    endloop
  endfacet
  facet normal 0.14504416964444514 0.9894251810279306 0
    outer loop
      vertex 33.684432502985004 25.638405002057553 0.6
      vertex 33.684432502985004 25.638405002057553 0
      vertex 33.66774373143912 25.64085148215294 0
    endloop
  endfacet
  facet normal 0.15343842313728684 0.988158211171239 0
    outer loop
      vertex 33.70100583523512 25.635831541717053 0.6
      vertex 33.70100583523512 25.635831541717053 0
      vertex 33.684432502985004 25.638405002057553 0
    endloop
  endfacet
  facet normal 0.16416289759960023 0.9864332430791772 0
    outer loop
      vertex 33.71757916748524 25.633073396384717 0.6
      vertex 33.71757916748524 25.633073396384717 0
      vertex 33.70100583523512 25.635831541717053 0
    endloop
  endfacet
  facet normal 0.1748299050853034 0.984598651374185 0
    outer loop
      vertex 33.73415249973536 25.630130558609963 0.6
      vertex 33.73415249973536 25.630130558609963 0
      vertex 33.71757916748524 25.633073396384717 0
    endloop
  endfacet
  facet normal 0.24235122714945143 0.9701885809981248 0
    outer loop
      vertex 33.850407559573654 25.604394629001618 0.6
      vertex 33.850407559573654 25.604394629001618 0
      vertex 33.83359250068665 25.608594998121262 0
    endloop
  endfacet
  facet normal 0.23743834736976513 0.9714026102488684 0
    outer loop
      vertex 33.83359250068665 25.608594998121262 0.6
      vertex 33.83359250068665 25.608594998121262 0
      vertex 33.81701916843653 25.61264599055052 0
    endloop
  endfacet
  facet normal 0.24102728907405677 0.9705183387868624 0
    outer loop
      vertex 33.867681633830074 25.600104629397393 0.6
      vertex 33.867681633830074 25.600104629397393 0
      vertex 33.850407559573654 25.604394629001618 0
    endloop
  endfacet
  facet normal 0.2397706461654039 0.9708295613738926 0
    outer loop
      vertex 33.88541472345591 25.595724999308587 0.6
      vertex 33.88541472345591 25.595724999308587 0
      vertex 33.867681633830074 25.600104629397393 0
    endloop
  endfacet
  facet normal 0.2374394608847705 0.9714023380735448 0
    outer loop
      vertex 33.922257933914665 25.586696855127812 0.6
      vertex 33.922257933914665 25.586696855127812 0
      vertex 33.90360682100058 25.5912557387352 0
    endloop
  endfacet
  facet normal 0.23635704082039088 0.9716662746306615 0
    outer loop
      vertex 33.941368054747585 25.582048333585263 0.6
      vertex 33.941368054747585 25.582048333585263 0
      vertex 33.922257933914665 25.586696855127812 0
    endloop
  endfacet
  facet normal 0.2353241447601082 0.971916944441717 0
    outer loop
      vertex 33.96093719094992 25.577310181558133 0.6
      vertex 33.96093719094992 25.577310181558133 0
      vertex 33.941368054747585 25.582048333585263 0
    endloop
  endfacet
  facet normal 0.2385763929094083 0.9711237329745039 0
    outer loop
      vertex 33.90360682100058 25.5912557387352 0.6
      vertex 33.90360682100058 25.5912557387352 0
      vertex 33.88541472345591 25.595724999308587 0
    endloop
  endfacet
  facet normal 0.2333948200409062 0.9723820535047286 0
    outer loop
      vertex 34.001452502012256 25.56756500095129 0.6
      vertex 34.001452502012256 25.56756500095129 0
      vertex 33.98096534252167 25.572482406497002 0
    endloop
  endfacet
  facet normal 0.23433750782049126 0.9721553026283822 0
    outer loop
      vertex 33.98096534252167 25.572482406497002 0.6
      vertex 33.98096534252167 25.572482406497002 0
      vertex 33.96093719094992 25.577310181558133 0
    endloop
  endfacet
  facet normal -0.9686740604328801 0.248335588759398 0
    outer loop
      vertex 36.480021391212944 24.384347281754017 0.6
      vertex 36.480021391212944 24.384347281754017 0
      vertex 36.43360750019551 24.203302218914033 0
    endloop
  endfacet
  facet normal 0 1 0
    outer loop
      vertex 35.53463250041008 25.619759998619557 0.6
      vertex 35.53463250041008 25.619759998619557 0
      vertex 34.48655250310898 25.619759998619557 0
    endloop
  endfacet
  facet normal -0.753134932008262 -0.6578660761803352 0
    outer loop
      vertex 36.798288058638576 22.196297898292542 0.6
      vertex 36.798288058638576 22.196297898292542 0
      vertex 36.911007497608665 22.067254997193814 0
    endloop
  endfacet
  facet normal -0.6844714833228772 -0.7290396343943039 0
    outer loop
      vertex 36.911007497608665 22.067254997193814 0.6
      vertex 36.911007497608665 22.067254997193814 0
      vertex 37.03565244019032 21.950229934751988 0
    endloop
  endfacet
  facet normal -0.8138701356637668 -0.5810468159061212 0
    outer loop
      vertex 36.69882972180844 22.3356088244915 0.6
      vertex 36.69882972180844 22.3356088244915 0
      vertex 36.798288058638576 22.196297898292542 0
    endloop
  endfacet
  facet normal -0.8664320196260111 -0.49929505842416627 0
    outer loop
      vertex 36.61263250201941 22.485187775790692 0.6
      vertex 36.61263250201941 22.485187775790692 0
      vertex 36.69882972180844 22.3356088244915 0
    endloop
  endfacet
  facet normal -0.6068660241349394 -0.7948041449002711 0
    outer loop
      vertex 37.03565244019032 21.950229934751988 0.6
      vertex 37.03565244019032 21.950229934751988 0
      vertex 37.17088725060225 21.846972531974316 0
    endloop
  endfacet
  facet normal -0.9097686384538194 -0.4151156760300479 0
    outer loop
      vertex 36.53969639182091 22.645034752190114 0.6
      vertex 36.53969639182091 22.645034752190114 0
      vertex 36.61263250201941 22.485187775790692 0
    endloop
  endfacet
  facet normal -0.9436250615589968 -0.3310162279976307 0
    outer loop
      vertex 36.480021391212944 22.815149753689766 0.6
      vertex 36.480021391212944 22.815149753689766 0
      vertex 36.53969639182091 22.645034752190114 0
    endloop
  endfacet
  facet normal 0.9140030796976504 0.40570724704300076 0
    outer loop
      vertex 37.662809971868995 22.651931478977204 0.6
      vertex 37.662809971868995 22.651931478977204 0
      vertex 37.58029638618231 22.837823330760003 0
    endloop
  endfacet
  facet normal 0.9658461907425824 0.25911606632558104 0
    outer loop
      vertex 37.58029638618231 22.837823330760003 0.6
      vertex 37.58029638618231 22.837823330760003 0
      vertex 37.52135811388493 23.057513705790043 0
    endloop
  endfacet
  facet normal 0.6739765245160274 0.7387527627029876 0
    outer loop
      vertex 37.898563053607944 22.38154333025217 0.6
      vertex 37.898563053607944 22.38154333025217 0
      vertex 37.76889885604382 22.499838150441647 0
    endloop
  endfacet
  facet normal 0.2756220360730791 0.9612660886720857 0
    outer loop
      vertex 38.22861737400294 22.246349259614945 0.6
      vertex 38.22861737400294 22.246349259614945 0
      vertex 38.05180256456137 22.297047040760518 0
    endloop
  endfacet
  facet normal 0.4828598221582325 0.8756976602374361 0
    outer loop
      vertex 38.05180256456137 22.297047040760518 0.6
      vertex 38.05180256456137 22.297047040760518 0
      vertex 37.898563053607944 22.38154333025217 0
    endloop
  endfacet
  facet normal 0.08403350323763187 0.9964629297337713 0
    outer loop
      vertex 38.429007496833805 22.229450001716614 0.6
      vertex 38.429007496833805 22.229450001716614 0
      vertex 38.22861737400294 22.246349259614945 0
    endloop
  endfacet
  facet normal -0.04133878351598631 0.9991451871361932 0
    outer loop
      vertex 38.525835339128975 22.233456171453 0.6
      vertex 38.525835339128975 22.233456171453 0
      vertex 38.429007496833805 22.229450001716614 0
    endloop
  endfacet
  facet normal -0.1301207449781777 0.9914981551804946 0
    outer loop
      vertex 38.617414411306385 22.245474688112736 0.6
      vertex 38.617414411306385 22.245474688112736 0
      vertex 38.525835339128975 22.233456171453 0
    endloop
  endfacet
  facet normal -0.22602163608267495 0.9741222818632735 0
    outer loop
      vertex 38.703744720816616 22.265505559146405 0.6
      vertex 38.703744720816616 22.265505559146405 0
      vertex 38.617414411306385 22.245474688112736 0
    endloop
  endfacet
  facet normal -0.32686609367797814 0.9450706623336158 0
    outer loop
      vertex 38.78482626765967 22.293548762202263 0.6
      vertex 38.78482626765967 22.293548762202263 0
      vertex 38.703744720816616 22.265505559146405 0
    endloop
  endfacet
  facet normal -0.42939676473622723 0.9031159496067275 0
    outer loop
      vertex 38.86065904438496 22.329604319632054 0.6
      vertex 38.86065904438496 22.329604319632054 0
      vertex 38.78482626765967 22.293548762202263 0
    endloop
  endfacet
  facet normal 0.8201844960250121 0.5720991107143908 0
    outer loop
      vertex 37.76889885604382 22.499838150441647 0.6
      vertex 37.76889885604382 22.499838150441647 0
      vertex 37.662809971868995 22.651931478977204 0
    endloop
  endfacet
  facet normal 0.9904089500493028 0.13816697022891386 0
    outer loop
      vertex 37.52135811388493 23.057513705790043 0.6
      vertex 37.52135811388493 23.057513705790043 0
      vertex 37.48599515497685 23.311002589166165 0
    endloop
  endfacet
  facet normal 0.9991592951587186 0.040996376643949416 0
    outer loop
      vertex 37.48599515497685 23.311002589166165 0.6
      vertex 37.48599515497685 23.311002589166165 0
      vertex 37.47420750200749 23.59829000324011 0
    endloop
  endfacet
  facet normal 0.999805901830542 -0.019701742684764382 0
    outer loop
      vertex 37.47420750200749 23.59829000324011 0.6
      vertex 37.47420750200749 23.59829000324011 0
      vertex 37.4770851546526 23.744322470724583 0
    endloop
  endfacet
  facet normal 0.9980508579810136 -0.062405808089972446 0
    outer loop
      vertex 37.4770851546526 23.744322470724583 0.6
      vertex 37.4770851546526 23.744322470724583 0
      vertex 37.48571812003851 23.882388762533665 0
    endloop
  endfacet
  facet normal 0.9939400358430069 -0.10992363325692156 0
    outer loop
      vertex 37.48571812003851 23.882388762533665 0.6
      vertex 37.48571812003851 23.882388762533665 0
      vertex 37.50010639071465 24.012488886117936 0
    endloop
  endfacet
  facet normal 0.9866703531293289 -0.16273172479773315 0
    outer loop
      vertex 37.50010639071465 24.012488886117936 0.6
      vertex 37.50010639071465 24.012488886117936 0
      vertex 37.52024996668101 24.134622841477395 0
    endloop
  endfacet
  facet normal 0.9752219987618367 -0.22122850885672063 0
    outer loop
      vertex 37.52024996668101 24.134622841477395 0.6
      vertex 37.52024996668101 24.134622841477395 0
      vertex 37.54614885538817 24.24879061371088 0
    endloop
  endfacet
  facet normal -0.5295918075200577 0.8482526259361879 0
    outer loop
      vertex 38.93124305844307 22.373672223985196 0.6
      vertex 38.93124305844307 22.373672223985196 0
      vertex 38.86065904438496 22.329604319632054 0
    endloop
  endfacet
  facet normal -0.6233224401443042 0.7819649196815356 0
    outer loop
      vertex 38.996578302383426 22.425752467811108 0.6
      vertex 38.996578302383426 22.425752467811108 0
      vertex 38.93124305844307 22.373672223985196 0
    endloop
  endfacet
  facet normal 0.6003567603091828 -0.7997323054316753 0
    outer loop
      vertex 39.66835848629475 21.835693455636502 0.6
      vertex 39.66835848629475 21.835693455636502 0
      vertex 39.80130774915219 21.935498088002205 0
    endloop
  endfacet
  facet normal 0.6817215127093832 -0.7316117680226516 0
    outer loop
      vertex 39.80130774915219 21.935498088002205 0.6
      vertex 39.80130774915219 21.935498088002205 0
      vertex 39.92269750326872 22.0486100012064 0
    endloop
  endfacet
  facet normal 0.7546072859982393 -0.6561766865093359 0
    outer loop
      vertex 39.92269750326872 22.0486100012064 0.6
      vertex 39.92269750326872 22.0486100012064 0
      vertex 40.03189626723528 22.174189261496068 0
    endloop
  endfacet
  facet normal -0.7071427270636962 0.7070708334819921 0
    outer loop
      vertex 39.0566647836566 22.485845058560372 0.6
      vertex 39.0566647836566 22.485845058560372 0
      vertex 38.996578302383426 22.425752467811108 0
    endloop
  endfacet
  facet normal -0.7788913260030454 0.6271589130971651 0
    outer loop
      vertex 39.111502502262596 22.553950003683568 0.6
      vertex 39.111502502262596 22.553950003683568 0
      vertex 39.0566647836566 22.485845058560372 0
    endloop
  endfacet
  facet normal -0.8420262682277562 0.5394365241754019 0
    outer loop
      vertex 39.160826634764675 22.630941852331162 0.6
      vertex 39.160826634764675 22.630941852331162 0
      vertex 39.111502502262596 22.553950003683568 0
    endloop
  endfacet
  facet normal -0.8938303220719657 0.4484053471410953 0
    outer loop
      vertex 39.204347934722904 22.717695183455945 0.6
      vertex 39.204347934722904 22.717695183455945 0
      vertex 39.160826634764675 22.630941852331162 0
    endloop
  endfacet
  facet normal -0.9314005818130457 0.3639958189297233 0
    outer loop
      vertex 39.24206638723612 22.814209997057915 0.6
      vertex 39.24206638723612 22.814209997057915 0
      vertex 39.204347934722904 22.717695183455945 0
    endloop
  endfacet
  facet normal -0.9577450631747354 0.28761848682659824 0
    outer loop
      vertex 39.27398200720549 22.920486293137074 0.6
      vertex 39.27398200720549 22.920486293137074 0
      vertex 39.24206638723612 22.814209997057915 0
    endloop
  endfacet
  facet normal -0.9756020494514963 0.219546444075144 0
    outer loop
      vertex 39.30009478718043 23.03652407169342 0.6
      vertex 39.30009478718043 23.03652407169342 0
      vertex 39.27398200720549 22.920486293137074 0
    endloop
  endfacet
  facet normal 0.8184183873391926 -0.5746227834546028 0
    outer loop
      vertex 40.03189626723528 22.174189261496068 0.6
      vertex 40.03189626723528 22.174189261496068 0
      vertex 40.12824811428786 22.311420373022557 0
    endloop
  endfacet
  facet normal 0.8721799666441096 -0.4891851446892884 0
    outer loop
      vertex 40.12824811428786 22.311420373022557 0.6
      vertex 40.12824811428786 22.311420373022557 0
      vertex 40.211753051877025 22.460303335785866 0
    endloop
  endfacet
  facet normal 0.9152672962557387 -0.40284708811745185 0
    outer loop
      vertex 40.211753051877025 22.460303335785866 0.6
      vertex 40.211753051877025 22.460303335785866 0
      vertex 40.28241108000279 22.620838149785996 0
    endloop
  endfacet
  facet normal 0.9479946949182128 -0.31828612663282185 0
    outer loop
      vertex 40.28241108000279 22.620838149785996 0.6
      vertex 40.28241108000279 22.620838149785996 0
      vertex 40.340222191214565 22.793024815022946 0
    endloop
  endfacet
  facet normal 0.971367443579046 -0.23758217432018958 0
    outer loop
      vertex 40.340222191214565 22.793024815022946 0.6
      vertex 40.340222191214565 22.793024815022946 0
      vertex 40.385186385512355 22.976863331496716 0
    endloop
  endfacet
  facet normal 0.9867714534596006 -0.16211754574143794 0
    outer loop
      vertex 40.385186385512355 22.976863331496716 0.6
      vertex 40.385186385512355 22.976863331496716 0
      vertex 40.41730367034674 23.172353706657887 0
    endloop
  endfacet
  facet normal -0.9872167704835941 0.15938333688294573 0
    outer loop
      vertex 39.32040471971035 23.162323332726956 0.6
      vertex 39.32040471971035 23.162323332726956 0
      vertex 39.30009478718043 23.03652407169342 0
    endloop
  endfacet
  facet normal -0.9943225605789806 0.10640792039909187 0
    outer loop
      vertex 39.33491181969643 23.29788407623768 0.6
      vertex 39.33491181969643 23.29788407623768 0
      vertex 39.32040471971035 23.162323332726956 0
    endloop
  endfacet
  facet normal -0.9982110300415825 0.059789125293174206 0
    outer loop
      vertex 39.343616079688076 23.44320629477501 0.6
      vertex 39.343616079688076 23.44320629477501 0
      vertex 39.33491181969643 23.29788407623768 0
    endloop
  endfacet
  facet normal -0.9998250375467319 0.018705461626921504 0
    outer loop
      vertex 39.34651749968529 23.59829000324011 0.6
      vertex 39.34651749968529 23.59829000324011 0
      vertex 39.343616079688076 23.44320629477501 0
    endloop
  endfacet
  facet normal -0.9991532291354354 -0.04114395105276509 0
    outer loop
      vertex 39.33459132552147 23.887909136116505 0.6
      vertex 39.33459132552147 23.887909136116505 0
      vertex 39.34651749968529 23.59829000324011 0
    endloop
  endfacet
  facet normal -0.9903406643777475 -0.13865557500454723 0
    outer loop
      vertex 39.2988128104806 24.143455430269242 0.6
      vertex 39.2988128104806 24.143455430269242 0
      vertex 39.33459132552147 23.887909136116505 0
    endloop
  endfacet
  facet normal 0.9957006255916421 -0.09262971551512254 0
    outer loop
      vertex 40.41730367034674 23.172353706657887 0.6
      vertex 40.41730367034674 23.172353706657887 0
      vertex 40.43657404571772 23.379495925605298 0
    endloop
  endfacet
  facet normal 0.9995693196293607 -0.02934578769937744 0
    outer loop
      vertex 40.43657404571772 23.379495925605298 0.6
      vertex 40.43657404571772 23.379495925605298 0
      vertex 40.44299749672413 23.59829000324011 0
    endloop
  endfacet
  facet normal 0.9995010725844021 0.03158489991482967 0
    outer loop
      vertex 40.44299749672413 23.59829000324011 0.6
      vertex 40.44299749672413 23.59829000324011 0
      vertex 40.43627459943295 23.811035431325436 0
    endloop
  endfacet
  facet normal 0.9950667087724494 0.099208089855441 0
    outer loop
      vertex 40.43627459943295 23.811035431325436 0.6
      vertex 40.43627459943295 23.811035431325436 0
      vertex 40.41610589265824 24.013329505324364 0
    endloop
  endfacet
  facet normal 0.9849938064537448 0.17258969044459946 0
    outer loop
      vertex 40.41610589265824 24.013329505324364 0.6
      vertex 40.41610589265824 24.013329505324364 0
      vertex 40.38249139130116 24.205172225236893 0
    endloop
  endfacet
  facet normal 0.967954206392565 0.251126769435159 0
    outer loop
      vertex 40.38249139130116 24.205172225236893 0.6
      vertex 40.38249139130116 24.205172225236893 0
      vertex 40.33543108046055 24.386563583612443 0
    endloop
  endfacet
  facet normal -0.9439983935292968 0.3299500462404982 0
    outer loop
      vertex 36.53969639182091 24.55507950425148 0.6
      vertex 36.53969639182091 24.55507950425148 0
      vertex 36.480021391212944 24.384347281754017 0
    endloop
  endfacet
  facet normal -0.9103275472357087 0.4138885801080027 0
    outer loop
      vertex 36.61263250201941 24.715498886406422 0.6
      vertex 36.61263250201941 24.715498886406422 0
      vertex 36.53969639182091 24.55507950425148 0
    endloop
  endfacet
  facet normal -0.8671908747309194 0.4979758897611639 0
    outer loop
      vertex 36.69882972180844 24.865605435669423 0.6
      vertex 36.69882972180844 24.865605435669423 0
      vertex 36.61263250201941 24.715498886406422 0
    endloop
  endfacet
  facet normal 0.9583370851214308 -0.2856396878603527 0
    outer loop
      vertex 37.54614885538817 24.24879061371088 0.6
      vertex 37.54614885538817 24.24879061371088 0
      vertex 37.57780305683613 24.354992225170136 0
    endloop
  endfacet
  facet normal 0.9345304956626053 -0.3558830603956939 0
    outer loop
      vertex 37.57780305683613 24.354992225170136 0.6
      vertex 37.57780305683613 24.354992225170136 0
      vertex 37.61521256357432 24.45322765350342 0
    endloop
  endfacet
  facet normal 0.9021631723051114 -0.4313949588675993 0
    outer loop
      vertex 37.61521256357432 24.45322765350342 0.6
      vertex 37.61521256357432 24.45322765350342 0
      vertex 37.658377375602726 24.54349691361189 0
    endloop
  endfacet
  facet normal -0.8148190855102168 0.5797153248692793 0
    outer loop
      vertex 36.798288058638576 25.00539913713932 0.6
      vertex 36.798288058638576 25.00539913713932 0
      vertex 36.69882972180844 24.865605435669423 0
    endloop
  endfacet
  facet normal -0.754237981143722 0.6566011481868141 0
    outer loop
      vertex 36.911007497608665 25.134879998266697 0.6
      vertex 36.911007497608665 25.134879998266697 0
      vertex 36.798288058638576 25.00539913713932 0
    endloop
  endfacet
  facet normal -0.6864927106571089 0.7271366846849737 0
    outer loop
      vertex 37.03537676125765 25.252297527492047 0.6
      vertex 37.03537676125765 25.252297527492047 0
      vertex 36.911007497608665 25.134879998266697 0
    endloop
  endfacet
  facet normal -0.6104994090120834 0.7920167116897829 0
    outer loop
      vertex 37.16978453487158 25.355901233255864 0.6
      vertex 37.16978453487158 25.355901233255864 0
      vertex 37.03537676125765 25.252297527492047 0
    endloop
  endfacet
  facet normal -0.5279295942058427 0.8492881393035313 0
    outer loop
      vertex 37.314230833351616 25.445691108107567 0.6
      vertex 37.314230833351616 25.445691108107567 0
      vertex 37.16978453487158 25.355901233255864 0
    endloop
  endfacet
  facet normal 0.8596131623136751 -0.510945409194645 0
    outer loop
      vertex 37.658377375602726 24.54349691361189 0.6
      vertex 37.658377375602726 24.54349691361189 0
      vertex 37.707297500371936 24.625799998044968 0
    endloop
  endfacet
  facet normal 0.8058345530658355 -0.5921407544538588 0
    outer loop
      vertex 37.707297500371936 24.625799998044968 0.6
      vertex 37.707297500371936 24.625799998044968 0
      vertex 37.76165108025074 24.69976888537407 0
    endloop
  endfacet
  facet normal 0.7391963503444767 -0.6734899818389326 0
    outer loop
      vertex 37.76165108025074 24.69976888537407 0.6
      vertex 37.76165108025074 24.69976888537407 0
      vertex 37.82111626505852 24.76503555417061 0
    endloop
  endfacet
  facet normal 0.6588987275245763 -0.7522316577135624 0
    outer loop
      vertex 37.82111626505852 24.76503555417061 0.6
      vertex 37.82111626505852 24.76503555417061 0
      vertex 37.88569305479527 24.821599996984006 0
    endloop
  endfacet
  facet normal 0.5661388250706475 -0.824309911833909 0
    outer loop
      vertex 37.88569305479527 24.821599996984006 0.6
      vertex 37.88569305479527 24.821599996984006 0
      vertex 37.95538144946099 24.86946222126484 0
    endloop
  endfacet
  facet normal 0.4638122385639451 -0.8859335231033432 0
    outer loop
      vertex 37.95538144946099 24.86946222126484 0.6
      vertex 37.95538144946099 24.86946222126484 0
      vertex 38.030181449055675 24.90862221956253 0
    endloop
  endfacet
  facet normal 0.3561511862689152 -0.9344283453102461 0
    outer loop
      vertex 38.030181449055675 24.90862221956253 0.6
      vertex 38.030181449055675 24.90862221956253 0
      vertex 38.110093053579334 24.93907999932766 0
    endloop
  endfacet
  facet normal 0.24789132549539933 -0.9687878460964164 0
    outer loop
      vertex 38.110093053579334 24.93907999932766 0.6
      vertex 38.110093053579334 24.93907999932766 0
      vertex 38.19511626303196 24.960835553109646 0
    endloop
  endfacet
  facet normal 0.14332495784264404 -0.9896756824634039 0
    outer loop
      vertex 38.19511626303196 24.960835553109646 0.6
      vertex 38.19511626303196 24.960835553109646 0
      vertex 38.28525107741356 24.97388888835907 0
    endloop
  endfacet
  facet normal 0.045635061306454214 -0.9989581778931269 0
    outer loop
      vertex 38.28525107741356 24.97388888835907 0.6
      vertex 38.28525107741356 24.97388888835907 0
      vertex 38.38049749672413 24.97823999762535 0
    endloop
  endfacet
  facet normal -0.08373371343451215 -0.9964881661286635 0
    outer loop
      vertex 38.38049749672413 24.97823999762535 0.6
      vertex 38.38049749672413 24.97823999762535 0
      vertex 38.5832424351573 24.961203581988812 0
    endloop
  endfacet
  facet normal -0.2747066727523823 -0.9615280775647248 0
    outer loop
      vertex 38.5832424351573 24.961203581988812 0.6
      vertex 38.5832424351573 24.961203581988812 0
      vertex 38.76213503271342 24.910094320178032 0
    endloop
  endfacet
  facet normal -0.4815279559208609 -0.876430731813232 0
    outer loop
      vertex 38.76213503271342 24.910094320178032 0.6
      vertex 38.76213503271342 24.910094320178032 0
      vertex 38.91717527449131 24.824912219643593 0
    endloop
  endfacet
  facet normal -0.4413192458508502 0.8973501675720783 0
    outer loop
      vertex 37.46871564924717 25.52166715949774 0.6
      vertex 37.46871564924717 25.52166715949774 0
      vertex 37.314230833351616 25.445691108107567 0
    endloop
  endfacet
  facet normal -0.35344515700347134 0.9354552479893367 0
    outer loop
      vertex 37.633238982558254 25.583829379975796 0.6
      vertex 37.633238982558254 25.583829379975796 0
      vertex 37.46871564924717 25.52166715949774 0
    endloop
  endfacet
  facet normal -0.2669210888050917 0.9637183885093739 0
    outer loop
      vertex 37.80780083328486 25.63217777699232 0.6
      vertex 37.80780083328486 25.63217777699232 0
      vertex 37.633238982558254 25.583829379975796 0
    endloop
  endfacet
  facet normal -0.18388728114424016 0.9829473372634868 0
    outer loop
      vertex 37.992401201426986 25.666712343096734 0.6
      vertex 37.992401201426986 25.666712343096734 0
      vertex 37.80780083328486 25.63217777699232 0
    endloop
  endfacet
  facet normal -0.10585918964094992 0.9943811301350008 0
    outer loop
      vertex 38.18704009443522 25.687433085739613 0.6
      vertex 38.18704009443522 25.687433085739613 0
      vertex 37.992401201426986 25.666712343096734 0
    endloop
  endfacet
  facet normal -0.033726158171485034 0.9994311113103254 0
    outer loop
      vertex 38.39171749740839 25.69433999747038 0.6
      vertex 38.39171749740839 25.69433999747038 0
      vertex 38.18704009443522 25.687433085739613 0
    endloop
  endfacet
  facet normal 0.03297099335439239 0.9994563089986598 0
    outer loop
      vertex 38.60038818061352 25.687456175088883 0.6
      vertex 38.60038818061352 25.687456175088883 0
      vertex 38.39171749740839 25.69433999747038 0
    endloop
  endfacet
  facet normal 0.10355324870303977 0.9946239111760015 0
    outer loop
      vertex 38.79874466001988 25.666804693043233 0.6
      vertex 38.79874466001988 25.666804693043233 0
      vertex 38.60038818061352 25.687456175088883 0
    endloop
  endfacet
  facet normal -0.9656120430452083 -0.2599872733924848 0
    outer loop
      vertex 39.23918194711209 24.36492888569832 0.6
      vertex 39.23918194711209 24.36492888569832 0
      vertex 39.2988128104806 24.143455430269242 0
    endloop
  endfacet
  facet normal -0.9134601704308656 -0.4069281472648631 0
    outer loop
      vertex 39.15569873541594 24.552329509854317 0.6
      vertex 39.15569873541594 24.552329509854317 0
      vertex 39.23918194711209 24.36492888569832 0
    endloop
  endfacet
  facet normal -0.8192165568243824 -0.573484291872762 0
    outer loop
      vertex 39.048363175392154 24.705657280385495 0.6
      vertex 39.048363175392154 24.705657280385495 0
      vertex 39.15569873541594 24.552329509854317 0
    endloop
  endfacet
  facet normal -0.6726518283717916 -0.7399591325121178 0
    outer loop
      vertex 38.91717527449131 24.824912219643593 0.6
      vertex 38.91717527449131 24.824912219643593 0
      vertex 39.048363175392154 24.705657280385495 0
    endloop
  endfacet
  facet normal 0.4341949802569128 0.9008189158314223 0
    outer loop
      vertex 39.4890286141634 25.446522220373154 0.6
      vertex 39.4890286141634 25.446522220373154 0
      vertex 39.33192892014981 25.52224431872368 0
    endloop
  endfacet
  facet normal 0.6800739740241566 0.7331434988151984 0
    outer loop
      vertex 39.898442503213886 25.136749997138978 0.6
      vertex 39.898442503213886 25.136749997138978 0
      vertex 39.77228539824486 25.253775059580803 0
    endloop
  endfacet
  facet normal 0.7488385571770606 0.6627524540014758 0
    outer loop
      vertex 40.01273182421923 25.007615431547165 0.6
      vertex 40.01273182421923 25.007615431547165 0
      vertex 39.898442503213886 25.136749997138978 0
    endloop
  endfacet
  facet normal 0.6033751802078979 0.7974574546075087 0
    outer loop
      vertex 39.77228539824486 25.253775059580803 0.6
      vertex 39.77228539824486 25.253775059580803 0
      vertex 39.63581410437823 25.357032469809056 0
    endloop
  endfacet
  facet normal 0.5205497670720477 0.853831329948273 0
    outer loop
      vertex 39.63581410437823 25.357032469809056 0.6
      vertex 39.63581410437823 25.357032469809056 0
      vertex 39.4890286141634 25.446522220373154 0
    endloop
  endfacet
  facet normal 0.9426881862081165 0.33367496697182975 0
    outer loop
      vertex 40.33543108046055 24.386563583612443 0.6
      vertex 40.33543108046055 24.386563583612443 0
      vertex 40.274924967587 24.557503580451012 0
    endloop
  endfacet
  facet normal 0.9082170945456421 0.41849935385263404 0
    outer loop
      vertex 40.274924967587 24.557503580451012 0.6
      vertex 40.274924967587 24.557503580451012 0
      vertex 40.200973052680496 24.717992223203183 0
    endloop
  endfacet
  facet normal 0.8640896473614984 0.5033379394826911 0
    outer loop
      vertex 40.200973052680496 24.717992223203183 0.6
      vertex 40.200973052680496 24.717992223203183 0
      vertex 40.11357534319163 24.868029504418374 0
    endloop
  endfacet
  facet normal 0.8105925042794782 0.5856106146629552 0
    outer loop
      vertex 40.11357534319163 24.868029504418374 0.6
      vertex 40.11357534319163 24.868029504418374 0
      vertex 40.01273182421923 25.007615431547165 0
    endloop
  endfacet
  facet normal 0.26167907999763984 0.9651549404585714 0
    outer loop
      vertex 39.16451502978802 25.58419876486063 0.6
      vertex 39.16451502978802 25.58419876486063 0
      vertex 38.986786943078044 25.63238555878401 0
    endloop
  endfacet
  facet normal 0.1800480709133418 0.9836578125346153 0
    outer loop
      vertex 38.986786943078044 25.63238555878401 0.6
      vertex 38.986786943078044 25.63238555878401 0
      vertex 38.79874466001988 25.666804693043233 0
    endloop
  endfacet
  facet normal 0.3470645935394643 0.9378412274533928 0
    outer loop
      vertex 39.33192892014981 25.52224431872368 0.6
      vertex 39.33192892014981 25.52224431872368 0
      vertex 39.16451502978802 25.58419876486063 0
    endloop
  endfacet
  facet normal 0 -1 0
    outer loop
      vertex 24.69924749821425 20.364619999527932 0.6
      vertex 25.799522500634197 20.364619999527932 0
      vertex 25.799522500634197 20.364619999527932 0.6
    endloop
  endfacet
  facet normal 1 0 0
    outer loop
      vertex 25.799522500634197 20.364619999527932 0.6
      vertex 25.799522500634197 22.45698500365019 0
      vertex 25.799522500634197 22.45698500365019 0.6
    endloop
  endfacet
  facet normal 0 -1 0
    outer loop
      vertex 28.08955750256777 20.364619999527932 0.6
      vertex 29.18983249753714 20.364619999527932 0
      vertex 29.18983249753714 20.364619999527932 0.6
    endloop
  endfacet
  facet normal -1 0 0
    outer loop
      vertex 28.08955750256777 20.364619999527932 0.6
      vertex 28.08955750256777 22.45698500365019 0.6
      vertex 28.08955750256777 20.364619999527932 0
    endloop
  endfacet
  facet normal -0.6062973293227599 -0.7952380451513174 0
    outer loop
      vertex 30.650302503407005 21.81364999651909 0.6
      vertex 30.557094473540786 21.884712717831135 0.6
      vertex 30.650302503407005 21.81364999651909 0
    endloop
  endfacet
  facet normal -0.5328311479586235 -0.8462215831359392 0
    outer loop
      vertex 30.650302503407005 21.81364999651909 0.6
      vertex 30.751626078188423 21.74985068231821 0
      vertex 30.751626078188423 21.74985068231821 0.6
    endloop
  endfacet
  facet normal -0.4582159004280999 -0.8888409242349643 0
    outer loop
      vertex 30.751626078188423 21.74985068231821 0.6
      vertex 30.860823486149314 21.69355715751648 0
      vertex 30.860823486149314 21.69355715751648 0.6
    endloop
  endfacet
  facet normal -0.3846693468674868 -0.9230544369540405 0
    outer loop
      vertex 30.860823486149314 21.69355715751648 0.6
      vertex 30.9778947198391 21.644769444465638 0
      vertex 30.9778947198391 21.644769444465638 0.6
    endloop
  endfacet
  facet normal -0.3137203939487851 -0.9495154103123441 0
    outer loop
      vertex 30.9778947198391 21.644769444465638 0.6
      vertex 31.10283978670836 21.603487528264523 0
      vertex 31.10283978670836 21.603487528264523 0.6
    endloop
  endfacet
  facet normal -0.1835488768984114 -0.9830105847799054 0
    outer loop
      vertex 31.376351390182975 21.54344110876322 0.6
      vertex 31.23565867185593 21.569711416363717 0.6
      vertex 31.376351390182975 21.54344110876322 0
    endloop
  endfacet
  facet normal -0.1253081516840526 -0.9921178695707111 0
    outer loop
      vertex 31.376351390182975 21.54344110876322 0.6
      vertex 31.524917934238914 21.52467660546303 0
      vertex 31.524917934238914 21.52467660546303 0.6
    endloop
  endfacet
  facet normal -0.07178238312956219 -0.9974203173548456 0
    outer loop
      vertex 31.524917934238914 21.52467660546303 0.6
      vertex 31.681358304023746 21.513417899012566 0
      vertex 31.681358304023746 21.513417899012566 0.6
    endloop
  endfacet
  facet normal -0.2464577125877426 -0.9691535460937124 0
    outer loop
      vertex 31.10283978670836 21.603487528264523 0.6
      vertex 31.23565867185593 21.569711416363717 0
      vertex 31.23565867185593 21.569711416363717 0.6
    endloop
  endfacet
  facet normal 0 0 1
    outer loop
      vertex 24.69924749821425 20.364619999527932 0.6
      vertex 25.799522500634197 20.364619999527932 0.6
      vertex 25.799522500634197 22.45698500365019 0.6
    endloop
  endfacet
  facet normal 0 0 1
    outer loop
      vertex 28.08955750256777 20.364619999527932 0.6
      vertex 29.18983249753714 20.364619999527932 0.6
      vertex 28.08955750256777 22.45698500365019 0.6
    endloop
  endfacet
  facet normal 0 0 1
    outer loop
      vertex 30.9778947198391 21.644769444465638 0.6
      vertex 31.10283978670836 21.603487528264523 0.6
      vertex 31.406043920814994 22.29306395292282 0.6
    endloop
  endfacet
  facet normal 0 0 1
    outer loop
      vertex 31.10283978670836 21.603487528264523 0.6
      vertex 31.23565867185593 21.569711416363717 0.6
      vertex 31.442028176188472 22.26853802740574 0.6
    endloop
  endfacet
  facet normal 0 0 1
    outer loop
      vertex 31.376351390182975 21.54344110876322 0.6
      vertex 31.52546521663666 22.22929654210806 0.6
      vertex 31.23565867185593 21.569711416363717 0.6
    endloop
  endfacet
  facet normal 0 0 1
    outer loop
      vertex 31.376351390182975 21.54344110876322 0.6
      vertex 31.524917934238914 21.52467660546303 0.6
      vertex 31.57291799426079 22.214580989778042 0.6
    endloop
  endfacet
  facet normal 0 0 1
    outer loop
      vertex 31.524917934238914 21.52467660546303 0.6
      vertex 31.681358304023746 21.513417899012566 0.6
      vertex 31.679292064309124 22.194960243403912 0.6
    endloop
  endfacet
  facet normal -1 0 0
    outer loop
      vertex 24.69924749821425 20.364619999527932 0.6
      vertex 24.69924749821425 25.619759998619557 0.6
      vertex 24.69924749821425 20.364619999527932 0
    endloop
  endfacet
  facet normal 0 1 0
    outer loop
      vertex 25.799522500634197 23.367015003561974 0.6
      vertex 28.08955750256777 23.367015003561974 0.6
      vertex 25.799522500634197 23.367015003561974 0
    endloop
  endfacet
  facet normal 1 0 0
    outer loop
      vertex 25.799522500634197 23.367015003561974 0.6
      vertex 25.799522500634197 25.619759998619557 0
      vertex 25.799522500634197 25.619759998619557 0.6
    endloop
  endfacet
  facet normal 0 1 0
    outer loop
      vertex 24.69924749821425 25.619759998619557 0.6
      vertex 25.799522500634197 25.619759998619557 0.6
      vertex 24.69924749821425 25.619759998619557 0
    endloop
  endfacet
  facet normal 0 -1 0
    outer loop
      vertex 25.799522500634197 22.45698500365019 0.6
      vertex 28.08955750256777 22.45698500365019 0
      vertex 28.08955750256777 22.45698500365019 0.6
    endloop
  endfacet
  facet normal -1 0 0
    outer loop
      vertex 28.08955750256777 23.367015003561974 0.6
      vertex 28.08955750256777 25.619759998619557 0.6
      vertex 28.08955750256777 23.367015003561974 0
    endloop
  endfacet
  facet normal 1 0 0
    outer loop
      vertex 29.18983249753714 20.364619999527932 0.6
      vertex 29.18983249753714 25.619759998619557 0
      vertex 29.18983249753714 25.619759998619557 0.6
    endloop
  endfacet
  facet normal -0.6771644235711547 -0.7358317358265719 0
    outer loop
      vertex 30.472219292223457 21.962820864617825 0.6
      vertex 30.557094473540786 21.884712717831135 0
      vertex 30.557094473540786 21.884712717831135 0.6
    endloop
  endfacet
  facet normal -0.7437103594305119 -0.6685019830006033 0
    outer loop
      vertex 30.472219292223457 21.962820864617825 0.6
      vertex 30.395676944553855 22.04797444432974 0.6
      vertex 30.472219292223457 21.962820864617825 0
    endloop
  endfacet
  facet normal -0.8039159503485475 -0.594742923266172 0
    outer loop
      vertex 30.395676944553855 22.04797444432974 0.6
      vertex 30.327467437982563 22.140173456966878 0.6
      vertex 30.395676944553855 22.04797444432974 0
    endloop
  endfacet
  facet normal -0.8997830733496485 -0.4363375080295772 0
    outer loop
      vertex 30.216046948134903 22.345707781016827 0.6
      vertex 30.26759077250958 22.23941790252924 0
      vertex 30.26759077250958 22.23941790252924 0.6
    endloop
  endfacet
  facet normal -0.9343899579822779 -0.35625188620114995 0
    outer loop
      vertex 30.216046948134903 22.345707781016827 0.6
      vertex 30.172835957407955 22.459043084979058 0.6
      vertex 30.216046948134903 22.345707781016827 0
    endloop
  endfacet
  facet normal -0.8562343107231621 -0.5165876548471048 0
    outer loop
      vertex 30.327467437982563 22.140173456966878 0.6
      vertex 30.26759077250958 22.23941790252924 0.6
      vertex 30.327467437982563 22.140173456966878 0
    endloop
  endfacet
  facet normal -0.9604979772341938 -0.27828696650943296 0
    outer loop
      vertex 30.172835957407955 22.459043084979058 0.6
      vertex 30.137957807779316 22.579423829317093 0.6
      vertex 30.172835957407955 22.459043084979058 0
    endloop
  endfacet
  facet normal -0.9789831964513368 -0.20394092543166295 0
    outer loop
      vertex 30.137957807779316 22.579423829317093 0.6
      vertex 30.111412499248985 22.706849999129773 0.6
      vertex 30.137957807779316 22.579423829317093 0
    endloop
  endfacet
  facet normal -0.0477586150517792 0.9988589062967482 0
    outer loop
      vertex 30.111412499248985 22.706849999129773 0.6
      vertex 31.204207498729232 22.759099996984006 0.6
      vertex 30.111412499248985 22.706849999129773 0
    endloop
  endfacet
  facet normal 0.5631989610834401 0.8263213238411156 0
    outer loop
      vertex 31.406043920814994 22.29306395292282 0.6
      vertex 31.442028176188472 22.26853802740574 0.6
      vertex 31.406043920814994 22.29306395292282 0
    endloop
  endfacet
  facet normal 0.9009791014854962 0.43386248822223356 0
    outer loop
      vertex 31.294529725015167 22.42839111328125 0.6
      vertex 31.27314422667027 22.47280123770237 0
      vertex 31.27314422667027 22.47280123770237 0.6
    endloop
  endfacet
  facet normal 0.7365355949654926 0.6763987857387296 0
    outer loop
      vertex 31.34489886105061 22.352420493364335 0.6
      vertex 31.373882498741153 22.32085999786854 0.6
      vertex 31.34489886105061 22.352420493364335 0
    endloop
  endfacet
  facet normal 0.8046291837476266 0.5937776323352273 0
    outer loop
      vertex 31.34489886105061 22.352420493364335 0.6
      vertex 31.3184479290247 22.388264200985432 0
      vertex 31.3184479290247 22.388264200985432 0.6
    endloop
  endfacet
  facet normal 0.6538929736861903 0.7565870597385548 0
    outer loop
      vertex 31.406043920814994 22.29306395292282 0.6
      vertex 31.373882498741153 22.32085999786854 0
      vertex 31.373882498741153 22.32085999786854 0.6
    endloop
  endfacet
  facet normal 0.8589809533481298 0.5120075407502687 0
    outer loop
      vertex 31.3184479290247 22.388264200985432 0.6
      vertex 31.294529725015167 22.42839111328125 0
      vertex 31.294529725015167 22.42839111328125 0.6
    endloop
  endfacet
  facet normal 0.29619409818848225 0.9551277695671464 0
    outer loop
      vertex 31.52546521663666 22.22929654210806 0.6
      vertex 31.57291799426079 22.214580989778042 0.6
      vertex 31.52546521663666 22.22929654210806 0
    endloop
  endfacet
  facet normal 0.4710255425169468 0.8821195714281688 0
    outer loop
      vertex 31.442028176188472 22.26853802740574 0.6
      vertex 31.48183527976275 22.247282221317292 0.6
      vertex 31.442028176188472 22.26853802740574 0
    endloop
  endfacet
  facet normal 0.38111958736087015 0.9245257487652142 0
    outer loop
      vertex 31.52546521663666 22.22929654210806 0.6
      vertex 31.48183527976275 22.247282221317292 0
      vertex 31.48183527976275 22.247282221317292 0.6
    endloop
  endfacet
  facet normal 0.21785271296861705 0.9759816573338934 0
    outer loop
      vertex 31.57291799426079 22.214580989778042 0.6
      vertex 31.62419361263514 22.20313555687666 0.6
      vertex 31.57291799426079 22.214580989778042 0
    endloop
  endfacet
  facet normal 0.1467696511846602 0.989170697853072 0
    outer loop
      vertex 31.62419361263514 22.20313555687666 0.6
      vertex 31.679292064309124 22.194960243403912 0.6
      vertex 31.62419361263514 22.20313555687666 0
    endloop
  endfacet
  facet normal 0.082962685904819 0.9965526542774639 0
    outer loop
      vertex 31.679292064309124 22.194960243403912 0.6
      vertex 31.738213364183906 22.19005506426096 0.6
      vertex 31.679292064309124 22.194960243403912 0
    endloop
  endfacet
  facet normal 0.9325439369666145 0.361056513065208 0
    outer loop
      vertex 31.27314422667027 22.47280123770237 0.6
      vertex 31.254291448891166 22.52149456679821 0
      vertex 31.254291448891166 22.52149456679821 0.6
    endloop
  endfacet
  facet normal 0.9556796564934555 0.2944085497477117 0
    outer loop
      vertex 31.254291448891166 22.52149456679821 0.6
      vertex 31.23797139167786 22.574471108019353 0
      vertex 31.23797139167786 22.574471108019353 0.6
    endloop
  endfacet
  facet normal 0.9836865606866239 0.1798909400846005 0
    outer loop
      vertex 31.224184040129188 22.631730861365796 0.6
      vertex 31.212929416596893 22.69327382683754 0
      vertex 31.212929416596893 22.69327382683754 0.6
    endloop
  endfacet
  facet normal 0.9722136058748309 0.23409550305774598 0
    outer loop
      vertex 31.23797139167786 22.574471108019353 0.6
      vertex 31.224184040129188 22.631730861365796 0
      vertex 31.224184040129188 22.631730861365796 0.6
    endloop
  endfacet
  facet normal 0.9913358902003326 0.1313512573244506 0
    outer loop
      vertex 31.212929416596893 22.69327382683754 0.6
      vertex 31.204207498729232 22.759099996984006 0
      vertex 31.204207498729232 22.759099996984006 0.6
    endloop
  endfacet
  facet normal -0.7431085789928398 -0.6691708599657059 0
    outer loop
      vertex 30.251314167082313 23.60032363921404 0.6
      vertex 30.175689164698127 23.684304564595223 0.6
      vertex 30.251314167082313 23.60032363921404 0
    endloop
  endfacet
  facet normal -0.5863637043637746 -0.8100479036481681 0
    outer loop
      vertex 30.432319846153263 23.454727775752545 0.6
      vertex 30.337022502124313 23.523709996938706 0.6
      vertex 30.432319846153263 23.454727775752545 0
    endloop
  endfacet
  facet normal -0.5049881987891292 -0.8631262474769906 0
    outer loop
      vertex 30.53668743759394 23.393665558993817 0.6
      vertex 30.432319846153263 23.454727775752545 0.6
      vertex 30.53668743759394 23.393665558993817 0
    endloop
  endfacet
  facet normal -0.6664432571533253 -0.7455557557921922 0
    outer loop
      vertex 30.251314167082313 23.60032363921404 0.6
      vertex 30.337022502124313 23.523709996938706 0
      vertex 30.337022502124313 23.523709996938706 0.6
    endloop
  endfacet
  facet normal -0.9931105799690139 -0.1171809538858966 0
    outer loop
      vertex 29.94881416499615 24.214718460440636 0.6
      vertex 29.93368916600943 24.34290308445692 0.6
      vertex 29.94881416499615 24.214718460440636 0
    endloop
  endfacet
  facet normal -0.8718362870338373 -0.4897973954718955 0
    outer loop
      vertex 30.110147502422336 23.775652780532837 0.6
      vertex 30.05468916535378 23.87436827212572 0.6
      vertex 30.110147502422336 23.775652780532837 0
    endloop
  endfacet
  facet normal -0.8124992955585503 -0.5829621726294595 0
    outer loop
      vertex 30.175689164698127 23.684304564595223 0.6
      vertex 30.110147502422336 23.775652780532837 0.6
      vertex 30.175689164698127 23.684304564595223 0
    endloop
  endfacet
  facet normal -0.9194242416463358 -0.39326716602465084 0
    outer loop
      vertex 30.05468916535378 23.87436827212572 0.6
      vertex 30.009314168393615 23.980451046824456 0.6
      vertex 30.05468916535378 23.87436827212572 0
    endloop
  endfacet
  facet normal -0.9548660966163374 -0.29703659291858187 0
    outer loop
      vertex 30.009314168393615 23.980451046824456 0.6
      vertex 29.974022496640686 24.09390111207962 0.6
      vertex 30.009314168393615 23.980451046824456 0
    endloop
  endfacet
  facet normal -0.9789188167617585 -0.20424972506654407 0
    outer loop
      vertex 29.94881416499615 24.214718460440636 0.6
      vertex 29.974022496640686 24.09390111207962 0
      vertex 29.974022496640686 24.09390111207962 0.6
    endloop
  endfacet
  facet normal -0.42422600460362775 -0.9055563466830999 0
    outer loop
      vertex 30.53668743759394 23.393665558993817 0.6
      vertex 30.650125276446346 23.34052333176136 0
      vertex 30.650125276446346 23.34052333176136 0.6
    endloop
  endfacet
  facet normal -0.34629636738254665 -0.9381251653898067 0
    outer loop
      vertex 30.650125276446346 23.34052333176136 0.6
      vertex 30.77263336271048 23.295301108956338 0
      vertex 30.77263336271048 23.295301108956338 0.6
    endloop
  endfacet
  facet normal -0.2727493818691967 -0.9620851182145846 0
    outer loop
      vertex 30.77263336271048 23.295301108956338 0.6
      vertex 30.90421169638634 23.257998890578747 0
      vertex 30.90421169638634 23.257998890578747 0.6
    endloop
  endfacet
  facet normal -0.20449072989732514 -0.9788685005587111 0
    outer loop
      vertex 30.90421169638634 23.257998890578747 0.6
      vertex 31.04486027747393 23.22861666917801 0
      vertex 31.04486027747393 23.22861666917801 0.6
    endloop
  endfacet
  facet normal -0.08497585776223271 -0.9963830104922368 0
    outer loop
      vertex 31.194579105973247 23.207154444754124 0.6
      vertex 31.353368181884292 23.193612224757672 0
      vertex 31.353368181884292 23.193612224757672 0.6
    endloop
  endfacet
  facet normal -0.1418996489802356 -0.9898810482170501 0
    outer loop
      vertex 31.04486027747393 23.22861666917801 0.6
      vertex 31.194579105973247 23.207154444754124 0
      vertex 31.194579105973247 23.207154444754124 0.6
    endloop
  endfacet
  facet normal -0.033474889762056974 -0.9994395588305569 0
    outer loop
      vertex 31.353368181884292 23.193612224757672 0.6
      vertex 31.521227497756485 23.187990001738072 0
      vertex 31.521227497756485 23.187990001738072 0.6
    endloop
  endfacet
  facet normal 0.7993407701779676 0.6008779685853805 0
    outer loop
      vertex 31.140863116979602 23.98211802482605 0.6
      vertex 31.12035015612841 24.009406171143056 0
      vertex 31.12035015612841 24.009406171143056 0.6
    endloop
  endfacet
  facet normal 0.8401387754561431 0.5423714944344439 0
    outer loop
      vertex 31.101632502079013 24.038400001227856 0.6
      vertex 31.12035015612841 24.009406171143056 0.6
      vertex 31.101632502079013 24.038400001227856 0
    endloop
  endfacet
  facet normal 0.8784431101442929 0.477846944366103 0
    outer loop
      vertex 31.101632502079013 24.038400001227856 0.6
      vertex 31.08480249732733 24.069339200258256 0
      vertex 31.08480249732733 24.069339200258256 0.6
    endloop
  endfacet
  facet normal 0.9126096285224351 0.40883207546392797 0
    outer loop
      vertex 31.08480249732733 24.069339200258256 0.6
      vertex 31.069952499270443 24.102487898766995 0
      vertex 31.069952499270443 24.102487898766995 0.6
    endloop
  endfacet
  facet normal 0.9396869680739595 0.3420356736247984 0
    outer loop
      vertex 31.069952499270443 24.102487898766995 0.6
      vertex 31.057082500457767 24.137846111655236 0
      vertex 31.057082500457767 24.137846111655236 0.6
    endloop
  endfacet
  facet normal 0.9604608451887187 0.27841509452501334 0
    outer loop
      vertex 31.057082500457767 24.137846111655236 0.6
      vertex 31.046192500889305 24.175413824021817 0
      vertex 31.046192500889305 24.175413824021817 0.6
    endloop
  endfacet
  facet normal 0.975818808747533 0.2185809975605046 0
    outer loop
      vertex 31.046192500889305 24.175413824021817 0.6
      vertex 31.037282500565055 24.2151910507679 0
      vertex 31.037282500565055 24.2151910507679 0.6
    endloop
  endfacet
  facet normal 0.9866510185102694 0.16284891056635364 0
    outer loop
      vertex 31.037282500565055 24.2151910507679 0.6
      vertex 31.03035249948502 24.25717777699232 0
      vertex 31.03035249948502 24.25717777699232 0.6
    endloop
  endfacet
  facet normal 0.23519023050548482 0.9719493584929089 0
    outer loop
      vertex 31.413178298771385 23.812332346439362 0.6
      vertex 31.46028139084578 23.800934440791607 0.6
      vertex 31.413178298771385 23.812332346439362 0
    endloop
  endfacet
  facet normal 0.5367473989349085 0.8437429879629282 0
    outer loop
      vertex 31.240868058204654 23.89002222508192 0.6
      vertex 31.270357560515407 23.87126246780157 0.6
      vertex 31.240868058204654 23.89002222508192 0
    endloop
  endfacet
  facet normal 0.4786277716974915 0.8780179133479532 0
    outer loop
      vertex 31.270357560515407 23.87126246780157 0.6
      vertex 31.301642377078537 23.854208394289017 0.6
      vertex 31.270357560515407 23.87126246780157 0
    endloop
  endfacet
  facet normal 0.6503189796240096 0.7596612565747888 0
    outer loop
      vertex 31.213173855245117 23.910487651228905 0.6
      vertex 31.187274966537956 23.932658768594266 0
      vertex 31.187274966537956 23.932658768594266 0.6
    endloop
  endfacet
  facet normal 0.7037566461655057 0.710441118586107 0
    outer loop
      vertex 31.16317139208317 23.95653555482626 0.6
      vertex 31.187274966537956 23.932658768594266 0.6
      vertex 31.16317139208317 23.95653555482626 0
    endloop
  endfacet
  facet normal 0.5943121421607 0.8042344668567492 0
    outer loop
      vertex 31.240868058204654 23.89002222508192 0.6
      vertex 31.213173855245117 23.910487651228905 0
      vertex 31.213173855245117 23.910487651228905 0.6
    endloop
  endfacet
  facet normal 0.42088048068243716 0.9071161011582369 0
    outer loop
      vertex 31.301642377078537 23.854208394289017 0.6
      vertex 31.334722500443462 23.838859997093678 0.6
      vertex 31.301642377078537 23.854208394289017 0
    endloop
  endfacet
  facet normal 0.35469800867072376 0.9349809210058904 0
    outer loop
      vertex 31.334722500443462 23.838859997093678 0.6
      vertex 31.371325340271 23.82497420102358 0.6
      vertex 31.334722500443462 23.838859997093678 0
    endloop
  endfacet
  facet normal 0.28915130650159987 0.957283407329521 0
    outer loop
      vertex 31.413178298771385 23.812332346439362 0.6
      vertex 31.371325340271 23.82497420102358 0
      vertex 31.371325340271 23.82497420102358 0.6
    endloop
  endfacet
  facet normal 0.1904027177502107 0.9817060685731415 0
    outer loop
      vertex 31.46028139084578 23.800934440791607 0.6
      vertex 31.51263460159302 23.790780491530896 0.6
      vertex 31.46028139084578 23.800934440791607 0
    endloop
  endfacet
  facet normal 0.1528607419614673 0.9882477389637628 0
    outer loop
      vertex 31.51263460159302 23.790780491530896 0.6
      vertex 31.57023793101311 23.781870491206647 0.6
      vertex 31.51263460159302 23.790780491530896 0
    endloop
  endfacet
  facet normal 0.12106975607682366 0.9926440017264488 0
    outer loop
      vertex 31.57023793101311 23.781870491206647 0.6
      vertex 31.63309138655663 23.77420444726944 0.6
      vertex 31.57023793101311 23.781870491206647 0
    endloop
  endfacet
  facet normal 0.09388254869001263 0.9955832798171469 0
    outer loop
      vertex 31.63309138655663 23.77420444726944 0.6
      vertex 31.701194968223575 23.767782344818116 0.6
      vertex 31.63309138655663 23.77420444726944 0
    endloop
  endfacet
  facet normal 0.07041624050392001 0.9975176956191275 0
    outer loop
      vertex 31.701194968223575 23.767782344818116 0.6
      vertex 31.77454867601395 23.762604198753834 0.6
      vertex 31.701194968223575 23.767782344818116 0
    endloop
  endfacet
  facet normal 0.7536908723995639 0.6572290840046449 0
    outer loop
      vertex 31.140863116979602 23.98211802482605 0.6
      vertex 31.16317139208317 23.95653555482626 0.6
      vertex 31.140863116979602 23.98211802482605 0
    endloop
  endfacet
  facet normal 0 1 0
    outer loop
      vertex 28.08955750256777 25.619759998619557 0.6
      vertex 29.18983249753714 25.619759998619557 0.6
      vertex 28.08955750256777 25.619759998619557 0
    endloop
  endfacet
  facet normal -0.9993090341464663 -0.037167919947940935 0
    outer loop
      vertex 29.93368916600943 24.34290308445692 0.6
      vertex 29.928647499680523 24.478454999029637 0.6
      vertex 29.93368916600943 24.34290308445692 0
    endloop
  endfacet
  facet normal -0.9994773389194582 0.032327217425547776 0
    outer loop
      vertex 29.928647499680523 24.478454999029637 0.6
      vertex 29.932699170112613 24.603722594082356 0.6
      vertex 29.928647499680523 24.478454999029637 0
    endloop
  endfacet
  facet normal -0.9948124082093937 0.10172645905872754 0
    outer loop
      vertex 29.932699170112613 24.603722594082356 0.6
      vertex 29.944854166507724 24.72258981257677 0.6
      vertex 29.932699170112613 24.603722594082356 0
    endloop
  endfacet
  facet normal -0.9841615058929165 0.17727416709319727 0
    outer loop
      vertex 29.944854166507724 24.72258981257677 0.6
      vertex 29.965112496316436 24.835056669414044 0.6
      vertex 29.944854166507724 24.72258981257677 0
    endloop
  endfacet
  facet normal -0.9660594878934461 0.25831969698621987 0
    outer loop
      vertex 29.965112496316436 24.835056669414044 0.6
      vertex 29.99347416698933 24.941123149693013 0.6
      vertex 29.965112496316436 24.835056669414044 0
    endloop
  endfacet
  facet normal -0.9391174242608471 0.3435963670495833 0
    outer loop
      vertex 29.99347416698933 24.941123149693013 0.6
      vertex 30.029939163625244 25.04078926086426 0.6
      vertex 29.99347416698933 24.941123149693013 0
    endloop
  endfacet
  facet normal -0.9022735637668805 0.4311640246210404 0
    outer loop
      vertex 30.029939163625244 25.04078926086426 0.6
      vertex 30.07450750112534 25.13405500292778 0.6
      vertex 30.029939163625244 25.04078926086426 0
    endloop
  endfacet
  facet normal -0.855084421181195 0.5184887970373329 0
    outer loop
      vertex 30.07450750112534 25.13405500292778 0.6
      vertex 30.127179164588455 25.220920368433 0.6
      vertex 30.07450750112534 25.13405500292778 0
    endloop
  endfacet
  facet normal -0.7979664133926188 0.6027019189427891 0
    outer loop
      vertex 30.127179164588455 25.220920368433 0.6
      vertex 30.187954168915752 25.301385372281075 0.6
      vertex 30.127179164588455 25.220920368433 0
    endloop
  endfacet
  facet normal -0.7322804003656317 0.6810032417252875 0
    outer loop
      vertex 30.187954168915752 25.301385372281075 0.6
      vertex 30.25683249920607 25.375449999570847 0.6
      vertex 30.187954168915752 25.301385372281075 0
    endloop
  endfacet
  facet normal -0.6603116046591453 0.7509917341439016 0
    outer loop
      vertex 30.25683249920607 25.375449999570847 0.6
      vertex 30.332951139807705 25.44237752944231 0.6
      vertex 30.25683249920607 25.375449999570847 0
    endloop
  endfacet
  facet normal -0.582187637451433 0.8130544599217931 0
    outer loop
      vertex 30.332951139807705 25.44237752944231 0.6
      vertex 30.415422622263435 25.50143123358488 0.6
      vertex 30.332951139807705 25.44237752944231 0
    endloop
  endfacet
  facet normal 0.9937863378477875 0.11130460326097517 0
    outer loop
      vertex 31.03035249948502 24.25717777699232 0.6
      vertex 31.025402497649196 24.301374010145665 0
      vertex 31.025402497649196 24.301374010145665 0.6
    endloop
  endfacet
  facet normal 0.9979582319851673 0.06386992416653638 0
    outer loop
      vertex 31.025402497649196 24.301374010145665 0.6
      vertex 31.022432502508167 24.34777975022793 0
      vertex 31.022432502508167 24.34777975022793 0.6
    endloop
  endfacet
  facet normal 0.9997927171897609 0.020359829427445623 0
    outer loop
      vertex 31.022432502508167 24.34777975022793 0.6
      vertex 31.02144249916077 24.396394997239113 0
      vertex 31.02144249916077 24.396394997239113 0.6
    endloop
  endfacet
  facet normal 0.9996527900672808 -0.026349559971681702 0
    outer loop
      vertex 31.02144249916077 24.396394997239113 0.6
      vertex 31.023076880872253 24.458400368094445 0
      vertex 31.023076880872253 24.458400368094445 0.6
    endloop
  endfacet
  facet normal 0.9964901254468373 -0.08371039294464087 0
    outer loop
      vertex 31.023076880872253 24.458400368094445 0.6
      vertex 31.027980033457283 24.516767590641976 0
      vertex 31.027980033457283 24.516767590641976 0.6
    endloop
  endfacet
  facet normal 0.9890354208612233 -0.1476784895706311 0
    outer loop
      vertex 31.027980033457283 24.516767590641976 0.6
      vertex 31.036151942014698 24.571496664881707 0
      vertex 31.036151942014698 24.571496664881707 0.6
    endloop
  endfacet
  facet normal 0.9758333159134461 -0.21851622263202483 0
    outer loop
      vertex 31.036151942014698 24.571496664881707 0.6
      vertex 31.04759262144566 24.622587590813637 0
      vertex 31.04759262144566 24.622587590813637 0.6
    endloop
  endfacet
  facet normal 0.9551625532238683 -0.2960819091380976 0
    outer loop
      vertex 31.04759262144566 24.622587590813637 0.6
      vertex 31.062302064299587 24.670040368437768 0
      vertex 31.062302064299587 24.670040368437768 0.6
    endloop
  endfacet
  facet normal 0.9251465124522599 -0.3796102349745338 0
    outer loop
      vertex 31.062302064299587 24.670040368437768 0.6
      vertex 31.08028027802706 24.713854997754098 0
      vertex 31.08028027802706 24.713854997754098 0.6
    endloop
  endfacet
  facet normal 0.8839964069253278 -0.46749369251692613 0
    outer loop
      vertex 31.08028027802706 24.713854997754098 0.6
      vertex 31.1015272551775 24.754031478762627 0
      vertex 31.1015272551775 24.754031478762627 0.6
    endloop
  endfacet
  facet normal 0.830401362834018 -0.5571656635179573 0
    outer loop
      vertex 31.1015272551775 24.754031478762627 0.6
      vertex 31.126042995750907 24.790569811463357 0
      vertex 31.126042995750907 24.790569811463357 0.6
    endloop
  endfacet
  facet normal 0.7640056503622082 -0.6452095521724853 0
    outer loop
      vertex 31.126042995750907 24.790569811463357 0.6
      vertex 31.15382749974728 24.823470003306866 0
      vertex 31.15382749974728 24.823470003306866 0.6
    endloop
  endfacet
  facet normal 0.6933028239192451 -0.7206463726028186 0
    outer loop
      vertex 31.15382749974728 24.823470003306866 0.6
      vertex 31.18433960169554 24.852824381887913 0
      vertex 31.18433960169554 24.852824381887913 0.6
    endloop
  endfacet
  facet normal 0.6212034310323352 -0.7836493458643699 0
    outer loop
      vertex 31.18433960169554 24.852824381887913 0.6
      vertex 31.217013675868515 24.878725312054158 0
      vertex 31.217013675868515 24.878725312054158 0.6
    endloop
  endfacet
  facet normal 0.5416599079365697 -0.8405977302694475 0
    outer loop
      vertex 31.217013675868515 24.878725312054158 0.6
      vertex 31.2518497222662 24.90117277890444 0
      vertex 31.2518497222662 24.90117277890444 0.6
    endloop
  endfacet
  facet normal 0.4567100135388322 -0.8896156268486742 0
    outer loop
      vertex 31.2518497222662 24.90117277890444 0.6
      vertex 31.28884774833918 24.920166789889336 0
      vertex 31.28884774833918 24.920166789889336 0.6
    endloop
  endfacet
  facet normal 0.3688634275503072 -0.9294836049204093 0
    outer loop
      vertex 31.28884774833918 24.920166789889336 0.6
      vertex 31.32800774663687 24.93570734500885 0
      vertex 31.32800774663687 24.93570734500885 0.6
    endloop
  endfacet
  facet normal 0.2807460334892119 -0.9597820922897417 0
    outer loop
      vertex 31.32800774663687 24.93570734500885 0.6
      vertex 31.369329724609855 24.947794444262982 0
      vertex 31.369329724609855 24.947794444262982 0.6
    endloop
  endfacet
  facet normal 0.19474634872547794 -0.9808536382448172 0
    outer loop
      vertex 31.369329724609855 24.947794444262982 0.6
      vertex 31.412813674807552 24.95642808765173 0
      vertex 31.412813674807552 24.95642808765173 0.6
    endloop
  endfacet
  facet normal 0.11276249573957454 -0.9936219701448747 0
    outer loop
      vertex 31.412813674807552 24.95642808765173 0.6
      vertex 31.45845959722996 24.961608275175095 0
      vertex 31.45845959722996 24.961608275175095 0.6
    endloop
  endfacet
  facet normal 0.03609443146547593 -0.9993483837066952 0
    outer loop
      vertex 31.45845959722996 24.961608275175095 0.6
      vertex 31.506267499327663 24.963334999382496 0
      vertex 31.506267499327663 24.963334999382496 0.6
    endloop
  endfacet
  facet normal -0.0305793004564081 -0.9995323438406567 0
    outer loop
      vertex 31.506267499327663 24.963334999382496 0.6
      vertex 31.560444537699226 24.961677528321744 0
      vertex 31.560444537699226 24.961677528321744 0.6
    endloop
  endfacet
  facet normal -0.22183092504293908 -0.9750851453563395 0
    outer loop
      vertex 31.665620830059055 24.948417774736882 0.6
      vertex 31.7166200914979 24.936815492212773 0
      vertex 31.7166200914979 24.936815492212773 0.6
    endloop
  endfacet
  facet normal -0.09320347681567208 -0.9956470820072092 0
    outer loop
      vertex 31.560444537699226 24.961677528321744 0.6
      vertex 31.613562312126163 24.956705122590066 0
      vertex 31.613562312126163 24.956705122590066 0.6
    endloop
  endfacet
  facet normal -0.1572133103810878 -0.9875646687883379 0
    outer loop
      vertex 31.665620830059055 24.948417774736882 0.6
      vertex 31.613562312126163 24.956705122590066 0.6
      vertex 31.665620830059055 24.948417774736882 0
    endloop
  endfacet
  facet normal -0.49924721371764774 0.866459589129906 0
    outer loop
      vertex 30.415422622263435 25.50143123358488 0.6
      vertex 30.50424694657326 25.55261111199856 0.6
      vertex 30.415422622263435 25.50143123358488 0
    endloop
  endfacet
  facet normal -0.41414927293338905 0.9102089758559543 0
    outer loop
      vertex 30.50424694657326 25.55261111199856 0.6
      vertex 30.5994241052866 25.595917157232762 0.6
      vertex 30.50424694657326 25.55261111199856 0
    endloop
  endfacet
  facet normal -0.32949472701727467 0.9441574153009717 0
    outer loop
      vertex 30.5994241052866 25.595917157232762 0.6
      vertex 30.700954105854038 25.631349384188653 0.6
      vertex 30.5994241052866 25.595917157232762 0
    endloop
  endfacet
  facet normal -0.24749993418642396 0.9688879102237348 0
    outer loop
      vertex 30.700954105854038 25.631349384188653 0.6
      vertex 30.80883694082499 25.65890777796507 0.6
      vertex 30.700954105854038 25.631349384188653 0
    endloop
  endfacet
  facet normal -0.16981275434580848 0.9854763459675175 0
    outer loop
      vertex 30.80883694082499 25.65890777796507 0.6
      vertex 30.923072625100616 25.678592346012593 0.6
      vertex 30.80883694082499 25.65890777796507 0
    endloop
  endfacet
  facet normal -0.09747609569182757 0.9952378664262518 0
    outer loop
      vertex 30.923072625100616 25.678592346012593 0.6
      vertex 31.043661143779758 25.690403088331223 0.6
      vertex 30.923072625100616 25.678592346012593 0
    endloop
  endfacet
  facet normal -0.03099870186163862 0.9995194247651684 0
    outer loop
      vertex 31.043661143779758 25.690403088331223 0.6
      vertex 31.170602496862415 25.69433999747038 0.6
      vertex 31.043661143779758 25.690403088331223 0
    endloop
  endfacet
  facet normal 0.05108378066234311 0.9986943713435265 0
    outer loop
      vertex 31.170602496862415 25.69433999747038 0.6
      vertex 31.362343367338184 25.684532343745232 0.6
      vertex 31.170602496862415 25.69433999747038 0
    endloop
  endfacet
  facet normal 0.16072046995936368 0.9869999648105573 0
    outer loop
      vertex 31.362343367338184 25.684532343745232 0.6
      vertex 31.543032620251182 25.65510938256979 0.6
      vertex 31.362343367338184 25.684532343745232 0
    endloop
  endfacet
  facet normal 0.27770604058444043 0.960666099653211 0
    outer loop
      vertex 31.71267027795315 25.606071113944054 0.6
      vertex 31.543032620251182 25.65510938256979 0
      vertex 31.543032620251182 25.65510938256979 0.6
    endloop
  endfacet
  facet normal 0 0 1
    outer loop
      vertex 24.69924749821425 20.364619999527932 0.6
      vertex 25.799522500634197 22.45698500365019 0.6
      vertex 24.69924749821425 25.619759998619557 0.6
    endloop
  endfacet
  facet normal 0 0 1
    outer loop
      vertex 25.799522500634197 22.45698500365019 0.6
      vertex 28.08955750256777 22.45698500365019 0.6
      vertex 25.799522500634197 23.367015003561974 0.6
    endloop
  endfacet
  facet normal 0 0 1
    outer loop
      vertex 25.799522500634197 22.45698500365019 0.6
      vertex 25.799522500634197 23.367015003561974 0.6
      vertex 24.69924749821425 25.619759998619557 0.6
    endloop
  endfacet
  facet normal 0 0 1
    outer loop
      vertex 25.799522500634197 23.367015003561974 0.6
      vertex 25.799522500634197 25.619759998619557 0.6
      vertex 24.69924749821425 25.619759998619557 0.6
    endloop
  endfacet
  facet normal 0 0 1
    outer loop
      vertex 29.18983249753714 20.364619999527932 0.6
      vertex 29.18983249753714 25.619759998619557 0.6
      vertex 28.08955750256777 22.45698500365019 0.6
    endloop
  endfacet
  facet normal 0 0 1
    outer loop
      vertex 25.799522500634197 23.367015003561974 0.6
      vertex 28.08955750256777 22.45698500365019 0.6
      vertex 28.08955750256777 23.367015003561974 0.6
    endloop
  endfacet
  facet normal 0 0 1
    outer loop
      vertex 28.08955750256777 22.45698500365019 0.6
      vertex 29.18983249753714 25.619759998619557 0.6
      vertex 28.08955750256777 23.367015003561974 0.6
    endloop
  endfacet
  facet normal 0 0 1
    outer loop
      vertex 30.216046948134903 22.345707781016827 0.6
      vertex 31.212929416596893 22.69327382683754 0.6
      vertex 30.172835957407955 22.459043084979058 0.6
    endloop
  endfacet
  facet normal 0 0 1
    outer loop
      vertex 30.172835957407955 22.459043084979058 0.6
      vertex 31.204207498729232 22.759099996984006 0.6
      vertex 30.137957807779316 22.579423829317093 0.6
    endloop
  endfacet
  facet normal 0 0 1
    outer loop
      vertex 30.137957807779316 22.579423829317093 0.6
      vertex 31.204207498729232 22.759099996984006 0.6
      vertex 30.111412499248985 22.706849999129773 0.6
    endloop
  endfacet
  facet normal 0 0 1
    outer loop
      vertex 30.650302503407005 21.81364999651909 0.6
      vertex 31.294529725015167 22.42839111328125 0.6
      vertex 30.557094473540786 21.884712717831135 0.6
    endloop
  endfacet
  facet normal 0 0 1
    outer loop
      vertex 30.472219292223457 21.962820864617825 0.6
      vertex 30.557094473540786 21.884712717831135 0.6
      vertex 31.27314422667027 22.47280123770237 0.6
    endloop
  endfacet
  facet normal 0 0 1
    outer loop
      vertex 30.650302503407005 21.81364999651909 0.6
      vertex 30.751626078188423 21.74985068231821 0.6
      vertex 31.294529725015167 22.42839111328125 0.6
    endloop
  endfacet
  facet normal 0 0 1
    outer loop
      vertex 30.751626078188423 21.74985068231821 0.6
      vertex 30.860823486149314 21.69355715751648 0.6
      vertex 31.3184479290247 22.388264200985432 0.6
    endloop
  endfacet
  facet normal 0 0 1
    outer loop
      vertex 30.860823486149314 21.69355715751648 0.6
      vertex 30.9778947198391 21.644769444465638 0.6
      vertex 31.34489886105061 22.352420493364335 0.6
    endloop
  endfacet
  facet normal 0 0 1
    outer loop
      vertex 30.395676944553855 22.04797444432974 0.6
      vertex 31.23797139167786 22.574471108019353 0.6
      vertex 30.327467437982563 22.140173456966878 0.6
    endloop
  endfacet
  facet normal 0 0 1
    outer loop
      vertex 30.472219292223457 21.962820864617825 0.6
      vertex 31.254291448891166 22.52149456679821 0.6
      vertex 30.395676944553855 22.04797444432974 0.6
    endloop
  endfacet
  facet normal 0 0 1
    outer loop
      vertex 30.327467437982563 22.140173456966878 0.6
      vertex 31.23797139167786 22.574471108019353 0.6
      vertex 30.26759077250958 22.23941790252924 0.6
    endloop
  endfacet
  facet normal 0 0 1
    outer loop
      vertex 30.216046948134903 22.345707781016827 0.6
      vertex 30.26759077250958 22.23941790252924 0.6
      vertex 31.224184040129188 22.631730861365796 0.6
    endloop
  endfacet
  facet normal 0 0 1
    outer loop
      vertex 30.751626078188423 21.74985068231821 0.6
      vertex 31.3184479290247 22.388264200985432 0.6
      vertex 31.294529725015167 22.42839111328125 0.6
    endloop
  endfacet
  facet normal 0 0 1
    outer loop
      vertex 30.557094473540786 21.884712717831135 0.6
      vertex 31.294529725015167 22.42839111328125 0.6
      vertex 31.27314422667027 22.47280123770237 0.6
    endloop
  endfacet
  facet normal 0 0 1
    outer loop
      vertex 30.395676944553855 22.04797444432974 0.6
      vertex 31.254291448891166 22.52149456679821 0.6
      vertex 31.23797139167786 22.574471108019353 0.6
    endloop
  endfacet
  facet normal 0 0 1
    outer loop
      vertex 30.472219292223457 21.962820864617825 0.6
      vertex 31.27314422667027 22.47280123770237 0.6
      vertex 31.254291448891166 22.52149456679821 0.6
    endloop
  endfacet
  facet normal 0 0 1
    outer loop
      vertex 30.860823486149314 21.69355715751648 0.6
      vertex 31.34489886105061 22.352420493364335 0.6
      vertex 31.3184479290247 22.388264200985432 0.6
    endloop
  endfacet
  facet normal 0 0 1
    outer loop
      vertex 30.9778947198391 21.644769444465638 0.6
      vertex 31.406043920814994 22.29306395292282 0.6
      vertex 31.373882498741153 22.32085999786854 0.6
    endloop
  endfacet
  facet normal 0 0 1
    outer loop
      vertex 30.9778947198391 21.644769444465638 0.6
      vertex 31.373882498741153 22.32085999786854 0.6
      vertex 31.34489886105061 22.352420493364335 0.6
    endloop
  endfacet
  facet normal 0 0 1
    outer loop
      vertex 31.10283978670836 21.603487528264523 0.6
      vertex 31.442028176188472 22.26853802740574 0.6
      vertex 31.406043920814994 22.29306395292282 0.6
    endloop
  endfacet
  facet normal 0 0 1
    outer loop
      vertex 31.23565867185593 21.569711416363717 0.6
      vertex 31.48183527976275 22.247282221317292 0.6
      vertex 31.442028176188472 22.26853802740574 0.6
    endloop
  endfacet
  facet normal 0 0 1
    outer loop
      vertex 31.23565867185593 21.569711416363717 0.6
      vertex 31.52546521663666 22.22929654210806 0.6
      vertex 31.48183527976275 22.247282221317292 0.6
    endloop
  endfacet
  facet normal 0 0 1
    outer loop
      vertex 31.376351390182975 21.54344110876322 0.6
      vertex 31.57291799426079 22.214580989778042 0.6
      vertex 31.52546521663666 22.22929654210806 0.6
    endloop
  endfacet
  facet normal 0 0 1
    outer loop
      vertex 31.524917934238914 21.52467660546303 0.6
      vertex 31.62419361263514 22.20313555687666 0.6
      vertex 31.57291799426079 22.214580989778042 0.6
    endloop
  endfacet
  facet normal 0 0 1
    outer loop
      vertex 31.524917934238914 21.52467660546303 0.6
      vertex 31.679292064309124 22.194960243403912 0.6
      vertex 31.62419361263514 22.20313555687666 0.6
    endloop
  endfacet
  facet normal 0 0 1
    outer loop
      vertex 31.681358304023746 21.513417899012566 0.6
      vertex 31.738213364183906 22.19005506426096 0.6
      vertex 31.679292064309124 22.194960243403912 0.6
    endloop
  endfacet
  facet normal 0 0 1
    outer loop
      vertex 30.26759077250958 22.23941790252924 0.6
      vertex 31.23797139167786 22.574471108019353 0.6
      vertex 31.224184040129188 22.631730861365796 0.6
    endloop
  endfacet
  facet normal 0 0 1
    outer loop
      vertex 30.216046948134903 22.345707781016827 0.6
      vertex 31.224184040129188 22.631730861365796 0.6
      vertex 31.212929416596893 22.69327382683754 0.6
    endloop
  endfacet
  facet normal 0 0 1
    outer loop
      vertex 30.172835957407955 22.459043084979058 0.6
      vertex 31.212929416596893 22.69327382683754 0.6
      vertex 31.204207498729232 22.759099996984006 0.6
    endloop
  endfacet
  facet normal 0 0 1
    outer loop
      vertex 30.251314167082313 23.60032363921404 0.6
      vertex 31.069952499270443 24.102487898766995 0.6
      vertex 30.175689164698127 23.684304564595223 0.6
    endloop
  endfacet
  facet normal 0 0 1
    outer loop
      vertex 30.175689164698127 23.684304564595223 0.6
      vertex 31.057082500457767 24.137846111655236 0.6
      vertex 30.110147502422336 23.775652780532837 0.6
    endloop
  endfacet
  facet normal 0 0 1
    outer loop
      vertex 30.110147502422336 23.775652780532837 0.6
      vertex 31.046192500889305 24.175413824021817 0.6
      vertex 30.05468916535378 23.87436827212572 0.6
    endloop
  endfacet
  facet normal 0 0 1
    outer loop
      vertex 30.05468916535378 23.87436827212572 0.6
      vertex 31.037282500565055 24.2151910507679 0.6
      vertex 30.009314168393615 23.980451046824456 0.6
    endloop
  endfacet
  facet normal 0 0 1
    outer loop
      vertex 30.009314168393615 23.980451046824456 0.6
      vertex 31.03035249948502 24.25717777699232 0.6
      vertex 29.974022496640686 24.09390111207962 0.6
    endloop
  endfacet
  facet normal 0 0 1
    outer loop
      vertex 29.94881416499615 24.214718460440636 0.6
      vertex 29.974022496640686 24.09390111207962 0.6
      vertex 31.025402497649196 24.301374010145665 0.6
    endloop
  endfacet
  facet normal 0 0 1
    outer loop
      vertex 30.53668743759394 23.393665558993817 0.6
      vertex 31.12035015612841 24.009406171143056 0.6
      vertex 30.432319846153263 23.454727775752545 0.6
    endloop
  endfacet
  facet normal 0 0 1
    outer loop
      vertex 30.53668743759394 23.393665558993817 0.6
      vertex 30.650125276446346 23.34052333176136 0.6
      vertex 31.140863116979602 23.98211802482605 0.6
    endloop
  endfacet
  facet normal 0 0 1
    outer loop
      vertex 30.77263336271048 23.295301108956338 0.6
      vertex 30.90421169638634 23.257998890578747 0.6
      vertex 31.213173855245117 23.910487651228905 0.6
    endloop
  endfacet
  facet normal 0 0 1
    outer loop
      vertex 30.90421169638634 23.257998890578747 0.6
      vertex 31.04486027747393 23.22861666917801 0.6
      vertex 31.270357560515407 23.87126246780157 0.6
    endloop
  endfacet
  facet normal 0 0 1
    outer loop
      vertex 30.650125276446346 23.34052333176136 0.6
      vertex 30.77263336271048 23.295301108956338 0.6
      vertex 31.16317139208317 23.95653555482626 0.6
    endloop
  endfacet
  facet normal 0 0 1
    outer loop
      vertex 31.04486027747393 23.22861666917801 0.6
      vertex 31.194579105973247 23.207154444754124 0.6
      vertex 31.334722500443462 23.838859997093678 0.6
    endloop
  endfacet
  facet normal 0 0 1
    outer loop
      vertex 31.194579105973247 23.207154444754124 0.6
      vertex 31.353368181884292 23.193612224757672 0.6
      vertex 31.413178298771385 23.812332346439362 0.6
    endloop
  endfacet
  facet normal 0 0 1
    outer loop
      vertex 31.04486027747393 23.22861666917801 0.6
      vertex 31.301642377078537 23.854208394289017 0.6
      vertex 31.270357560515407 23.87126246780157 0.6
    endloop
  endfacet
  facet normal 0 0 1
    outer loop
      vertex 31.04486027747393 23.22861666917801 0.6
      vertex 31.334722500443462 23.838859997093678 0.6
      vertex 31.301642377078537 23.854208394289017 0.6
    endloop
  endfacet
  facet normal 0 0 1
    outer loop
      vertex 31.194579105973247 23.207154444754124 0.6
      vertex 31.371325340271 23.82497420102358 0.6
      vertex 31.334722500443462 23.838859997093678 0.6
    endloop
  endfacet
  facet normal 0 0 1
    outer loop
      vertex 31.194579105973247 23.207154444754124 0.6
      vertex 31.413178298771385 23.812332346439362 0.6
      vertex 31.371325340271 23.82497420102358 0.6
    endloop
  endfacet
  facet normal 0 0 1
    outer loop
      vertex 31.353368181884292 23.193612224757672 0.6
      vertex 31.46028139084578 23.800934440791607 0.6
      vertex 31.413178298771385 23.812332346439362 0.6
    endloop
  endfacet
  facet normal 0 0 1
    outer loop
      vertex 31.353368181884292 23.193612224757672 0.6
      vertex 31.521227497756485 23.187990001738072 0.6
      vertex 31.57023793101311 23.781870491206647 0.6
    endloop
  endfacet
  facet normal 0 0 1
    outer loop
      vertex 31.353368181884292 23.193612224757672 0.6
      vertex 31.57023793101311 23.781870491206647 0.6
      vertex 31.51263460159302 23.790780491530896 0.6
    endloop
  endfacet
  facet normal 0 0 1
    outer loop
      vertex 31.521227497756485 23.187990001738072 0.6
      vertex 31.63309138655663 23.77420444726944 0.6
      vertex 31.57023793101311 23.781870491206647 0.6
    endloop
  endfacet
  facet normal 0 0 1
    outer loop
      vertex 31.353368181884292 23.193612224757672 0.6
      vertex 31.51263460159302 23.790780491530896 0.6
      vertex 31.46028139084578 23.800934440791607 0.6
    endloop
  endfacet
  facet normal 0 0 1
    outer loop
      vertex 31.521227497756485 23.187990001738072 0.6
      vertex 31.701194968223575 23.767782344818116 0.6
      vertex 31.63309138655663 23.77420444726944 0.6
    endloop
  endfacet
  facet normal 0 0 1
    outer loop
      vertex 31.521227497756485 23.187990001738072 0.6
      vertex 31.77454867601395 23.762604198753834 0.6
      vertex 31.701194968223575 23.767782344818116 0.6
    endloop
  endfacet
  facet normal 0 0 1
    outer loop
      vertex 31.521227497756485 23.187990001738072 0.6
      vertex 31.853152502477172 23.758670001626015 0.6
      vertex 31.77454867601395 23.762604198753834 0.6
    endloop
  endfacet
  facet normal 0 0 1
    outer loop
      vertex 30.432319846153263 23.454727775752545 0.6
      vertex 31.08480249732733 24.069339200258256 0.6
      vertex 30.337022502124313 23.523709996938706 0.6
    endloop
  endfacet
  facet normal 0 0 1
    outer loop
      vertex 30.251314167082313 23.60032363921404 0.6
      vertex 30.337022502124313 23.523709996938706 0.6
      vertex 31.069952499270443 24.102487898766995 0.6
    endloop
  endfacet
  facet normal 0 0 1
    outer loop
      vertex 30.337022502124313 23.523709996938706 0.6
      vertex 31.08480249732733 24.069339200258256 0.6
      vertex 31.069952499270443 24.102487898766995 0.6
    endloop
  endfacet
  facet normal 0 0 1
    outer loop
      vertex 30.650125276446346 23.34052333176136 0.6
      vertex 31.16317139208317 23.95653555482626 0.6
      vertex 31.140863116979602 23.98211802482605 0.6
    endloop
  endfacet
  facet normal 0 0 1
    outer loop
      vertex 30.53668743759394 23.393665558993817 0.6
      vertex 31.140863116979602 23.98211802482605 0.6
      vertex 31.12035015612841 24.009406171143056 0.6
    endloop
  endfacet
  facet normal 0 0 1
    outer loop
      vertex 30.77263336271048 23.295301108956338 0.6
      vertex 31.213173855245117 23.910487651228905 0.6
      vertex 31.187274966537956 23.932658768594266 0.6
    endloop
  endfacet
  facet normal 0 0 1
    outer loop
      vertex 30.77263336271048 23.295301108956338 0.6
      vertex 31.187274966537956 23.932658768594266 0.6
      vertex 31.16317139208317 23.95653555482626 0.6
    endloop
  endfacet
  facet normal 0 0 1
    outer loop
      vertex 30.90421169638634 23.257998890578747 0.6
      vertex 31.270357560515407 23.87126246780157 0.6
      vertex 31.240868058204654 23.89002222508192 0.6
    endloop
  endfacet
  facet normal 0 0 1
    outer loop
      vertex 30.90421169638634 23.257998890578747 0.6
      vertex 31.240868058204654 23.89002222508192 0.6
      vertex 31.213173855245117 23.910487651228905 0.6
    endloop
  endfacet
  facet normal 0 0 1
    outer loop
      vertex 30.432319846153263 23.454727775752545 0.6
      vertex 31.101632502079013 24.038400001227856 0.6
      vertex 31.08480249732733 24.069339200258256 0.6
    endloop
  endfacet
  facet normal 0 0 1
    outer loop
      vertex 30.432319846153263 23.454727775752545 0.6
      vertex 31.12035015612841 24.009406171143056 0.6
      vertex 31.101632502079013 24.038400001227856 0.6
    endloop
  endfacet
  facet normal 0 0 1
    outer loop
      vertex 30.175689164698127 23.684304564595223 0.6
      vertex 31.069952499270443 24.102487898766995 0.6
      vertex 31.057082500457767 24.137846111655236 0.6
    endloop
  endfacet
  facet normal 0 0 1
    outer loop
      vertex 30.110147502422336 23.775652780532837 0.6
      vertex 31.057082500457767 24.137846111655236 0.6
      vertex 31.046192500889305 24.175413824021817 0.6
    endloop
  endfacet
  facet normal 0 0 1
    outer loop
      vertex 30.05468916535378 23.87436827212572 0.6
      vertex 31.046192500889305 24.175413824021817 0.6
      vertex 31.037282500565055 24.2151910507679 0.6
    endloop
  endfacet
  facet normal 0 0 1
    outer loop
      vertex 30.009314168393615 23.980451046824456 0.6
      vertex 31.037282500565055 24.2151910507679 0.6
      vertex 31.03035249948502 24.25717777699232 0.6
    endloop
  endfacet
  facet normal 0 0 1
    outer loop
      vertex 29.974022496640686 24.09390111207962 0.6
      vertex 31.03035249948502 24.25717777699232 0.6
      vertex 31.025402497649196 24.301374010145665 0.6
    endloop
  endfacet
  facet normal 0 0 1
    outer loop
      vertex 28.08955750256777 23.367015003561974 0.6
      vertex 29.18983249753714 25.619759998619557 0.6
      vertex 28.08955750256777 25.619759998619557 0.6
    endloop
  endfacet
  facet normal 0 0 1
    outer loop
      vertex 29.94881416499615 24.214718460440636 0.6
      vertex 31.022432502508167 24.34777975022793 0.6
      vertex 29.93368916600943 24.34290308445692 0.6
    endloop
  endfacet
  facet normal 0 0 1
    outer loop
      vertex 29.93368916600943 24.34290308445692 0.6
      vertex 31.02144249916077 24.396394997239113 0.6
      vertex 29.928647499680523 24.478454999029637 0.6
    endloop
  endfacet
  facet normal 0 0 1
    outer loop
      vertex 29.928647499680523 24.478454999029637 0.6
      vertex 31.023076880872253 24.458400368094445 0.6
      vertex 29.932699170112613 24.603722594082356 0.6
    endloop
  endfacet
  facet normal 0 0 1
    outer loop
      vertex 29.932699170112613 24.603722594082356 0.6
      vertex 31.027980033457283 24.516767590641976 0.6
      vertex 29.944854166507724 24.72258981257677 0.6
    endloop
  endfacet
  facet normal 0 0 1
    outer loop
      vertex 29.944854166507724 24.72258981257677 0.6
      vertex 31.036151942014698 24.571496664881707 0.6
      vertex 29.965112496316436 24.835056669414044 0.6
    endloop
  endfacet
  facet normal 0 0 1
    outer loop
      vertex 29.965112496316436 24.835056669414044 0.6
      vertex 31.04759262144566 24.622587590813637 0.6
      vertex 29.99347416698933 24.941123149693013 0.6
    endloop
  endfacet
  facet normal 0 0 1
    outer loop
      vertex 29.99347416698933 24.941123149693013 0.6
      vertex 31.062302064299587 24.670040368437768 0.6
      vertex 30.029939163625244 25.04078926086426 0.6
    endloop
  endfacet
  facet normal 0 0 1
    outer loop
      vertex 30.029939163625244 25.04078926086426 0.6
      vertex 31.062302064299587 24.670040368437768 0.6
      vertex 30.07450750112534 25.13405500292778 0.6
    endloop
  endfacet
  facet normal 0 0 1
    outer loop
      vertex 30.07450750112534 25.13405500292778 0.6
      vertex 31.062302064299587 24.670040368437768 0.6
      vertex 30.127179164588455 25.220920368433 0.6
    endloop
  endfacet
  facet normal 0 0 1
    outer loop
      vertex 30.127179164588455 25.220920368433 0.6
      vertex 31.08028027802706 24.713854997754098 0.6
      vertex 30.187954168915752 25.301385372281075 0.6
    endloop
  endfacet
  facet normal 0 0 1
    outer loop
      vertex 30.187954168915752 25.301385372281075 0.6
      vertex 31.08028027802706 24.713854997754098 0.6
      vertex 30.25683249920607 25.375449999570847 0.6
    endloop
  endfacet
  facet normal 0 0 1
    outer loop
      vertex 29.94881416499615 24.214718460440636 0.6
      vertex 31.025402497649196 24.301374010145665 0.6
      vertex 31.022432502508167 24.34777975022793 0.6
    endloop
  endfacet
  facet normal 0 0 1
    outer loop
      vertex 29.93368916600943 24.34290308445692 0.6
      vertex 31.022432502508167 24.34777975022793 0.6
      vertex 31.02144249916077 24.396394997239113 0.6
    endloop
  endfacet
  facet normal 0 0 1
    outer loop
      vertex 29.928647499680523 24.478454999029637 0.6
      vertex 31.02144249916077 24.396394997239113 0.6
      vertex 31.023076880872253 24.458400368094445 0.6
    endloop
  endfacet
  facet normal 0 0 1
    outer loop
      vertex 29.932699170112613 24.603722594082356 0.6
      vertex 31.023076880872253 24.458400368094445 0.6
      vertex 31.027980033457283 24.516767590641976 0.6
    endloop
  endfacet
  facet normal 0 0 1
    outer loop
      vertex 29.944854166507724 24.72258981257677 0.6
      vertex 31.027980033457283 24.516767590641976 0.6
      vertex 31.036151942014698 24.571496664881707 0.6
    endloop
  endfacet
  facet normal 0 0 1
    outer loop
      vertex 29.965112496316436 24.835056669414044 0.6
      vertex 31.036151942014698 24.571496664881707 0.6
      vertex 31.04759262144566 24.622587590813637 0.6
    endloop
  endfacet
  facet normal 0 0 1
    outer loop
      vertex 29.99347416698933 24.941123149693013 0.6
      vertex 31.04759262144566 24.622587590813637 0.6
      vertex 31.062302064299587 24.670040368437768 0.6
    endloop
  endfacet
  facet normal 0 0 1
    outer loop
      vertex 30.127179164588455 25.220920368433 0.6
      vertex 31.062302064299587 24.670040368437768 0.6
      vertex 31.08028027802706 24.713854997754098 0.6
    endloop
  endfacet
  facet normal 0 0 1
    outer loop
      vertex 30.332951139807705 25.44237752944231 0.6
      vertex 31.08028027802706 24.713854997754098 0.6
      vertex 31.1015272551775 24.754031478762627 0.6
    endloop
  endfacet
  facet normal 0 0 1
    outer loop
      vertex 31.1015272551775 24.754031478762627 0.6
      vertex 31.126042995750907 24.790569811463357 0.6
      vertex 30.50424694657326 25.55261111199856 0.6
    endloop
  endfacet
  facet normal 0 0 1
    outer loop
      vertex 31.126042995750907 24.790569811463357 0.6
      vertex 31.15382749974728 24.823470003306866 0.6
      vertex 30.5994241052866 25.595917157232762 0.6
    endloop
  endfacet
  facet normal 0 0 1
    outer loop
      vertex 31.15382749974728 24.823470003306866 0.6
      vertex 31.18433960169554 24.852824381887913 0.6
      vertex 30.80883694082499 25.65890777796507 0.6
    endloop
  endfacet
  facet normal 0 0 1
    outer loop
      vertex 31.18433960169554 24.852824381887913 0.6
      vertex 31.217013675868515 24.878725312054158 0.6
      vertex 30.923072625100616 25.678592346012593 0.6
    endloop
  endfacet
  facet normal 0 0 1
    outer loop
      vertex 30.25683249920607 25.375449999570847 0.6
      vertex 31.08028027802706 24.713854997754098 0.6
      vertex 30.332951139807705 25.44237752944231 0.6
    endloop
  endfacet
  facet normal 0 0 1
    outer loop
      vertex 30.332951139807705 25.44237752944231 0.6
      vertex 31.1015272551775 24.754031478762627 0.6
      vertex 30.415422622263435 25.50143123358488 0.6
    endloop
  endfacet
  facet normal 0 0 1
    outer loop
      vertex 31.1015272551775 24.754031478762627 0.6
      vertex 30.50424694657326 25.55261111199856 0.6
      vertex 30.415422622263435 25.50143123358488 0.6
    endloop
  endfacet
  facet normal 0 0 1
    outer loop
      vertex 31.126042995750907 24.790569811463357 0.6
      vertex 30.5994241052866 25.595917157232762 0.6
      vertex 30.50424694657326 25.55261111199856 0.6
    endloop
  endfacet
  facet normal 0 0 1
    outer loop
      vertex 31.15382749974728 24.823470003306866 0.6
      vertex 30.700954105854038 25.631349384188653 0.6
      vertex 30.5994241052866 25.595917157232762 0.6
    endloop
  endfacet
  facet normal 0 0 1
    outer loop
      vertex 31.15382749974728 24.823470003306866 0.6
      vertex 30.80883694082499 25.65890777796507 0.6
      vertex 30.700954105854038 25.631349384188653 0.6
    endloop
  endfacet
  facet normal 0 0 1
    outer loop
      vertex 31.18433960169554 24.852824381887913 0.6
      vertex 30.923072625100616 25.678592346012593 0.6
      vertex 30.80883694082499 25.65890777796507 0.6
    endloop
  endfacet
  facet normal 0 0 1
    outer loop
      vertex 31.217013675868515 24.878725312054158 0.6
      vertex 31.043661143779758 25.690403088331223 0.6
      vertex 30.923072625100616 25.678592346012593 0.6
    endloop
  endfacet
  facet normal 0 0 1
    outer loop
      vertex 31.217013675868515 24.878725312054158 0.6
      vertex 31.2518497222662 24.90117277890444 0.6
      vertex 31.043661143779758 25.690403088331223 0.6
    endloop
  endfacet
  facet normal 0 0 1
    outer loop
      vertex 31.2518497222662 24.90117277890444 0.6
      vertex 31.28884774833918 24.920166789889336 0.6
      vertex 31.043661143779758 25.690403088331223 0.6
    endloop
  endfacet
  facet normal 0 0 1
    outer loop
      vertex 31.560444537699226 24.961677528321744 0.6
      vertex 31.613562312126163 24.956705122590066 0.6
      vertex 31.71267027795315 25.606071113944054 0.6
    endloop
  endfacet
  facet normal 0 0 1
    outer loop
      vertex 31.665620830059055 24.948417774736882 0.6
      vertex 31.87125632554293 25.537417530417443 0.6
      vertex 31.613562312126163 24.956705122590066 0.6
    endloop
  endfacet
  facet normal 0 0 1
    outer loop
      vertex 31.28884774833918 24.920166789889336 0.6
      vertex 31.32800774663687 24.93570734500885 0.6
      vertex 31.170602496862415 25.69433999747038 0.6
    endloop
  endfacet
  facet normal 0 0 1
    outer loop
      vertex 31.32800774663687 24.93570734500885 0.6
      vertex 31.369329724609855 24.947794444262982 0.6
      vertex 31.170602496862415 25.69433999747038 0.6
    endloop
  endfacet
  facet normal 0 0 1
    outer loop
      vertex 31.369329724609855 24.947794444262982 0.6
      vertex 31.412813674807552 24.95642808765173 0.6
      vertex 31.362343367338184 25.684532343745232 0.6
    endloop
  endfacet
  facet normal 0 0 1
    outer loop
      vertex 31.412813674807552 24.95642808765173 0.6
      vertex 31.45845959722996 24.961608275175095 0.6
      vertex 31.362343367338184 25.684532343745232 0.6
    endloop
  endfacet
  facet normal 0 0 1
    outer loop
      vertex 31.28884774833918 24.920166789889336 0.6
      vertex 31.170602496862415 25.69433999747038 0.6
      vertex 31.043661143779758 25.690403088331223 0.6
    endloop
  endfacet
  facet normal 0 0 1
    outer loop
      vertex 31.369329724609855 24.947794444262982 0.6
      vertex 31.362343367338184 25.684532343745232 0.6
      vertex 31.170602496862415 25.69433999747038 0.6
    endloop
  endfacet
  facet normal 0 0 1
    outer loop
      vertex 31.45845959722996 24.961608275175095 0.6
      vertex 31.506267499327663 24.963334999382496 0.6
      vertex 31.543032620251182 25.65510938256979 0.6
    endloop
  endfacet
  facet normal 0 0 1
    outer loop
      vertex 31.506267499327663 24.963334999382496 0.6
      vertex 31.560444537699226 24.961677528321744 0.6
      vertex 31.543032620251182 25.65510938256979 0.6
    endloop
  endfacet
  facet normal 0 0 1
    outer loop
      vertex 31.45845959722996 24.961608275175095 0.6
      vertex 31.543032620251182 25.65510938256979 0.6
      vertex 31.362343367338184 25.684532343745232 0.6
    endloop
  endfacet
  facet normal 0 0 1
    outer loop
      vertex 31.613562312126163 24.956705122590066 0.6
      vertex 31.87125632554293 25.537417530417443 0.6
      vertex 31.71267027795315 25.606071113944054 0.6
    endloop
  endfacet
  facet normal 0 0 1
    outer loop
      vertex 31.560444537699226 24.961677528321744 0.6
      vertex 31.71267027795315 25.606071113944054 0.6
      vertex 31.543032620251182 25.65510938256979 0.6
    endloop
  endfacet
  facet normal -0.022833837691437705 -0.999739273939101 0
    outer loop
      vertex 31.681358304023746 21.513417899012566 0.6
      vertex 31.84567249953747 21.509664996862412 0
      vertex 31.84567249953747 21.509664996862412 0.6
    endloop
  endfacet
  facet normal 0.028074600941904178 -0.9996058307062603 0
    outer loop
      vertex 31.84567249953747 21.509664996862412 0.6
      vertex 32.01125713080168 21.514315552413464 0
      vertex 32.01125713080168 21.514315552413464 0.6
    endloop
  endfacet
  facet normal 0.08855604046532224 -0.9960711960985038 0
    outer loop
      vertex 32.01125713080168 21.514315552413464 0.6
      vertex 32.16818435132504 21.52826721906662 0
      vertex 32.16818435132504 21.52826721906662 0.6
    endloop
  endfacet
  facet normal 0.15493373986975642 -0.987924863666246 0
    outer loop
      vertex 32.16818435132504 21.52826721906662 0.6
      vertex 32.316454168558124 21.55151999682188 0
      vertex 32.316454168558124 21.55151999682188 0.6
    endloop
  endfacet
  facet normal 0.22708182952833011 -0.9738756813362096 0
    outer loop
      vertex 32.316454168558124 21.55151999682188 0.6
      vertex 32.45606657505036 21.584073885679246 0
      vertex 32.45606657505036 21.584073885679246 0.6
    endloop
  endfacet
  facet normal 0.3044418540572051 -0.9525309220693108 0
    outer loop
      vertex 32.45606657505036 21.584073885679246 0.6
      vertex 32.58702157080174 21.625928885638714 0
      vertex 32.58702157080174 21.625928885638714 0.6
    endloop
  endfacet
  facet normal 0.38589268825227574 -0.9225436754720244 0
    outer loop
      vertex 32.58702157080174 21.625928885638714 0.6
      vertex 32.70931916326285 21.677084996700287 0
      vertex 32.70931916326285 21.677084996700287 0.6
    endloop
  endfacet
  facet normal 0.46967542171208726 -0.882839168954104 0
    outer loop
      vertex 32.70931916326285 21.677084996700287 0.6
      vertex 32.822959352433685 21.737542218863965 0
      vertex 32.822959352433685 21.737542218863965 0.6
    endloop
  endfacet
  facet normal 0.5534352614911972 -0.8328921967086559 0
    outer loop
      vertex 32.822959352433685 21.737542218863965 0.6
      vertex 32.92794213086367 21.807300552129746 0
      vertex 32.92794213086367 21.807300552129746 0.6
    endloop
  endfacet
  facet normal 0 -1 0
    outer loop
      vertex 34.48655250310898 20.08488999992609 0.6
      vertex 35.53463250041008 20.08488999992609 0
      vertex 35.53463250041008 20.08488999992609 0.6
    endloop
  endfacet
  facet normal -0.5230434620332425 -0.8523060112566848 0
    outer loop
      vertex 37.17088725060225 21.846972531974316 0.6
      vertex 37.31671194374562 21.757482781410218 0
      vertex 37.31671194374562 21.757482781410218 0.6
    endloop
  endfacet
  facet normal -0.3478126328479013 -0.937564063107909 0
    outer loop
      vertex 37.47312651216984 21.681760675609112 0.6
      vertex 37.64013095587492 21.61980623692274 0
      vertex 37.64013095587492 21.61980623692274 0.6
    endloop
  endfacet
  facet normal -0.43573641180771977 -0.9000743188342468 0
    outer loop
      vertex 37.31671194374562 21.757482781410218 0.6
      vertex 37.47312651216984 21.681760675609112 0
      vertex 37.47312651216984 21.681760675609112 0.6
    endloop
  endfacet
  facet normal -0.17991668499390115 -0.9836818522575301 0
    outer loop
      vertex 38.00590947657824 21.53720030874014 0.6
      vertex 37.81772527486086 21.571619442999364 0.6
      vertex 38.00590947657824 21.53720030874014 0
    endloop
  endfacet
  facet normal -0.10333802668814535 -0.9946462950417098 0
    outer loop
      vertex 38.00590947657824 21.53720030874014 0.6
      vertex 38.20468354612589 21.51654882669449 0
      vertex 38.20468354612589 21.51654882669449 0.6
    endloop
  endfacet
  facet normal -0.2618626711478076 -0.965105145286945 0
    outer loop
      vertex 37.64013095587492 21.61980623692274 0.6
      vertex 37.81772527486086 21.571619442999364 0
      vertex 37.81772527486086 21.571619442999364 0.6
    endloop
  endfacet
  facet normal -0.03286196978062275 -0.9994598996168568 0
    outer loop
      vertex 38.20468354612589 21.51654882669449 0.6
      vertex 38.41404749840498 21.509664996862412 0
      vertex 38.41404749840498 21.509664996862412 0.6
    endloop
  endfacet
  facet normal 0.03109625920700947 -0.9995163943944745 0
    outer loop
      vertex 38.41404749840498 21.509664996862412 0.6
      vertex 38.62791330009699 21.516318641006947 0
      vertex 38.62791330009699 21.516318641006947 0.6
    endloop
  endfacet
  facet normal 0.09819005823385914 -0.9951676805765104 0
    outer loop
      vertex 38.62791330009699 21.516318641006947 0.6
      vertex 38.83021960049868 21.53627956598997 0
      vertex 38.83021960049868 21.53627956598997 0.6
    endloop
  endfacet
  facet normal 0.17181667599814782 -0.9851289407224556 0
    outer loop
      vertex 38.83021960049868 21.53627956598997 0.6
      vertex 39.020966392159465 21.569547779262066 0
      vertex 39.020966392159465 21.569547779262066 0.6
    endloop
  endfacet
  facet normal 0.25156707160690195 -0.9678398671697338 0
    outer loop
      vertex 39.020966392159465 21.569547779262066 0.6
      vertex 39.20015367507935 21.61612327337265 0
      vertex 39.20015367507935 21.61612327337265 0.6
    endloop
  endfacet
  facet normal 0.336414682684473 -0.9417139487521173 0
    outer loop
      vertex 39.20015367507935 21.61612327337265 0.6
      vertex 39.36778144925833 21.676006048321725 0
      vertex 39.36778144925833 21.676006048321725 0.6
    endloop
  endfacet
  facet normal 0.42459110995077315 -0.9053852159996707 0
    outer loop
      vertex 39.36778144925833 21.676006048321725 0.6
      vertex 39.52384972214699 21.74919611155987 0
      vertex 39.52384972214699 21.74919611155987 0.6
    endloop
  endfacet
  facet normal 0.5135877353375712 -0.8580370843447415 0
    outer loop
      vertex 39.52384972214699 21.74919611155987 0.6
      vertex 39.66835848629475 21.835693455636502 0
      vertex 39.66835848629475 21.835693455636502 0.6
    endloop
  endfacet
  facet normal 0 0 1
    outer loop
      vertex 31.681358304023746 21.513417899012566 0.6
      vertex 31.84567249953747 21.509664996862412 0.6
      vertex 31.738213364183906 22.19005506426096 0.6
    endloop
  endfacet
  facet normal 0 0 1
    outer loop
      vertex 31.84567249953747 21.509664996862412 0.6
      vertex 32.01125713080168 21.514315552413464 0.6
      vertex 31.86841126173735 22.190791792571545 0.6
    endloop
  endfacet
  facet normal 0 0 1
    outer loop
      vertex 32.01125713080168 21.514315552413464 0.6
      vertex 32.16818435132504 21.52826721906662 0.6
      vertex 31.931537006199363 22.197907164096833 0.6
    endloop
  endfacet
  facet normal 0 0 1
    outer loop
      vertex 32.16818435132504 21.52826721906662 0.6
      vertex 32.316454168558124 21.55151999682188 0.6
      vertex 32.044804413020614 22.226368642747403 0.6
    endloop
  endfacet
  facet normal 0 0 1
    outer loop
      vertex 32.316454168558124 21.55151999682188 0.6
      vertex 32.45606657505036 21.584073885679246 0.6
      vertex 32.09494608283043 22.247714749872685 0.6
    endloop
  endfacet
  facet normal 0 0 1
    outer loop
      vertex 32.45606657505036 21.584073885679246 0.6
      vertex 32.58702157080174 21.625928885638714 0.6
      vertex 32.14075972527266 22.273804447948933 0.6
    endloop
  endfacet
  facet normal 0 0 1
    outer loop
      vertex 37.64013095587492 21.61980623692274 0.6
      vertex 37.81772527486086 21.571619442999364 0.6
      vertex 38.05180256456137 22.297047040760518 0.6
    endloop
  endfacet
  facet normal 0 0 1
    outer loop
      vertex 38.00590947657824 21.53720030874014 0.6
      vertex 38.05180256456137 22.297047040760518 0.6
      vertex 37.81772527486086 21.571619442999364 0.6
    endloop
  endfacet
  facet normal 0 0 1
    outer loop
      vertex 38.00590947657824 21.53720030874014 0.6
      vertex 38.20468354612589 21.51654882669449 0.6
      vertex 38.22861737400294 22.246349259614945 0.6
    endloop
  endfacet
  facet normal 0 0 1
    outer loop
      vertex 38.20468354612589 21.51654882669449 0.6
      vertex 38.41404749840498 21.509664996862412 0.6
      vertex 38.429007496833805 22.229450001716614 0.6
    endloop
  endfacet
  facet normal 0 0 1
    outer loop
      vertex 38.41404749840498 21.509664996862412 0.6
      vertex 38.62791330009699 21.516318641006947 0.6
      vertex 38.525835339128975 22.233456171453 0.6
    endloop
  endfacet
  facet normal 0 0 1
    outer loop
      vertex 38.62791330009699 21.516318641006947 0.6
      vertex 38.83021960049868 21.53627956598997 0.6
      vertex 38.617414411306385 22.245474688112736 0.6
    endloop
  endfacet
  facet normal 0 0 1
    outer loop
      vertex 38.83021960049868 21.53627956598997 0.6
      vertex 39.020966392159465 21.569547779262066 0.6
      vertex 38.703744720816616 22.265505559146405 0.6
    endloop
  endfacet
  facet normal 0 0 1
    outer loop
      vertex 39.020966392159465 21.569547779262066 0.6
      vertex 39.20015367507935 21.61612327337265 0.6
      vertex 38.86065904438496 22.329604319632054 0.6
    endloop
  endfacet
  facet normal 0.026050439921231364 0.9996606297038563 0
    outer loop
      vertex 31.738213364183906 22.19005506426096 0.6
      vertex 31.800957497358326 22.188419997096062 0.6
      vertex 31.738213364183906 22.19005506426096 0
    endloop
  endfacet
  facet normal -0.03514007955762942 0.9993823966874159 0
    outer loop
      vertex 31.800957497358326 22.188419997096062 0.6
      vertex 31.86841126173735 22.190791792571545 0.6
      vertex 31.800957497358326 22.188419997096062 0
    endloop
  endfacet
  facet normal -0.1120081294664251 0.9937072903694693 0
    outer loop
      vertex 31.86841126173735 22.190791792571545 0.6
      vertex 31.931537006199363 22.197907164096833 0.6
      vertex 31.86841126173735 22.190791792571545 0
    endloop
  endfacet
  facet normal -0.19770937711946857 0.9802606807370331 0
    outer loop
      vertex 31.931537006199363 22.197907164096833 0.6
      vertex 31.990334723293785 22.209766111671925 0.6
      vertex 31.931537006199363 22.197907164096833 0
    endloop
  endfacet
  facet normal -0.2915601776243667 0.9565524882742441 0
    outer loop
      vertex 31.990334723293785 22.209766111671925 0.6
      vertex 32.044804413020614 22.226368642747403 0.6
      vertex 31.990334723293785 22.209766111671925 0
    endloop
  endfacet
  facet normal -0.3916985051662228 0.9200936262416703 0
    outer loop
      vertex 32.044804413020614 22.226368642747403 0.6
      vertex 32.09494608283043 22.247714749872685 0.6
      vertex 32.044804413020614 22.226368642747403 0
    endloop
  endfacet
  facet normal -0.4948582971574438 0.868973685294575 0
    outer loop
      vertex 32.09494608283043 22.247714749872685 0.6
      vertex 32.14075972527266 22.273804447948933 0.6
      vertex 32.09494608283043 22.247714749872685 0
    endloop
  endfacet
  facet normal -0.5965157391568197 0.8026013786047175 0
    outer loop
      vertex 32.14075972527266 22.273804447948933 0.6
      vertex 32.18224534034729 22.304637714624405 0.6
      vertex 32.14075972527266 22.273804447948933 0
    endloop
  endfacet
  facet normal -0.6915758528095168 0.7223038417527555 0
    outer loop
      vertex 32.18224534034729 22.304637714624405 0.6
      vertex 32.21940293550492 22.340214564800263 0.6
      vertex 32.18224534034729 22.304637714624405 0
    endloop
  endfacet
  facet normal -0.7754620884989636 0.6313941315064827 0
    outer loop
      vertex 32.21940293550492 22.340214564800263 0.6
      vertex 32.25223250329495 22.380534998476506 0.6
      vertex 32.21940293550492 22.340214564800263 0
    endloop
  endfacet
  facet normal -0.8419282500147671 0.5395894938071641 0
    outer loop
      vertex 32.25223250329495 22.380534998476506 0.6
      vertex 32.28119441509247 22.425724632441998 0.6
      vertex 32.25223250329495 22.380534998476506 0
    endloop
  endfacet
  facet normal -0.8912080481382735 0.45359476951742794 0
    outer loop
      vertex 32.28119441509247 22.425724632441998 0.6
      vertex 32.30674904227257 22.475933521389962 0.6
      vertex 32.28119441509247 22.425724632441998 0
    endloop
  endfacet
  facet normal -0.9281512744021305 0.3722031862111085 0
    outer loop
      vertex 32.30674904227257 22.475933521389962 0.6
      vertex 32.32889639228583 22.531161665320397 0.6
      vertex 32.30674904227257 22.475933521389962 0
    endloop
  endfacet
  facet normal -0.9548728677618503 0.29701482523985206 0
    outer loop
      vertex 32.32889639228583 22.531161665320397 0.6
      vertex 32.34763645023108 22.591409071683884 0.6
      vertex 32.32889639228583 22.531161665320397 0
    endloop
  endfacet
  facet normal -0.9734971942228449 0.22869895679746505 0
    outer loop
      vertex 32.34763645023108 22.591409071683884 0.6
      vertex 32.36296923100949 22.656675740480424 0.6
      vertex 32.34763645023108 22.591409071683884 0
    endloop
  endfacet
  facet normal -0.9859093760651665 0.16728031021848971 0
    outer loop
      vertex 32.36296923100949 22.656675740480424 0.6
      vertex 32.37489471971989 22.726961664259434 0.6
      vertex 32.36296923100949 22.656675740480424 0
    endloop
  endfacet
  facet normal -0.9936631466913511 0.1123990698691161 0
    outer loop
      vertex 32.37489471971989 22.726961664259434 0.6
      vertex 32.38341293126345 22.802266850471497 0.6
      vertex 32.37489471971989 22.726961664259434 0
    endloop
  endfacet
  facet normal -0.9979818308109496 0.06350012103315453 0
    outer loop
      vertex 32.38341293126345 22.802266850471497 0.6
      vertex 32.388523858189586 22.882591299116612 0.6
      vertex 32.38341293126345 22.802266850471497 0
    endloop
  endfacet
  facet normal -0.999800816162743 0.019958156235313298 0
    outer loop
      vertex 32.388523858189586 22.882591299116612 0.6
      vertex 32.3902275004983 22.9679350027442 0.6
      vertex 32.388523858189586 22.882591299116612 0
    endloop
  endfacet
  facet normal -1 0 0
    outer loop
      vertex 32.3902275004983 22.9679350027442 0.6
      vertex 32.3902275004983 23.173085003495217 0.6
      vertex 32.3902275004983 22.9679350027442 0
    endloop
  endfacet
  facet normal 0.6344280869088595 -0.7729818901767134 0
    outer loop
      vertex 32.92794213086367 21.807300552129746 0.6
      vertex 33.0242674985528 21.88635999649763 0
      vertex 33.0242674985528 21.88635999649763 0.6
    endloop
  endfacet
  facet normal 0.7100911222768268 -0.7041097911999494 0
    outer loop
      vertex 33.0242674985528 21.88635999649763 0.6
      vertex 33.111153241395954 21.973983823657036 0
      vertex 33.111153241395954 21.973983823657036 0.6
    endloop
  endfacet
  facet normal 0.7796612434968939 -0.6262015213881847 0
    outer loop
      vertex 33.111153241395954 21.973983823657036 0.6
      vertex 33.18781713038683 22.069435305297375 0
      vertex 33.18781713038683 22.069435305297375 0.6
    endloop
  endfacet
  facet normal 0.8409995072330123 -0.54103588497791 0
    outer loop
      vertex 33.18781713038683 22.069435305297375 0.6
      vertex 33.25425916552544 22.17271444141865 0
      vertex 33.25425916552544 22.17271444141865 0.6
    endloop
  endfacet
  facet normal 0.8922749815180643 -0.4514923668866817 0
    outer loop
      vertex 33.25425916552544 22.17271444141865 0.6
      vertex 33.310479354262355 22.283821232020856 0
      vertex 33.310479354262355 22.283821232020856 0.6
    endloop
  endfacet
  facet normal 0.932675801943861 -0.3607157446915449 0
    outer loop
      vertex 33.310479354262355 22.283821232020856 0.6
      vertex 33.35647768169642 22.402755677103997 0
      vertex 33.35647768169642 22.402755677103997 0.6
    endloop
  endfacet
  facet normal 0.9624038893887206 -0.27162244695434024 0
    outer loop
      vertex 33.35647768169642 22.402755677103997 0.6
      vertex 33.39225417017937 22.529517776668072 0
      vertex 33.39225417017937 22.529517776668072 0.6
    endloop
  endfacet
  facet normal 0.9824477705158942 -0.18653787338862077 0
    outer loop
      vertex 33.39225417017937 22.529517776668072 0.6
      vertex 33.41780879735947 22.664107530713082 0
      vertex 33.41780879735947 22.664107530713082 0.6
    endloop
  endfacet
  facet normal 0.9942544738518421 -0.10704224038012576 0
    outer loop
      vertex 33.41780879735947 22.664107530713082 0.6
      vertex 33.4331415706873 22.806524939239026 0
      vertex 33.4331415706873 22.806524939239026 0.6
    endloop
  endfacet
  facet normal 0.999421914320408 -0.03399760544702054 0
    outer loop
      vertex 33.4331415706873 22.806524939239026 0.6
      vertex 33.43825249761343 22.956770002245904 0
      vertex 33.43825249761343 22.956770002245904 0.6
    endloop
  endfacet
  facet normal -0.01714937427725105 -0.9998529386674317 0
    outer loop
      vertex 31.521227497756485 23.187990001738072 0.6
      vertex 32.3902275004983 23.173085003495217 0
      vertex 32.3902275004983 23.173085003495217 0.6
    endloop
  endfacet
  facet normal 0.049988388193282024 0.9987497990216757 0
    outer loop
      vertex 31.77454867601395 23.762604198753834 0.6
      vertex 31.853152502477172 23.758670001626015 0.6
      vertex 31.77454867601395 23.762604198753834 0
    endloop
  endfacet
  facet normal 0.01392594633188192 0.9999030293077232 0
    outer loop
      vertex 31.853152502477172 23.758670001626015 0.6
      vertex 32.3902275004983 23.751189998686314 0.6
      vertex 31.853152502477172 23.758670001626015 0
    endloop
  endfacet
  facet normal -1 0 0
    outer loop
      vertex 32.3902275004983 23.751189998686314 0.6
      vertex 32.3902275004983 23.956339999437333 0.6
      vertex 32.3902275004983 23.751189998686314 0
    endloop
  endfacet
  facet normal -0.9997024278083381 -0.02439376629621835 0
    outer loop
      vertex 32.3902275004983 23.956339999437333 0.6
      vertex 32.38880021512509 24.014832838773728 0.6
      vertex 32.3902275004983 23.956339999437333 0
    endloop
  endfacet
  facet normal -0.9972675664601058 -0.07387422342561992 0
    outer loop
      vertex 32.38880021512509 24.014832838773728 0.6
      vertex 32.384518366456035 24.07263579905033 0.6
      vertex 32.38880021512509 24.014832838773728 0
    endloop
  endfacet
  facet normal -0.9922836847861107 -0.12398826116733101 0
    outer loop
      vertex 32.384518366456035 24.07263579905033 0.6
      vertex 32.37738194704056 24.129748887717724 0.6
      vertex 32.384518366456035 24.07263579905033 0
    endloop
  endfacet
  facet normal -0.9846819830979985 -0.1743599499948114 0
    outer loop
      vertex 32.37738194704056 24.129748887717724 0.6
      vertex 32.367390956878666 24.186172097325326 0.6
      vertex 32.37738194704056 24.129748887717724 0
    endloop
  endfacet
  facet normal -0.9744523991335768 -0.22459412686625652 0
    outer loop
      vertex 32.367390956878666 24.186172097325326 0.6
      vertex 32.35454540342093 24.241905435323716 0.6
      vertex 32.367390956878666 24.186172097325326 0
    endloop
  endfacet
  facet normal -0.9616464983290969 -0.27429183774109345 0
    outer loop
      vertex 32.35454540342093 24.241905435323716 0.6
      vertex 32.33884527921677 24.296948886811734 0.6
      vertex 32.35454540342093 24.241905435323716 0
    endloop
  endfacet
  facet normal 1 0 0
    outer loop
      vertex 33.43825249761343 22.956770002245904 0.6
      vertex 33.43825249761343 24.42626000136137 0
      vertex 33.43825249761343 24.42626000136137 0.6
    endloop
  endfacet
  facet normal -1 0 0
    outer loop
      vertex 34.48655250310898 20.08488999992609 0.6
      vertex 34.48655250310898 25.619759998619557 0.6
      vertex 34.48655250310898 20.08488999992609 0
    endloop
  endfacet
  facet normal -0.9684544817187223 -0.24919052317237306 0
    outer loop
      vertex 36.480021391212944 22.815149753689766 0.6
      vertex 36.43360750019551 22.99553278028965 0.6
      vertex 36.480021391212944 22.815149753689766 0
    endloop
  endfacet
  facet normal -0.9852151758515536 -0.17132150265448978 0
    outer loop
      vertex 36.43360750019551 22.99553278028965 0.6
      vertex 36.4004547187686 23.186183824539185 0.6
      vertex 36.43360750019551 22.99553278028965 0
    endloop
  endfacet
  facet normal -0.9951349024873434 -0.0985217024391361 0
    outer loop
      vertex 36.4004547187686 23.186183824539185 0.6
      vertex 36.380563054382804 23.38710290133953 0.6
      vertex 36.4004547187686 23.186183824539185 0
    endloop
  endfacet
  facet normal -0.9995074911630798 -0.031381126635067105 0
    outer loop
      vertex 36.380563054382804 23.38710290133953 0.6
      vertex 36.37393249958754 23.59829000324011 0.6
      vertex 36.380563054382804 23.38710290133953 0
    endloop
  endfacet
  facet normal 1 0 0
    outer loop
      vertex 35.53463250041008 20.08488999992609 0.6
      vertex 35.53463250041008 25.619759998619557 0
      vertex 35.53463250041008 25.619759998619557 0.6
    endloop
  endfacet
  facet normal -0.9995111824563345 0.031263335470485626 0
    outer loop
      vertex 36.37393249958754 23.59829000324011 0.6
      vertex 36.380563054382804 23.81027357965708 0.6
      vertex 36.37393249958754 23.59829000324011 0
    endloop
  endfacet
  facet normal -0.9951708394707153 0.09815803720099445 0
    outer loop
      vertex 36.380563054382804 23.81027357965708 0.6
      vertex 36.4004547187686 24.011944323182107 0.6
      vertex 36.380563054382804 23.81027357965708 0
    endloop
  endfacet
  facet normal -0.985321811957839 0.17070713775387633 0
    outer loop
      vertex 36.4004547187686 24.011944323182107 0.6
      vertex 36.43360750019551 24.203302218914033 0.6
      vertex 36.4004547187686 24.011944323182107 0
    endloop
  endfacet
  facet normal -0.9686740604328801 0.248335588759398 0
    outer loop
      vertex 36.43360750019551 24.203302218914033 0.6
      vertex 36.480021391212944 24.384347281754017 0.6
      vertex 36.43360750019551 24.203302218914033 0
    endloop
  endfacet
  facet normal -0.928811878714244 -0.3705516076868598 0
    outer loop
      vertex 32.32029058426619 24.35130246669054 0.6
      vertex 32.29888132601977 24.404966174960137 0.6
      vertex 32.32029058426619 24.35130246669054 0
    endloop
  endfacet
  facet normal -0.9091677602781802 -0.4164300465513476 0
    outer loop
      vertex 32.29888132601977 24.404966174960137 0.6
      vertex 32.274617497026924 24.45793999671936 0.6
      vertex 32.29888132601977 24.404966174960137 0
    endloop
  endfacet
  facet normal -0.8867599922351174 -0.46223015497820397 0
    outer loop
      vertex 32.274617497026924 24.45793999671936 0.6
      vertex 32.247844044268135 24.509303211569787 0.6
      vertex 32.274617497026924 24.45793999671936 0
    endloop
  endfacet
  facet normal -0.860285668091714 -0.5098122882748054 0
    outer loop
      vertex 32.247844044268135 24.509303211569787 0.6
      vertex 32.218905892372135 24.558135061860085 0.6
      vertex 32.247844044268135 24.509303211569787 0
    endloop
  endfacet
  facet normal -0.6258588956732158 -0.7799363068268478 0
    outer loop
      vertex 31.999818485379222 24.797967656850815 0.6
      vertex 32.041744787395004 24.764323949217797 0
      vertex 32.041744787395004 24.764323949217797 0.6
    endloop
  endfacet
  facet normal -0.4694439235737651 -0.8829622883338047 0
    outer loop
      vertex 31.910024535059932 24.857256978154183 0.6
      vertex 31.863262314498428 24.882119014263154 0.6
      vertex 31.910024535059932 24.857256978154183 0
    endloop
  endfacet
  facet normal -0.5248007709916511 -0.8512250881914657 0
    outer loop
      vertex 31.95572749912739 24.829079999923707 0.6
      vertex 31.910024535059932 24.857256978154183 0.6
      vertex 31.95572749912739 24.829079999923707 0
    endloop
  endfacet
  facet normal -0.5765507729782876 -0.8170613233889725 0
    outer loop
      vertex 31.999818485379222 24.797967656850815 0.6
      vertex 31.95572749912739 24.829079999923707 0.6
      vertex 31.999818485379222 24.797967656850815 0
    endloop
  endfacet
  facet normal -0.7961359767658562 -0.6051177625050151 0
    outer loop
      vertex 32.154535520970825 24.648204691112042 0.6
      vertex 32.187803056240085 24.604435555040837 0
      vertex 32.187803056240085 24.604435555040837 0.6
    endloop
  endfacet
  facet normal -0.7173128432916904 -0.6967512359865542 0
    outer loop
      vertex 32.119103301465515 24.6894424700737 0.6
      vertex 32.081506390273574 24.728148891925812 0.6
      vertex 32.119103301465515 24.6894424700737 0
    endloop
  endfacet
  facet normal -0.7584785474764912 -0.6516980075295244 0
    outer loop
      vertex 32.154535520970825 24.648204691112042 0.6
      vertex 32.119103301465515 24.6894424700737 0.6
      vertex 32.154535520970825 24.648204691112042 0
    endloop
  endfacet
  facet normal -0.8300936472382949 -0.5576240102565754 0
    outer loop
      vertex 32.218905892372135 24.558135061860085 0.6
      vertex 32.187803056240085 24.604435555040837 0.6
      vertex 32.218905892372135 24.558135061860085 0
    endloop
  endfacet
  facet normal -0.6729594140166311 -0.7396794083157869 0
    outer loop
      vertex 32.081506390273574 24.728148891925812 0.6
      vertex 32.041744787395004 24.764323949217797 0.6
      vertex 32.081506390273574 24.728148891925812 0
    endloop
  endfacet
  facet normal -0.9463768165076886 -0.3230648869449801 0
    outer loop
      vertex 32.32029058426619 24.35130246669054 0.6
      vertex 32.33884527921677 24.296948886811734 0
      vertex 32.33884527921677 24.296948886811734 0.6
    endloop
  endfacet
  facet normal -0.3494741576131599 -0.9369460033324079 0
    outer loop
      vertex 31.766560088992122 24.92189827501774 0.6
      vertex 31.815440829992298 24.90366610825062 0
      vertex 31.815440829992298 24.90366610825062 0.6
    endloop
  endfacet
  facet normal -0.2862073764307602 -0.9581676980970613 0
    outer loop
      vertex 31.7166200914979 24.936815492212773 0.6
      vertex 31.766560088992122 24.92189827501774 0
      vertex 31.766560088992122 24.92189827501774 0.6
    endloop
  endfacet
  facet normal -0.41079945908194504 -0.9117257287243689 0
    outer loop
      vertex 31.815440829992298 24.90366610825062 0.6
      vertex 31.863262314498428 24.882119014263154 0
      vertex 31.863262314498428 24.882119014263154 0.6
    endloop
  endfacet
  facet normal 0.7894640380239574 0.6137968170876319 0
    outer loop
      vertex 32.28070484489203 25.213764935135842 0.6
      vertex 32.39508447438479 25.066650121808053 0.6
      vertex 32.28070484489203 25.213764935135842 0
    endloop
  endfacet
  facet normal 0.7128651252677706 0.7013011572619611 0
    outer loop
      vertex 32.28070484489203 25.213764935135842 0.6
      vertex 32.15527361273766 25.341264441013337 0
      vertex 32.15527361273766 25.341264441013337 0.6
    endloop
  endfacet
  facet normal 0.6201207460586928 0.7845063800298951 0
    outer loop
      vertex 32.0187907704711 25.449148639440537 0.6
      vertex 32.15527361273766 25.341264441013337 0.6
      vertex 32.0187907704711 25.449148639440537 0
    endloop
  endfacet
  facet normal 0.8500046146812212 0.5267752414651133 0
    outer loop
      vertex 32.49841250121594 24.89992000102997 0.6
      vertex 32.39508447438479 25.066650121808053 0
      vertex 32.39508447438479 25.066650121808053 0.6
    endloop
  endfacet
  facet normal 0 1 0
    outer loop
      vertex 32.49841250121594 24.89992000102997 0.6
      vertex 32.52074250221253 24.89992000102997 0.6
      vertex 32.49841250121594 24.89992000102997 0
    endloop
  endfacet
  facet normal -0.9923063565235423 0.12380668319187203 0
    outer loop
      vertex 32.52074250221253 24.89992000102997 0.6
      vertex 32.53090528041125 24.981374322772027 0.6
      vertex 32.52074250221253 24.89992000102997 0
    endloop
  endfacet
  facet normal -0.9840921747319754 0.17765863793041756 0
    outer loop
      vertex 32.53090528041125 24.981374322772027 0.6
      vertex 32.54479582995177 25.058317280709744 0.6
      vertex 32.53090528041125 24.981374322772027 0
    endloop
  endfacet
  facet normal -0.9716681075247856 0.23634950564619756 0
    outer loop
      vertex 32.54479582995177 25.058317280709744 0.6
      vertex 32.56241416573525 25.130748889744282 0.6
      vertex 32.54479582995177 25.058317280709744 0
    endloop
  endfacet
  facet normal -0.953994714097692 0.299823423824195 0
    outer loop
      vertex 32.56241416573525 25.130748889744282 0.6
      vertex 32.58376028031111 25.19866913497448 0.6
      vertex 32.56241416573525 25.130748889744282 0
    endloop
  endfacet
  facet normal -0.9299343653822634 0.36772554450444006 0
    outer loop
      vertex 32.58376028031111 25.19866913497448 0.6
      vertex 32.608834166228775 25.26207802385092 0.6
      vertex 32.58376028031111 25.19866913497448 0
    endloop
  endfacet
  facet normal -0.8983403292160212 0.43930018541317584 0
    outer loop
      vertex 32.608834166228775 25.26207802385092 0.6
      vertex 32.63763583093882 25.320975556373597 0.6
      vertex 32.608834166228775 25.26207802385092 0
    endloop
  endfacet
  facet normal -0.8582039910299173 0.5133087859956436 0
    outer loop
      vertex 32.63763583093882 25.320975556373597 0.6
      vertex 32.670165274441246 25.375361725091935 0.6
      vertex 32.63763583093882 25.320975556373597 0
    endloop
  endfacet
  facet normal -0.8088546679805251 0.5880086105543989 0
    outer loop
      vertex 32.670165274441246 25.375361725091935 0.6
      vertex 32.70642249673605 25.425236544907094 0.6
      vertex 32.670165274441246 25.375361725091935 0
    endloop
  endfacet
  facet normal -0.7501788674687994 0.6612349558237447 0
    outer loop
      vertex 32.70642249673605 25.425236544907094 0.6
      vertex 32.74640749782324 25.470600000917912 0.6
      vertex 32.70642249673605 25.425236544907094 0
    endloop
  endfacet
  facet normal 0.9999160193627715 -0.012959715340611192 0
    outer loop
      vertex 33.43825249761343 24.42626000136137 0.6
      vertex 33.43919632971287 24.49908203572035 0
      vertex 33.43919632971287 24.49908203572035 0.6
    endloop
  endfacet
  facet normal 0.9991244446873154 -0.041837113048864394 0
    outer loop
      vertex 33.43919632971287 24.49908203572035 0.6
      vertex 33.44202781111002 24.566701478660107 0
      vertex 33.44202781111002 24.566701478660107 0.6
    endloop
  endfacet
  facet normal 0.9971540109896104 -0.07539150063058826 0
    outer loop
      vertex 33.44202781111002 24.566701478660107 0.6
      vertex 33.44674694180489 24.629118330180646 0
      vertex 33.44674694180489 24.629118330180646 0.6
    endloop
  endfacet
  facet normal 0.993398751005034 -0.1147123424119596 0
    outer loop
      vertex 33.44674694180489 24.629118330180646 0.6
      vertex 33.45335373669863 24.686332590281964 0
      vertex 33.45335373669863 24.686332590281964 0.6
    endloop
  endfacet
  facet normal 0.9869246018250045 -0.16118259928589268 0
    outer loop
      vertex 33.45335373669863 24.686332590281964 0.6
      vertex 33.46184818089009 24.738344258964062 0
      vertex 33.46184818089009 24.738344258964062 0.6
    endloop
  endfacet
  facet normal 0.9762749763340535 -0.21653445588160625 0
    outer loop
      vertex 33.46184818089009 24.738344258964062 0.6
      vertex 33.47223027437926 24.78515333622694 0
      vertex 33.47223027437926 24.78515333622694 0.6
    endloop
  endfacet
  facet normal 0.959162073218484 -0.2828570616039481 0
    outer loop
      vertex 33.47223027437926 24.78515333622694 0.6
      vertex 33.4845000320673 24.82675981462002 0
      vertex 33.4845000320673 24.82675981462002 0.6
    endloop
  endfacet
  facet normal 0.9320017325657503 -0.3624538184299342 0
    outer loop
      vertex 33.4845000320673 24.82675981462002 0.6
      vertex 33.49865743905306 24.863163701593876 0
      vertex 33.49865743905306 24.863163701593876 0.6
    endloop
  endfacet
  facet normal 0.8893030668746073 -0.4573183303208146 0
    outer loop
      vertex 33.49865743905306 24.863163701593876 0.6
      vertex 33.51470250278712 24.894364997148514 0
      vertex 33.51470250278712 24.894364997148514 0.6
    endloop
  endfacet
  facet normal 0.8282496089239836 -0.5603593358883817 0
    outer loop
      vertex 33.51470250278712 24.894364997148514 0.6
      vertex 33.53296929240227 24.92136456757784 0
      vertex 33.53296929240227 24.92136456757784 0.6
    endloop
  endfacet
  facet normal 0.7533144513287044 -0.6576605031620287 0
    outer loop
      vertex 33.53296929240227 24.92136456757784 0.6
      vertex 33.55376743912697 24.945187717080117 0
      vertex 33.55376743912697 24.945187717080117 0.6
    endloop
  endfacet
  facet normal 0.6627375634869187 -0.7488517356215598 0
    outer loop
      vertex 33.55376743912697 24.945187717080117 0.6
      vertex 33.57709694296122 24.965834445655346 0
      vertex 33.57709694296122 24.965834445655346 0.6
    endloop
  endfacet
  facet normal 0.559785867271236 -0.8286373047379595 0
    outer loop
      vertex 33.57709694296122 24.965834445655346 0.6
      vertex 33.602957811355594 24.98330475330353 0
      vertex 33.602957811355594 24.98330475330353 0.6
    endloop
  endfacet
  facet normal 0.4496727009334443 -0.8931934068471515 0
    outer loop
      vertex 33.602957811355594 24.98330475330353 0.6
      vertex 33.631350029408935 24.997598640024663 0
      vertex 33.631350029408935 24.997598640024663 0.6
    endloop
  endfacet
  facet normal 0.33831489930514835 -0.9410329584600888 0
    outer loop
      vertex 33.631350029408935 24.997598640024663 0.6
      vertex 33.6622736120224 25.00871611326933 0
      vertex 33.6622736120224 25.00871611326933 0.6
    endloop
  endfacet
  facet normal 0.23094845253138463 -0.9729659872129954 0
    outer loop
      vertex 33.6622736120224 25.00871611326933 0.6
      vertex 33.69572855174542 25.01665715813637 0
      vertex 33.69572855174542 25.01665715813637 0.6
    endloop
  endfacet
  facet normal 0.13125580442801388 -0.9913485329610141 0
    outer loop
      vertex 33.69572855174542 25.01665715813637 0.6
      vertex 33.73171484857798 25.02142178952694 0
      vertex 33.73171484857798 25.02142178952694 0.6
    endloop
  endfacet
  facet normal 0.04119830502722795 -0.999150989421961 0
    outer loop
      vertex 33.73171484857798 25.02142178952694 0.6
      vertex 33.77023250252009 25.023009999990464 0
      vertex 33.77023250252009 25.023009999990464 0.6
    endloop
  endfacet
  facet normal -0.010455660939826712 -0.9999453380831931 0
    outer loop
      vertex 33.77023250252009 25.023009999990464 0.6
      vertex 33.79666237920523 25.022733643054963 0
      vertex 33.79666237920523 25.022733643054963 0.6
    endloop
  endfacet
  facet normal -0.03157397889163088 -0.9995014176362887 0
    outer loop
      vertex 33.79666237920523 25.022733643054963 0.6
      vertex 33.822907563447956 25.02190456479788 0
      vertex 33.822907563447956 25.02190456479788 0.6
    endloop
  endfacet
  facet normal -0.05294782734896973 -0.9985972799777815 0
    outer loop
      vertex 33.822907563447956 25.02190456479788 0.6
      vertex 33.848968055248264 25.020522780120373 0
      vertex 33.848968055248264 25.020522780120373 0.6
    endloop
  endfacet
  facet normal -0.0745531499325192 -0.9972170414885314 0
    outer loop
      vertex 33.848968055248264 25.020522780120373 0.6
      vertex 33.874843854606155 25.018588274121285 0
      vertex 33.874843854606155 25.018588274121285 0.6
    endloop
  endfacet
  facet normal -0.0963622114509057 -0.9953463337975837 0
    outer loop
      vertex 33.874843854606155 25.018588274121285 0.6
      vertex 33.90053496897221 25.016101046800614 0
      vertex 33.90053496897221 25.016101046800614 0.6
    endloop
  endfacet
  facet normal -0.11834551101517343 -0.9929724769713194 0
    outer loop
      vertex 33.90053496897221 25.016101046800614 0.6
      vertex 33.92604139089585 25.01306111305952 0
      vertex 33.92604139089585 25.01306111305952 0.6
    endloop
  endfacet
  facet normal -0.14047349632105569 -0.9900844392431073 0
    outer loop
      vertex 33.92604139089585 25.01306111305952 0.6
      vertex 33.95136312037707 25.009468457996846 0
      vertex 33.95136312037707 25.009468457996846 0.6
    endloop
  endfacet
  facet normal -0.1850313706020893 -0.9827326146481108 0
    outer loop
      vertex 33.97650015741587 25.005323089063168 0.6
      vertex 34.001452502012256 25.000624998807908 0
      vertex 34.001452502012256 25.000624998807908 0.6
    endloop
  endfacet
  facet normal -0.1627131054686673 -0.9866734238382739 0
    outer loop
      vertex 33.95136312037707 25.009468457996846 0.6
      vertex 33.97650015741587 25.005323089063168 0
      vertex 33.97650015741587 25.005323089063168 0.6
    endloop
  endfacet
  facet normal 1 0 0
    outer loop
      vertex 34.001452502012256 25.000624998807908 0.6
      vertex 34.001452502012256 25.56756500095129 0
      vertex 34.001452502012256 25.56756500095129 0.6
    endloop
  endfacet
  facet normal 0.39728081380414754 0.9176970932628665 0
    outer loop
      vertex 31.71267027795315 25.606071113944054 0.6
      vertex 31.87125632554293 25.537417530417443 0.6
      vertex 31.71267027795315 25.606071113944054 0
    endloop
  endfacet
  facet normal 0.5134185393061923 0.858138335874057 0
    outer loop
      vertex 32.0187907704711 25.449148639440537 0.6
      vertex 31.87125632554293 25.537417530417443 0
      vertex 31.87125632554293 25.537417530417443 0.6
    endloop
  endfacet
  facet normal -0.6756026568817571 0.7372659289661436 0
    outer loop
      vertex 32.74640749782324 25.470600000917912 0.6
      vertex 32.79082373172045 25.511301360428334 0.6
      vertex 32.74640749782324 25.470600000917912 0
    endloop
  endfacet
  facet normal -0.5870346488522566 0.8095618080461231 0
    outer loop
      vertex 32.79082373172045 25.511301360428334 0.6
      vertex 32.84035021454096 25.54721432119608 0.6
      vertex 32.79082373172045 25.511301360428334 0
    endloop
  endfacet
  facet normal -0.4949825546200383 0.8689029120804123 0
    outer loop
      vertex 32.84035021454096 25.54721432119608 0.6
      vertex 32.894986946284774 25.57833889067173 0.6
      vertex 32.84035021454096 25.54721432119608 0
    endloop
  endfacet
  facet normal -0.40334804101527505 0.9150466424227456 0
    outer loop
      vertex 32.894986946284774 25.57833889067173 0.6
      vertex 32.95473391950131 25.604675061404706 0.6
      vertex 32.894986946284774 25.57833889067173 0
    endloop
  endfacet
  facet normal -0.3152887418902851 0.948995789894371 0
    outer loop
      vertex 32.95473391950131 25.604675061404706 0.6
      vertex 33.01959114164114 25.626222840845585 0.6
      vertex 32.95473391950131 25.604675061404706 0
    endloop
  endfacet
  facet normal -0.232941703201701 0.9724907006802125 0
    outer loop
      vertex 33.01959114164114 25.626222840845585 0.6
      vertex 33.08955861270428 25.64298222154379 0.6
      vertex 33.01959114164114 25.626222840845585 0
    endloop
  endfacet
  facet normal -0.15745894888265824 0.9875255335518005 0
    outer loop
      vertex 33.08955861270428 25.64298222154379 0.6
      vertex 33.16463632524014 25.6549532109499 0.6
      vertex 33.08955861270428 25.64298222154379 0
    endloop
  endfacet
  facet normal -0.08921475654713838 0.996012413182805 0
    outer loop
      vertex 33.16463632524014 25.6549532109499 0.6
      vertex 33.2448242866993 25.66213580161333 0.6
      vertex 33.16463632524014 25.6549532109499 0
    endloop
  endfacet
  facet normal -0.028057526512138865 0.9996063101071444 0
    outer loop
      vertex 33.2448242866993 25.66213580161333 0.6
      vertex 33.33012249708176 25.66453000098467 0.6
      vertex 33.2448242866993 25.66213580161333 0
    endloop
  endfacet
  facet normal 0.0037670428529226075 0.9999929046689002 0
    outer loop
      vertex 33.33012249708176 25.66453000098467 0.6
      vertex 33.35463755965233 25.66443765103817 0.6
      vertex 33.33012249708176 25.66453000098467 0
    endloop
  endfacet
  facet normal 0.011627030074004936 0.999932403801206 0
    outer loop
      vertex 33.35463755965233 25.66443765103817 0.6
      vertex 33.37846275061369 25.664160616099835 0.6
      vertex 33.35463755965233 25.66443765103817 0
    endloop
  endfacet
  facet normal 0.019953722846282013 0.9998009046528081 0
    outer loop
      vertex 33.37846275061369 25.664160616099835 0.6
      vertex 33.40159805506468 25.663698888719082 0.6
      vertex 33.37846275061369 25.664160616099835 0
    endloop
  endfacet
  facet normal 0.028787678914861968 0.9995855488864847 0
    outer loop
      vertex 33.40159805506468 25.663698888719082 0.6
      vertex 33.42404348790646 25.663052468895913 0.6
      vertex 33.40159805506468 25.663698888719082 0
    endloop
  endfacet
  facet normal 0.038174457320615376 0.9992710897490613 0
    outer loop
      vertex 33.42404348790646 25.663052468895913 0.6
      vertex 33.445799041688446 25.662221356630326 0.6
      vertex 33.42404348790646 25.663052468895913 0
    endloop
  endfacet
  facet normal 0.04816486625308862 0.9988393993324562 0
    outer loop
      vertex 33.445799041688446 25.662221356630326 0.6
      vertex 33.46686472386122 25.661205551922322 0.6
      vertex 33.445799041688446 25.662221356630326 0
    endloop
  endfacet
  facet normal 0.0588154241046957 0.9982688745460238 0
    outer loop
      vertex 33.46686472386122 25.661205551922322 0.6
      vertex 33.487240526974205 25.66000506222248 0.6
      vertex 33.46686472386122 25.661205551922322 0
    endloop
  endfacet
  facet normal 0.07019054468964486 0.9975336021589302 0
    outer loop
      vertex 33.487240526974205 25.66000506222248 0.6
      vertex 33.5069264510274 25.658619880080224 0.6
      vertex 33.487240526974205 25.66000506222248 0
    endloop
  endfacet
  facet normal 0.08236176244277398 0.9966024985355596 0
    outer loop
      vertex 33.5069264510274 25.658619880080224 0.6
      vertex 33.52592250347138 25.657049998044968 0.6
      vertex 33.5069264510274 25.658619880080224 0
    endloop
  endfacet
  facet normal 0.18543570687994698 0.9826563990601874 0
    outer loop
      vertex 33.75072583198548 25.627003028392792 0.6
      vertex 33.73415249973536 25.630130558609963 0
      vertex 33.73415249973536 25.630130558609963 0.6
    endloop
  endfacet
  facet normal 0.1959771006368889 0.9806084723404946 0
    outer loop
      vertex 33.75072583198548 25.627003028392792 0.6
      vertex 33.767299164235595 25.623690805733204 0.6
      vertex 33.75072583198548 25.627003028392792 0
    endloop
  endfacet
  facet normal 0.20645099051825738 0.9784569425958561 0
    outer loop
      vertex 33.767299164235595 25.623690805733204 0.6
      vertex 33.783872496485714 25.6201938906312 0.6
      vertex 33.767299164235595 25.623690805733204 0
    endloop
  endfacet
  facet normal 0.21685429781406013 0.976203981511841 0
    outer loop
      vertex 33.80044583618641 25.616512283086777 0.6
      vertex 33.783872496485714 25.6201938906312 0
      vertex 33.783872496485714 25.6201938906312 0.6
    endloop
  endfacet
  facet normal 0.22718401338412644 0.973851849134498 0
    outer loop
      vertex 33.80044583618641 25.616512283086777 0.6
      vertex 33.81701916843653 25.61264599055052 0.6
      vertex 33.80044583618641 25.616512283086777 0
    endloop
  endfacet
  facet normal 0.09116375254607005 0.9958359153102074 0
    outer loop
      vertex 33.52592250347138 25.657049998044968 0.6
      vertex 33.544458177089695 25.65535315066576 0.6
      vertex 33.52592250347138 25.657049998044968 0
    endloop
  endfacet
  facet normal 0.09735443830708937 0.9952497743490883 0
    outer loop
      vertex 33.544458177089695 25.65535315066576 0.6
      vertex 33.562762994468216 25.653562589883805 0.6
      vertex 33.544458177089695 25.65535315066576 0
    endloop
  endfacet
  facet normal 0.10369077913696703 0.9946095828625264 0
    outer loop
      vertex 33.562762994468216 25.653562589883805 0.6
      vertex 33.58083694815636 25.651678330600262 0.6
      vertex 33.562762994468216 25.653562589883805 0
    endloop
  endfacet
  facet normal 0.11017803183913155 0.9939118679742461 0
    outer loop
      vertex 33.58083694815636 25.651678330600262 0.6
      vertex 33.59868003070355 25.649700372815133 0.6
      vertex 33.58083694815636 25.651678330600262 0
    endloop
  endfacet
  facet normal 0.12362433157575829 0.9923290908979979 0
    outer loop
      vertex 33.61629224956036 25.647628701627255 0.6
      vertex 33.633673612177375 25.64546333193779 0.6
      vertex 33.61629224956036 25.647628701627255 0
    endloop
  endfacet
  facet normal 0.11682152685955817 0.9931529242076477 0
    outer loop
      vertex 33.61629224956036 25.647628701627255 0.6
      vertex 33.59868003070355 25.649700372815133 0
      vertex 33.59868003070355 25.649700372815133 0.6
    endloop
  endfacet
  facet normal 0.1305927093284597 0.9914361019603092 0
    outer loop
      vertex 33.633673612177375 25.64546333193779 0.6
      vertex 33.650824103653434 25.64320425629616 0.6
      vertex 33.633673612177375 25.64546333193779 0
    endloop
  endfacet
  facet normal 0.13773066254327915 0.9904697191713583 0
    outer loop
      vertex 33.650824103653434 25.64320425629616 0.6
      vertex 33.66774373143912 25.64085148215294 0.6
      vertex 33.650824103653434 25.64320425629616 0
    endloop
  endfacet
  facet normal 0.14504416964444514 0.9894251810279306 0
    outer loop
      vertex 33.66774373143912 25.64085148215294 0.6
      vertex 33.684432502985004 25.638405002057553 0.6
      vertex 33.66774373143912 25.64085148215294 0
    endloop
  endfacet
  facet normal 0.15343842313728684 0.988158211171239 0
    outer loop
      vertex 33.684432502985004 25.638405002057553 0.6
      vertex 33.70100583523512 25.635831541717053 0.6
      vertex 33.684432502985004 25.638405002057553 0
    endloop
  endfacet
  facet normal 0.16416289759960023 0.9864332430791772 0
    outer loop
      vertex 33.70100583523512 25.635831541717053 0.6
      vertex 33.71757916748524 25.633073396384717 0.6
      vertex 33.70100583523512 25.635831541717053 0
    endloop
  endfacet
  facet normal 0.1748299050853034 0.984598651374185 0
    outer loop
      vertex 33.71757916748524 25.633073396384717 0.6
      vertex 33.73415249973536 25.630130558609963 0.6
      vertex 33.71757916748524 25.633073396384717 0
    endloop
  endfacet
  facet normal 0.24235122714945143 0.9701885809981248 0
    outer loop
      vertex 33.83359250068665 25.608594998121262 0.6
      vertex 33.850407559573654 25.604394629001618 0.6
      vertex 33.83359250068665 25.608594998121262 0
    endloop
  endfacet
  facet normal 0.23743834736976513 0.9714026102488684 0
    outer loop
      vertex 33.83359250068665 25.608594998121262 0.6
      vertex 33.81701916843653 25.61264599055052 0
      vertex 33.81701916843653 25.61264599055052 0.6
    endloop
  endfacet
  facet normal 0.24102728907405677 0.9705183387868624 0
    outer loop
      vertex 33.850407559573654 25.604394629001618 0.6
      vertex 33.867681633830074 25.600104629397393 0.6
      vertex 33.850407559573654 25.604394629001618 0
    endloop
  endfacet
  facet normal 0.2397706461654039 0.9708295613738926 0
    outer loop
      vertex 33.88541472345591 25.595724999308587 0.6
      vertex 33.867681633830074 25.600104629397393 0
      vertex 33.867681633830074 25.600104629397393 0.6
    endloop
  endfacet
  facet normal 0.2374394608847705 0.9714023380735448 0
    outer loop
      vertex 33.90360682100058 25.5912557387352 0.6
      vertex 33.922257933914665 25.586696855127812 0.6
      vertex 33.90360682100058 25.5912557387352 0
    endloop
  endfacet
  facet normal 0.23635704082039088 0.9716662746306615 0
    outer loop
      vertex 33.922257933914665 25.586696855127812 0.6
      vertex 33.941368054747585 25.582048333585263 0.6
      vertex 33.922257933914665 25.586696855127812 0
    endloop
  endfacet
  facet normal 0.2353241447601082 0.971916944441717 0
    outer loop
      vertex 33.941368054747585 25.582048333585263 0.6
      vertex 33.96093719094992 25.577310181558133 0.6
      vertex 33.941368054747585 25.582048333585263 0
    endloop
  endfacet
  facet normal 0.2385763929094083 0.9711237329745039 0
    outer loop
      vertex 33.88541472345591 25.595724999308587 0.6
      vertex 33.90360682100058 25.5912557387352 0.6
      vertex 33.88541472345591 25.595724999308587 0
    endloop
  endfacet
  facet normal 0.2333948200409062 0.9723820535047286 0
    outer loop
      vertex 33.98096534252167 25.572482406497002 0.6
      vertex 34.001452502012256 25.56756500095129 0.6
      vertex 33.98096534252167 25.572482406497002 0
    endloop
  endfacet
  facet normal 0.23433750782049126 0.9721553026283822 0
    outer loop
      vertex 33.96093719094992 25.577310181558133 0.6
      vertex 33.98096534252167 25.572482406497002 0.6
      vertex 33.96093719094992 25.577310181558133 0
    endloop
  endfacet
  facet normal 0 1 0
    outer loop
      vertex 34.48655250310898 25.619759998619557 0.6
      vertex 35.53463250041008 25.619759998619557 0.6
      vertex 34.48655250310898 25.619759998619557 0
    endloop
  endfacet
  facet normal -0.6844714833228772 -0.7290396343943039 0
    outer loop
      vertex 37.03565244019032 21.950229934751988 0.6
      vertex 36.911007497608665 22.067254997193814 0.6
      vertex 37.03565244019032 21.950229934751988 0
    endloop
  endfacet
  facet normal -0.753134932008262 -0.6578660761803352 0
    outer loop
      vertex 36.911007497608665 22.067254997193814 0.6
      vertex 36.798288058638576 22.196297898292542 0.6
      vertex 36.911007497608665 22.067254997193814 0
    endloop
  endfacet
  facet normal -0.8138701356637668 -0.5810468159061212 0
    outer loop
      vertex 36.69882972180844 22.3356088244915 0.6
      vertex 36.798288058638576 22.196297898292542 0
      vertex 36.798288058638576 22.196297898292542 0.6
    endloop
  endfacet
  facet normal -0.8664320196260111 -0.49929505842416627 0
    outer loop
      vertex 36.69882972180844 22.3356088244915 0.6
      vertex 36.61263250201941 22.485187775790692 0.6
      vertex 36.69882972180844 22.3356088244915 0
    endloop
  endfacet
  facet normal -0.6068660241349394 -0.7948041449002711 0
    outer loop
      vertex 37.17088725060225 21.846972531974316 0.6
      vertex 37.03565244019032 21.950229934751988 0.6
      vertex 37.17088725060225 21.846972531974316 0
    endloop
  endfacet
  facet normal -0.9097686384538194 -0.4151156760300479 0
    outer loop
      vertex 36.61263250201941 22.485187775790692 0.6
      vertex 36.53969639182091 22.645034752190114 0.6
      vertex 36.61263250201941 22.485187775790692 0
    endloop
  endfacet
  facet normal -0.9436250615589968 -0.3310162279976307 0
    outer loop
      vertex 36.480021391212944 22.815149753689766 0.6
      vertex 36.53969639182091 22.645034752190114 0
      vertex 36.53969639182091 22.645034752190114 0.6
    endloop
  endfacet
  facet normal 0.9140030796976504 0.40570724704300076 0
    outer loop
      vertex 37.662809971868995 22.651931478977204 0.6
      vertex 37.58029638618231 22.837823330760003 0
      vertex 37.58029638618231 22.837823330760003 0.6
    endloop
  endfacet
  facet normal 0.9658461907425824 0.25911606632558104 0
    outer loop
      vertex 37.58029638618231 22.837823330760003 0.6
      vertex 37.52135811388493 23.057513705790043 0
      vertex 37.52135811388493 23.057513705790043 0.6
    endloop
  endfacet
  facet normal 0.4828598221582325 0.8756976602374361 0
    outer loop
      vertex 37.898563053607944 22.38154333025217 0.6
      vertex 38.05180256456137 22.297047040760518 0.6
      vertex 37.898563053607944 22.38154333025217 0
    endloop
  endfacet
  facet normal 0.2756220360730791 0.9612660886720857 0
    outer loop
      vertex 38.05180256456137 22.297047040760518 0.6
      vertex 38.22861737400294 22.246349259614945 0.6
      vertex 38.05180256456137 22.297047040760518 0
    endloop
  endfacet
  facet normal 0.08403350323763187 0.9964629297337713 0
    outer loop
      vertex 38.22861737400294 22.246349259614945 0.6
      vertex 38.429007496833805 22.229450001716614 0.6
      vertex 38.22861737400294 22.246349259614945 0
    endloop
  endfacet
  facet normal -0.04133878351598631 0.9991451871361932 0
    outer loop
      vertex 38.429007496833805 22.229450001716614 0.6
      vertex 38.525835339128975 22.233456171453 0.6
      vertex 38.429007496833805 22.229450001716614 0
    endloop
  endfacet
  facet normal -0.1301207449781777 0.9914981551804946 0
    outer loop
      vertex 38.525835339128975 22.233456171453 0.6
      vertex 38.617414411306385 22.245474688112736 0.6
      vertex 38.525835339128975 22.233456171453 0
    endloop
  endfacet
  facet normal -0.22602163608267495 0.9741222818632735 0
    outer loop
      vertex 38.617414411306385 22.245474688112736 0.6
      vertex 38.703744720816616 22.265505559146405 0.6
      vertex 38.617414411306385 22.245474688112736 0
    endloop
  endfacet
  facet normal -0.32686609367797814 0.9450706623336158 0
    outer loop
      vertex 38.703744720816616 22.265505559146405 0.6
      vertex 38.78482626765967 22.293548762202263 0.6
      vertex 38.703744720816616 22.265505559146405 0
    endloop
  endfacet
  facet normal -0.42939676473622723 0.9031159496067275 0
    outer loop
      vertex 38.78482626765967 22.293548762202263 0.6
      vertex 38.86065904438496 22.329604319632054 0.6
      vertex 38.78482626765967 22.293548762202263 0
    endloop
  endfacet
  facet normal 0.6739765245160274 0.7387527627029876 0
    outer loop
      vertex 37.898563053607944 22.38154333025217 0.6
      vertex 37.76889885604382 22.499838150441647 0
      vertex 37.76889885604382 22.499838150441647 0.6
    endloop
  endfacet
  facet normal 0.8201844960250121 0.5720991107143908 0
    outer loop
      vertex 37.662809971868995 22.651931478977204 0.6
      vertex 37.76889885604382 22.499838150441647 0.6
      vertex 37.662809971868995 22.651931478977204 0
    endloop
  endfacet
  facet normal 0.9904089500493028 0.13816697022891386 0
    outer loop
      vertex 37.52135811388493 23.057513705790043 0.6
      vertex 37.48599515497685 23.311002589166165 0
      vertex 37.48599515497685 23.311002589166165 0.6
    endloop
  endfacet
  facet normal 0.9991592951587186 0.040996376643949416 0
    outer loop
      vertex 37.48599515497685 23.311002589166165 0.6
      vertex 37.47420750200749 23.59829000324011 0
      vertex 37.47420750200749 23.59829000324011 0.6
    endloop
  endfacet
  facet normal 0.999805901830542 -0.019701742684764382 0
    outer loop
      vertex 37.47420750200749 23.59829000324011 0.6
      vertex 37.4770851546526 23.744322470724583 0
      vertex 37.4770851546526 23.744322470724583 0.6
    endloop
  endfacet
  facet normal 0.9980508579810136 -0.062405808089972446 0
    outer loop
      vertex 37.4770851546526 23.744322470724583 0.6
      vertex 37.48571812003851 23.882388762533665 0
      vertex 37.48571812003851 23.882388762533665 0.6
    endloop
  endfacet
  facet normal 0.9939400358430069 -0.10992363325692156 0
    outer loop
      vertex 37.48571812003851 23.882388762533665 0.6
      vertex 37.50010639071465 24.012488886117936 0
      vertex 37.50010639071465 24.012488886117936 0.6
    endloop
  endfacet
  facet normal 0.9866703531293289 -0.16273172479773315 0
    outer loop
      vertex 37.50010639071465 24.012488886117936 0.6
      vertex 37.52024996668101 24.134622841477395 0
      vertex 37.52024996668101 24.134622841477395 0.6
    endloop
  endfacet
  facet normal 0.9752219987618367 -0.22122850885672063 0
    outer loop
      vertex 37.52024996668101 24.134622841477395 0.6
      vertex 37.54614885538817 24.24879061371088 0
      vertex 37.54614885538817 24.24879061371088 0.6
    endloop
  endfacet
  facet normal -0.5295918075200577 0.8482526259361879 0
    outer loop
      vertex 38.86065904438496 22.329604319632054 0.6
      vertex 38.93124305844307 22.373672223985196 0.6
      vertex 38.86065904438496 22.329604319632054 0
    endloop
  endfacet
  facet normal -0.6233224401443042 0.7819649196815356 0
    outer loop
      vertex 38.93124305844307 22.373672223985196 0.6
      vertex 38.996578302383426 22.425752467811108 0.6
      vertex 38.93124305844307 22.373672223985196 0
    endloop
  endfacet
  facet normal -0.7071427270636962 0.7070708334819921 0
    outer loop
      vertex 38.996578302383426 22.425752467811108 0.6
      vertex 39.0566647836566 22.485845058560372 0.6
      vertex 38.996578302383426 22.425752467811108 0
    endloop
  endfacet
  facet normal 0.6003567603091828 -0.7997323054316753 0
    outer loop
      vertex 39.66835848629475 21.835693455636502 0.6
      vertex 39.80130774915219 21.935498088002205 0
      vertex 39.80130774915219 21.935498088002205 0.6
    endloop
  endfacet
  facet normal 0.6817215127093832 -0.7316117680226516 0
    outer loop
      vertex 39.80130774915219 21.935498088002205 0.6
      vertex 39.92269750326872 22.0486100012064 0
      vertex 39.92269750326872 22.0486100012064 0.6
    endloop
  endfacet
  facet normal 0.7546072859982393 -0.6561766865093359 0
    outer loop
      vertex 39.92269750326872 22.0486100012064 0.6
      vertex 40.03189626723528 22.174189261496068 0
      vertex 40.03189626723528 22.174189261496068 0.6
    endloop
  endfacet
  facet normal -0.7788913260030454 0.6271589130971651 0
    outer loop
      vertex 39.0566647836566 22.485845058560372 0.6
      vertex 39.111502502262596 22.553950003683568 0.6
      vertex 39.0566647836566 22.485845058560372 0
    endloop
  endfacet
  facet normal -0.8420262682277562 0.5394365241754019 0
    outer loop
      vertex 39.111502502262596 22.553950003683568 0.6
      vertex 39.160826634764675 22.630941852331162 0.6
      vertex 39.111502502262596 22.553950003683568 0
    endloop
  endfacet
  facet normal -0.8938303220719657 0.4484053471410953 0
    outer loop
      vertex 39.160826634764675 22.630941852331162 0.6
      vertex 39.204347934722904 22.717695183455945 0.6
      vertex 39.160826634764675 22.630941852331162 0
    endloop
  endfacet
  facet normal -0.9314005818130457 0.3639958189297233 0
    outer loop
      vertex 39.204347934722904 22.717695183455945 0.6
      vertex 39.24206638723612 22.814209997057915 0.6
      vertex 39.204347934722904 22.717695183455945 0
    endloop
  endfacet
  facet normal -0.9577450631747354 0.28761848682659824 0
    outer loop
      vertex 39.24206638723612 22.814209997057915 0.6
      vertex 39.27398200720549 22.920486293137074 0.6
      vertex 39.24206638723612 22.814209997057915 0
    endloop
  endfacet
  facet normal -0.9756020494514963 0.219546444075144 0
    outer loop
      vertex 39.27398200720549 22.920486293137074 0.6
      vertex 39.30009478718043 23.03652407169342 0.6
      vertex 39.27398200720549 22.920486293137074 0
    endloop
  endfacet
  facet normal 0.8184183873391926 -0.5746227834546028 0
    outer loop
      vertex 40.03189626723528 22.174189261496068 0.6
      vertex 40.12824811428786 22.311420373022557 0
      vertex 40.12824811428786 22.311420373022557 0.6
    endloop
  endfacet
  facet normal 0.8721799666441096 -0.4891851446892884 0
    outer loop
      vertex 40.12824811428786 22.311420373022557 0.6
      vertex 40.211753051877025 22.460303335785866 0
      vertex 40.211753051877025 22.460303335785866 0.6
    endloop
  endfacet
  facet normal 0.9152672962557387 -0.40284708811745185 0
    outer loop
      vertex 40.211753051877025 22.460303335785866 0.6
      vertex 40.28241108000279 22.620838149785996 0
      vertex 40.28241108000279 22.620838149785996 0.6
    endloop
  endfacet
  facet normal 0.9479946949182128 -0.31828612663282185 0
    outer loop
      vertex 40.28241108000279 22.620838149785996 0.6
      vertex 40.340222191214565 22.793024815022946 0
      vertex 40.340222191214565 22.793024815022946 0.6
    endloop
  endfacet
  facet normal 0.971367443579046 -0.23758217432018958 0
    outer loop
      vertex 40.340222191214565 22.793024815022946 0.6
      vertex 40.385186385512355 22.976863331496716 0
      vertex 40.385186385512355 22.976863331496716 0.6
    endloop
  endfacet
  facet normal -0.9872167704835941 0.15938333688294573 0
    outer loop
      vertex 39.30009478718043 23.03652407169342 0.6
      vertex 39.32040471971035 23.162323332726956 0.6
      vertex 39.30009478718043 23.03652407169342 0
    endloop
  endfacet
  facet normal -0.9943225605789806 0.10640792039909187 0
    outer loop
      vertex 39.32040471971035 23.162323332726956 0.6
      vertex 39.33491181969643 23.29788407623768 0.6
      vertex 39.32040471971035 23.162323332726956 0
    endloop
  endfacet
  facet normal -0.9982110300415825 0.059789125293174206 0
    outer loop
      vertex 39.33491181969643 23.29788407623768 0.6
      vertex 39.343616079688076 23.44320629477501 0.6
      vertex 39.33491181969643 23.29788407623768 0
    endloop
  endfacet
  facet normal -0.9998250375467319 0.018705461626921504 0
    outer loop
      vertex 39.343616079688076 23.44320629477501 0.6
      vertex 39.34651749968529 23.59829000324011 0.6
      vertex 39.343616079688076 23.44320629477501 0
    endloop
  endfacet
  facet normal -0.9991532291354354 -0.04114395105276509 0
    outer loop
      vertex 39.34651749968529 23.59829000324011 0.6
      vertex 39.33459132552147 23.887909136116505 0.6
      vertex 39.34651749968529 23.59829000324011 0
    endloop
  endfacet
  facet normal -0.9903406643777475 -0.13865557500454723 0
    outer loop
      vertex 39.33459132552147 23.887909136116505 0.6
      vertex 39.2988128104806 24.143455430269242 0.6
      vertex 39.33459132552147 23.887909136116505 0
    endloop
  endfacet
  facet normal -0.9656120430452083 -0.2599872733924848 0
    outer loop
      vertex 39.2988128104806 24.143455430269242 0.6
      vertex 39.23918194711209 24.36492888569832 0.6
      vertex 39.2988128104806 24.143455430269242 0
    endloop
  endfacet
  facet normal 0.9867714534596006 -0.16211754574143794 0
    outer loop
      vertex 40.385186385512355 22.976863331496716 0.6
      vertex 40.41730367034674 23.172353706657887 0
      vertex 40.41730367034674 23.172353706657887 0.6
    endloop
  endfacet
  facet normal 0.9957006255916421 -0.09262971551512254 0
    outer loop
      vertex 40.41730367034674 23.172353706657887 0.6
      vertex 40.43657404571772 23.379495925605298 0
      vertex 40.43657404571772 23.379495925605298 0.6
    endloop
  endfacet
  facet normal 0.9995693196293607 -0.02934578769937744 0
    outer loop
      vertex 40.43657404571772 23.379495925605298 0.6
      vertex 40.44299749672413 23.59829000324011 0
      vertex 40.44299749672413 23.59829000324011 0.6
    endloop
  endfacet
  facet normal 0.9995010725844021 0.03158489991482967 0
    outer loop
      vertex 40.44299749672413 23.59829000324011 0.6
      vertex 40.43627459943295 23.811035431325436 0
      vertex 40.43627459943295 23.811035431325436 0.6
    endloop
  endfacet
  facet normal 0.9950667087724494 0.099208089855441 0
    outer loop
      vertex 40.43627459943295 23.811035431325436 0.6
      vertex 40.41610589265824 24.013329505324364 0
      vertex 40.41610589265824 24.013329505324364 0.6
    endloop
  endfacet
  facet normal 0.9849938064537448 0.17258969044459946 0
    outer loop
      vertex 40.41610589265824 24.013329505324364 0.6
      vertex 40.38249139130116 24.205172225236893 0
      vertex 40.38249139130116 24.205172225236893 0.6
    endloop
  endfacet
  facet normal -0.9439983935292968 0.3299500462404982 0
    outer loop
      vertex 36.480021391212944 24.384347281754017 0.6
      vertex 36.53969639182091 24.55507950425148 0.6
      vertex 36.480021391212944 24.384347281754017 0
    endloop
  endfacet
  facet normal -0.9103275472357087 0.4138885801080027 0
    outer loop
      vertex 36.53969639182091 24.55507950425148 0.6
      vertex 36.61263250201941 24.715498886406422 0.6
      vertex 36.53969639182091 24.55507950425148 0
    endloop
  endfacet
  facet normal -0.8671908747309194 0.4979758897611639 0
    outer loop
      vertex 36.61263250201941 24.715498886406422 0.6
      vertex 36.69882972180844 24.865605435669423 0.6
      vertex 36.61263250201941 24.715498886406422 0
    endloop
  endfacet
  facet normal 0.9583370851214308 -0.2856396878603527 0
    outer loop
      vertex 37.54614885538817 24.24879061371088 0.6
      vertex 37.57780305683613 24.354992225170136 0
      vertex 37.57780305683613 24.354992225170136 0.6
    endloop
  endfacet
  facet normal 0.9345304956626053 -0.3558830603956939 0
    outer loop
      vertex 37.57780305683613 24.354992225170136 0.6
      vertex 37.61521256357432 24.45322765350342 0
      vertex 37.61521256357432 24.45322765350342 0.6
    endloop
  endfacet
  facet normal 0.9021631723051114 -0.4313949588675993 0
    outer loop
      vertex 37.61521256357432 24.45322765350342 0.6
      vertex 37.658377375602726 24.54349691361189 0
      vertex 37.658377375602726 24.54349691361189 0.6
    endloop
  endfacet
  facet normal -0.8148190855102168 0.5797153248692793 0
    outer loop
      vertex 36.69882972180844 24.865605435669423 0.6
      vertex 36.798288058638576 25.00539913713932 0.6
      vertex 36.69882972180844 24.865605435669423 0
    endloop
  endfacet
  facet normal -0.754237981143722 0.6566011481868141 0
    outer loop
      vertex 36.798288058638576 25.00539913713932 0.6
      vertex 36.911007497608665 25.134879998266697 0.6
      vertex 36.798288058638576 25.00539913713932 0
    endloop
  endfacet
  facet normal -0.6864927106571089 0.7271366846849737 0
    outer loop
      vertex 36.911007497608665 25.134879998266697 0.6
      vertex 37.03537676125765 25.252297527492047 0.6
      vertex 36.911007497608665 25.134879998266697 0
    endloop
  endfacet
  facet normal -0.6104994090120834 0.7920167116897829 0
    outer loop
      vertex 37.03537676125765 25.252297527492047 0.6
      vertex 37.16978453487158 25.355901233255864 0.6
      vertex 37.03537676125765 25.252297527492047 0
    endloop
  endfacet
  facet normal -0.5279295942058427 0.8492881393035313 0
    outer loop
      vertex 37.16978453487158 25.355901233255864 0.6
      vertex 37.314230833351616 25.445691108107567 0.6
      vertex 37.16978453487158 25.355901233255864 0
    endloop
  endfacet
  facet normal -0.4413192458508502 0.8973501675720783 0
    outer loop
      vertex 37.314230833351616 25.445691108107567 0.6
      vertex 37.46871564924717 25.52166715949774 0.6
      vertex 37.314230833351616 25.445691108107567 0
    endloop
  endfacet
  facet normal 0.8596131623136751 -0.510945409194645 0
    outer loop
      vertex 37.658377375602726 24.54349691361189 0.6
      vertex 37.707297500371936 24.625799998044968 0
      vertex 37.707297500371936 24.625799998044968 0.6
    endloop
  endfacet
  facet normal 0.8058345530658355 -0.5921407544538588 0
    outer loop
      vertex 37.707297500371936 24.625799998044968 0.6
      vertex 37.76165108025074 24.69976888537407 0
      vertex 37.76165108025074 24.69976888537407 0.6
    endloop
  endfacet
  facet normal 0.7391963503444767 -0.6734899818389326 0
    outer loop
      vertex 37.76165108025074 24.69976888537407 0.6
      vertex 37.82111626505852 24.76503555417061 0
      vertex 37.82111626505852 24.76503555417061 0.6
    endloop
  endfacet
  facet normal 0.6588987275245763 -0.7522316577135624 0
    outer loop
      vertex 37.82111626505852 24.76503555417061 0.6
      vertex 37.88569305479527 24.821599996984006 0
      vertex 37.88569305479527 24.821599996984006 0.6
    endloop
  endfacet
  facet normal 0.5661388250706475 -0.824309911833909 0
    outer loop
      vertex 37.88569305479527 24.821599996984006 0.6
      vertex 37.95538144946099 24.86946222126484 0
      vertex 37.95538144946099 24.86946222126484 0.6
    endloop
  endfacet
  facet normal 0.4638122385639451 -0.8859335231033432 0
    outer loop
      vertex 37.95538144946099 24.86946222126484 0.6
      vertex 38.030181449055675 24.90862221956253 0
      vertex 38.030181449055675 24.90862221956253 0.6
    endloop
  endfacet
  facet normal 0.3561511862689152 -0.9344283453102461 0
    outer loop
      vertex 38.030181449055675 24.90862221956253 0.6
      vertex 38.110093053579334 24.93907999932766 0
      vertex 38.110093053579334 24.93907999932766 0.6
    endloop
  endfacet
  facet normal 0.24789132549539933 -0.9687878460964164 0
    outer loop
      vertex 38.110093053579334 24.93907999932766 0.6
      vertex 38.19511626303196 24.960835553109646 0
      vertex 38.19511626303196 24.960835553109646 0.6
    endloop
  endfacet
  facet normal 0.14332495784264404 -0.9896756824634039 0
    outer loop
      vertex 38.19511626303196 24.960835553109646 0.6
      vertex 38.28525107741356 24.97388888835907 0
      vertex 38.28525107741356 24.97388888835907 0.6
    endloop
  endfacet
  facet normal 0.045635061306454214 -0.9989581778931269 0
    outer loop
      vertex 38.28525107741356 24.97388888835907 0.6
      vertex 38.38049749672413 24.97823999762535 0
      vertex 38.38049749672413 24.97823999762535 0.6
    endloop
  endfacet
  facet normal -0.08373371343451215 -0.9964881661286635 0
    outer loop
      vertex 38.38049749672413 24.97823999762535 0.6
      vertex 38.5832424351573 24.961203581988812 0
      vertex 38.5832424351573 24.961203581988812 0.6
    endloop
  endfacet
  facet normal -0.2747066727523823 -0.9615280775647248 0
    outer loop
      vertex 38.5832424351573 24.961203581988812 0.6
      vertex 38.76213503271342 24.910094320178032 0
      vertex 38.76213503271342 24.910094320178032 0.6
    endloop
  endfacet
  facet normal -0.35344515700347134 0.9354552479893367 0
    outer loop
      vertex 37.46871564924717 25.52166715949774 0.6
      vertex 37.633238982558254 25.583829379975796 0.6
      vertex 37.46871564924717 25.52166715949774 0
    endloop
  endfacet
  facet normal -0.2669210888050917 0.9637183885093739 0
    outer loop
      vertex 37.633238982558254 25.583829379975796 0.6
      vertex 37.80780083328486 25.63217777699232 0.6
      vertex 37.633238982558254 25.583829379975796 0
    endloop
  endfacet
  facet normal -0.18388728114424016 0.9829473372634868 0
    outer loop
      vertex 37.80780083328486 25.63217777699232 0.6
      vertex 37.992401201426986 25.666712343096734 0.6
      vertex 37.80780083328486 25.63217777699232 0
    endloop
  endfacet
  facet normal -0.10585918964094992 0.9943811301350008 0
    outer loop
      vertex 37.992401201426986 25.666712343096734 0.6
      vertex 38.18704009443522 25.687433085739613 0.6
      vertex 37.992401201426986 25.666712343096734 0
    endloop
  endfacet
  facet normal -0.033726158171485034 0.9994311113103254 0
    outer loop
      vertex 38.18704009443522 25.687433085739613 0.6
      vertex 38.39171749740839 25.69433999747038 0.6
      vertex 38.18704009443522 25.687433085739613 0
    endloop
  endfacet
  facet normal 0.03297099335439239 0.9994563089986598 0
    outer loop
      vertex 38.39171749740839 25.69433999747038 0.6
      vertex 38.60038818061352 25.687456175088883 0.6
      vertex 38.39171749740839 25.69433999747038 0
    endloop
  endfacet
  facet normal 0.10355324870303977 0.9946239111760015 0
    outer loop
      vertex 38.60038818061352 25.687456175088883 0.6
      vertex 38.79874466001988 25.666804693043233 0.6
      vertex 38.60038818061352 25.687456175088883 0
    endloop
  endfacet
  facet normal -0.9134601704308656 -0.4069281472648631 0
    outer loop
      vertex 39.23918194711209 24.36492888569832 0.6
      vertex 39.15569873541594 24.552329509854317 0.6
      vertex 39.23918194711209 24.36492888569832 0
    endloop
  endfacet
  facet normal -0.8192165568243824 -0.573484291872762 0
    outer loop
      vertex 39.15569873541594 24.552329509854317 0.6
      vertex 39.048363175392154 24.705657280385495 0.6
      vertex 39.15569873541594 24.552329509854317 0
    endloop
  endfacet
  facet normal -0.6726518283717916 -0.7399591325121178 0
    outer loop
      vertex 39.048363175392154 24.705657280385495 0.6
      vertex 38.91717527449131 24.824912219643593 0.6
      vertex 39.048363175392154 24.705657280385495 0
    endloop
  endfacet
  facet normal -0.4815279559208609 -0.876430731813232 0
    outer loop
      vertex 38.76213503271342 24.910094320178032 0.6
      vertex 38.91717527449131 24.824912219643593 0
      vertex 38.91717527449131 24.824912219643593 0.6
    endloop
  endfacet
  facet normal 0.7488385571770606 0.6627524540014758 0
    outer loop
      vertex 40.01273182421923 25.007615431547165 0.6
      vertex 39.898442503213886 25.136749997138978 0
      vertex 39.898442503213886 25.136749997138978 0.6
    endloop
  endfacet
  facet normal 0.6033751802078979 0.7974574546075087 0
    outer loop
      vertex 39.63581410437823 25.357032469809056 0.6
      vertex 39.77228539824486 25.253775059580803 0.6
      vertex 39.63581410437823 25.357032469809056 0
    endloop
  endfacet
  facet normal 0.5205497670720477 0.853831329948273 0
    outer loop
      vertex 39.4890286141634 25.446522220373154 0.6
      vertex 39.63581410437823 25.357032469809056 0.6
      vertex 39.4890286141634 25.446522220373154 0
    endloop
  endfacet
  facet normal 0.6800739740241566 0.7331434988151984 0
    outer loop
      vertex 39.898442503213886 25.136749997138978 0.6
      vertex 39.77228539824486 25.253775059580803 0
      vertex 39.77228539824486 25.253775059580803 0.6
    endloop
  endfacet
  facet normal 0.9426881862081165 0.33367496697182975 0
    outer loop
      vertex 40.33543108046055 24.386563583612443 0.6
      vertex 40.274924967587 24.557503580451012 0
      vertex 40.274924967587 24.557503580451012 0.6
    endloop
  endfacet
  facet normal 0.967954206392565 0.251126769435159 0
    outer loop
      vertex 40.38249139130116 24.205172225236893 0.6
      vertex 40.33543108046055 24.386563583612443 0
      vertex 40.33543108046055 24.386563583612443 0.6
    endloop
  endfacet
  facet normal 0.9082170945456421 0.41849935385263404 0
    outer loop
      vertex 40.274924967587 24.557503580451012 0.6
      vertex 40.200973052680496 24.717992223203183 0
      vertex 40.200973052680496 24.717992223203183 0.6
    endloop
  endfacet
  facet normal 0.8640896473614984 0.5033379394826911 0
    outer loop
      vertex 40.200973052680496 24.717992223203183 0.6
      vertex 40.11357534319163 24.868029504418374 0
      vertex 40.11357534319163 24.868029504418374 0.6
    endloop
  endfacet
  facet normal 0.8105925042794782 0.5856106146629552 0
    outer loop
      vertex 40.01273182421923 25.007615431547165 0.6
      vertex 40.11357534319163 24.868029504418374 0.6
      vertex 40.01273182421923 25.007615431547165 0
    endloop
  endfacet
  facet normal 0.26167907999763984 0.9651549404585714 0
    outer loop
      vertex 38.986786943078044 25.63238555878401 0.6
      vertex 39.16451502978802 25.58419876486063 0.6
      vertex 38.986786943078044 25.63238555878401 0
    endloop
  endfacet
  facet normal 0.1800480709133418 0.9836578125346153 0
    outer loop
      vertex 38.79874466001988 25.666804693043233 0.6
      vertex 38.986786943078044 25.63238555878401 0.6
      vertex 38.79874466001988 25.666804693043233 0
    endloop
  endfacet
  facet normal 0.3470645935394643 0.9378412274533928 0
    outer loop
      vertex 39.16451502978802 25.58419876486063 0.6
      vertex 39.33192892014981 25.52224431872368 0.6
      vertex 39.16451502978802 25.58419876486063 0
    endloop
  endfacet
  facet normal 0.4341949802569128 0.9008189158314223 0
    outer loop
      vertex 39.4890286141634 25.446522220373154 0.6
      vertex 39.33192892014981 25.52224431872368 0
      vertex 39.33192892014981 25.52224431872368 0.6
    endloop
  endfacet
  facet normal 0 0 1
    outer loop
      vertex 31.84567249953747 21.509664996862412 0.6
      vertex 31.800957497358326 22.188419997096062 0.6
      vertex 31.738213364183906 22.19005506426096 0.6
    endloop
  endfacet
  facet normal 0 0 1
    outer loop
      vertex 31.84567249953747 21.509664996862412 0.6
      vertex 31.86841126173735 22.190791792571545 0.6
      vertex 31.800957497358326 22.188419997096062 0.6
    endloop
  endfacet
  facet normal 0 0 1
    outer loop
      vertex 32.01125713080168 21.514315552413464 0.6
      vertex 31.931537006199363 22.197907164096833 0.6
      vertex 31.86841126173735 22.190791792571545 0.6
    endloop
  endfacet
  facet normal 0 0 1
    outer loop
      vertex 32.16818435132504 21.52826721906662 0.6
      vertex 31.990334723293785 22.209766111671925 0.6
      vertex 31.931537006199363 22.197907164096833 0.6
    endloop
  endfacet
  facet normal 0 0 1
    outer loop
      vertex 32.16818435132504 21.52826721906662 0.6
      vertex 32.044804413020614 22.226368642747403 0.6
      vertex 31.990334723293785 22.209766111671925 0.6
    endloop
  endfacet
  facet normal 0 0 1
    outer loop
      vertex 32.316454168558124 21.55151999682188 0.6
      vertex 32.09494608283043 22.247714749872685 0.6
      vertex 32.044804413020614 22.226368642747403 0.6
    endloop
  endfacet
  facet normal 0 0 1
    outer loop
      vertex 32.45606657505036 21.584073885679246 0.6
      vertex 32.14075972527266 22.273804447948933 0.6
      vertex 32.09494608283043 22.247714749872685 0.6
    endloop
  endfacet
  facet normal 0 0 1
    outer loop
      vertex 32.58702157080174 21.625928885638714 0.6
      vertex 32.18224534034729 22.304637714624405 0.6
      vertex 32.14075972527266 22.273804447948933 0.6
    endloop
  endfacet
  facet normal 0 0 1
    outer loop
      vertex 32.58702157080174 21.625928885638714 0.6
      vertex 32.70931916326285 21.677084996700287 0.6
      vertex 32.18224534034729 22.304637714624405 0.6
    endloop
  endfacet
  facet normal 0 0 1
    outer loop
      vertex 32.70931916326285 21.677084996700287 0.6
      vertex 32.822959352433685 21.737542218863965 0.6
      vertex 32.21940293550492 22.340214564800263 0.6
    endloop
  endfacet
  facet normal 0 0 1
    outer loop
      vertex 32.70931916326285 21.677084996700287 0.6
      vertex 32.21940293550492 22.340214564800263 0.6
      vertex 32.18224534034729 22.304637714624405 0.6
    endloop
  endfacet
  facet normal 0 0 1
    outer loop
      vertex 32.822959352433685 21.737542218863965 0.6
      vertex 32.25223250329495 22.380534998476506 0.6
      vertex 32.21940293550492 22.340214564800263 0.6
    endloop
  endfacet
  facet normal 0 0 1
    outer loop
      vertex 32.822959352433685 21.737542218863965 0.6
      vertex 32.92794213086367 21.807300552129746 0.6
      vertex 32.25223250329495 22.380534998476506 0.6
    endloop
  endfacet
  facet normal 0 0 1
    outer loop
      vertex 32.92794213086367 21.807300552129746 0.6
      vertex 33.0242674985528 21.88635999649763 0.6
      vertex 32.28119441509247 22.425724632441998 0.6
    endloop
  endfacet
  facet normal 0 0 1
    outer loop
      vertex 32.28119441509247 22.425724632441998 0.6
      vertex 33.0242674985528 21.88635999649763 0.6
      vertex 33.111153241395954 21.973983823657036 0.6
    endloop
  endfacet
  facet normal 0 0 1
    outer loop
      vertex 32.92794213086367 21.807300552129746 0.6
      vertex 32.28119441509247 22.425724632441998 0.6
      vertex 32.25223250329495 22.380534998476506 0.6
    endloop
  endfacet
  facet normal 0 0 1
    outer loop
      vertex 32.28119441509247 22.425724632441998 0.6
      vertex 33.111153241395954 21.973983823657036 0.6
      vertex 32.30674904227257 22.475933521389962 0.6
    endloop
  endfacet
  facet normal 0 0 1
    outer loop
      vertex 32.30674904227257 22.475933521389962 0.6
      vertex 33.18781713038683 22.069435305297375 0.6
      vertex 32.32889639228583 22.531161665320397 0.6
    endloop
  endfacet
  facet normal 0 0 1
    outer loop
      vertex 32.30674904227257 22.475933521389962 0.6
      vertex 33.111153241395954 21.973983823657036 0.6
      vertex 33.18781713038683 22.069435305297375 0.6
    endloop
  endfacet
  facet normal 0 0 1
    outer loop
      vertex 32.32889639228583 22.531161665320397 0.6
      vertex 33.25425916552544 22.17271444141865 0.6
      vertex 32.34763645023108 22.591409071683884 0.6
    endloop
  endfacet
  facet normal 0 0 1
    outer loop
      vertex 32.34763645023108 22.591409071683884 0.6
      vertex 33.35647768169642 22.402755677103997 0.6
      vertex 32.36296923100949 22.656675740480424 0.6
    endloop
  endfacet
  facet normal 0 0 1
    outer loop
      vertex 32.36296923100949 22.656675740480424 0.6
      vertex 33.39225417017937 22.529517776668072 0.6
      vertex 32.37489471971989 22.726961664259434 0.6
    endloop
  endfacet
  facet normal 0 0 1
    outer loop
      vertex 32.37489471971989 22.726961664259434 0.6
      vertex 33.41780879735947 22.664107530713082 0.6
      vertex 32.38341293126345 22.802266850471497 0.6
    endloop
  endfacet
  facet normal 0 0 1
    outer loop
      vertex 32.38341293126345 22.802266850471497 0.6
      vertex 33.4331415706873 22.806524939239026 0.6
      vertex 32.388523858189586 22.882591299116612 0.6
    endloop
  endfacet
  facet normal 0 0 1
    outer loop
      vertex 32.388523858189586 22.882591299116612 0.6
      vertex 33.43825249761343 22.956770002245904 0.6
      vertex 32.3902275004983 22.9679350027442 0.6
    endloop
  endfacet
  facet normal 0 0 1
    outer loop
      vertex 32.3902275004983 22.9679350027442 0.6
      vertex 33.43825249761343 22.956770002245904 0.6
      vertex 32.3902275004983 23.173085003495217 0.6
    endloop
  endfacet
  facet normal 0 0 1
    outer loop
      vertex 32.32889639228583 22.531161665320397 0.6
      vertex 33.18781713038683 22.069435305297375 0.6
      vertex 33.25425916552544 22.17271444141865 0.6
    endloop
  endfacet
  facet normal 0 0 1
    outer loop
      vertex 32.34763645023108 22.591409071683884 0.6
      vertex 33.25425916552544 22.17271444141865 0.6
      vertex 33.310479354262355 22.283821232020856 0.6
    endloop
  endfacet
  facet normal 0 0 1
    outer loop
      vertex 32.34763645023108 22.591409071683884 0.6
      vertex 33.310479354262355 22.283821232020856 0.6
      vertex 33.35647768169642 22.402755677103997 0.6
    endloop
  endfacet
  facet normal 0 0 1
    outer loop
      vertex 32.36296923100949 22.656675740480424 0.6
      vertex 33.35647768169642 22.402755677103997 0.6
      vertex 33.39225417017937 22.529517776668072 0.6
    endloop
  endfacet
  facet normal 0 0 1
    outer loop
      vertex 32.37489471971989 22.726961664259434 0.6
      vertex 33.39225417017937 22.529517776668072 0.6
      vertex 33.41780879735947 22.664107530713082 0.6
    endloop
  endfacet
  facet normal 0 0 1
    outer loop
      vertex 32.38341293126345 22.802266850471497 0.6
      vertex 33.41780879735947 22.664107530713082 0.6
      vertex 33.4331415706873 22.806524939239026 0.6
    endloop
  endfacet
  facet normal 0 0 1
    outer loop
      vertex 32.388523858189586 22.882591299116612 0.6
      vertex 33.4331415706873 22.806524939239026 0.6
      vertex 33.43825249761343 22.956770002245904 0.6
    endloop
  endfacet
  facet normal 0 0 1
    outer loop
      vertex 31.521227497756485 23.187990001738072 0.6
      vertex 32.3902275004983 23.173085003495217 0.6
      vertex 31.853152502477172 23.758670001626015 0.6
    endloop
  endfacet
  facet normal 0 0 1
    outer loop
      vertex 32.3902275004983 23.173085003495217 0.6
      vertex 32.3902275004983 23.751189998686314 0.6
      vertex 31.853152502477172 23.758670001626015 0.6
    endloop
  endfacet
  facet normal 0 0 1
    outer loop
      vertex 33.43825249761343 22.956770002245904 0.6
      vertex 32.3902275004983 23.751189998686314 0.6
      vertex 32.3902275004983 23.173085003495217 0.6
    endloop
  endfacet
  facet normal 0 0 1
    outer loop
      vertex 32.3902275004983 23.751189998686314 0.6
      vertex 33.43825249761343 24.42626000136137 0.6
      vertex 32.3902275004983 23.956339999437333 0.6
    endloop
  endfacet
  facet normal 0 0 1
    outer loop
      vertex 32.3902275004983 23.956339999437333 0.6
      vertex 33.43825249761343 24.42626000136137 0.6
      vertex 32.38880021512509 24.014832838773728 0.6
    endloop
  endfacet
  facet normal 0 0 1
    outer loop
      vertex 32.38880021512509 24.014832838773728 0.6
      vertex 33.43825249761343 24.42626000136137 0.6
      vertex 32.384518366456035 24.07263579905033 0.6
    endloop
  endfacet
  facet normal 0 0 1
    outer loop
      vertex 32.384518366456035 24.07263579905033 0.6
      vertex 33.43825249761343 24.42626000136137 0.6
      vertex 32.37738194704056 24.129748887717724 0.6
    endloop
  endfacet
  facet normal 0 0 1
    outer loop
      vertex 32.37738194704056 24.129748887717724 0.6
      vertex 33.43825249761343 24.42626000136137 0.6
      vertex 32.367390956878666 24.186172097325326 0.6
    endloop
  endfacet
  facet normal 0 0 1
    outer loop
      vertex 33.43825249761343 22.956770002245904 0.6
      vertex 33.43825249761343 24.42626000136137 0.6
      vertex 32.3902275004983 23.751189998686314 0.6
    endloop
  endfacet
  facet normal 0 0 1
    outer loop
      vertex 34.48655250310898 20.08488999992609 0.6
      vertex 35.53463250041008 20.08488999992609 0.6
      vertex 34.48655250310898 25.619759998619557 0.6
    endloop
  endfacet
  facet normal 0 0 1
    outer loop
      vertex 35.53463250041008 20.08488999992609 0.6
      vertex 35.53463250041008 25.619759998619557 0.6
      vertex 34.48655250310898 25.619759998619557 0.6
    endloop
  endfacet
  facet normal 0 0 1
    outer loop
      vertex 32.247844044268135 24.509303211569787 0.6
      vertex 32.49841250121594 24.89992000102997 0.6
      vertex 32.218905892372135 24.558135061860085 0.6
    endloop
  endfacet
  facet normal 0 0 1
    outer loop
      vertex 32.154535520970825 24.648204691112042 0.6
      vertex 32.187803056240085 24.604435555040837 0.6
      vertex 32.49841250121594 24.89992000102997 0.6
    endloop
  endfacet
  facet normal 0 0 1
    outer loop
      vertex 32.218905892372135 24.558135061860085 0.6
      vertex 32.49841250121594 24.89992000102997 0.6
      vertex 32.187803056240085 24.604435555040837 0.6
    endloop
  endfacet
  facet normal 0 0 1
    outer loop
      vertex 32.081506390273574 24.728148891925812 0.6
      vertex 32.39508447438479 25.066650121808053 0.6
      vertex 32.041744787395004 24.764323949217797 0.6
    endloop
  endfacet
  facet normal 0 0 1
    outer loop
      vertex 32.154535520970825 24.648204691112042 0.6
      vertex 32.49841250121594 24.89992000102997 0.6
      vertex 32.119103301465515 24.6894424700737 0.6
    endloop
  endfacet
  facet normal 0 0 1
    outer loop
      vertex 32.119103301465515 24.6894424700737 0.6
      vertex 32.39508447438479 25.066650121808053 0.6
      vertex 32.081506390273574 24.728148891925812 0.6
    endloop
  endfacet
  facet normal 0 0 1
    outer loop
      vertex 32.367390956878666 24.186172097325326 0.6
      vertex 33.43825249761343 24.42626000136137 0.6
      vertex 32.35454540342093 24.241905435323716 0.6
    endloop
  endfacet
  facet normal 0 0 1
    outer loop
      vertex 32.35454540342093 24.241905435323716 0.6
      vertex 33.43825249761343 24.42626000136137 0.6
      vertex 32.33884527921677 24.296948886811734 0.6
    endloop
  endfacet
  facet normal 0 0 1
    outer loop
      vertex 32.32029058426619 24.35130246669054 0.6
      vertex 32.33884527921677 24.296948886811734 0.6
      vertex 33.43919632971287 24.49908203572035 0.6
    endloop
  endfacet
  facet normal 0 0 1
    outer loop
      vertex 32.32029058426619 24.35130246669054 0.6
      vertex 33.44202781111002 24.566701478660107 0.6
      vertex 32.29888132601977 24.404966174960137 0.6
    endloop
  endfacet
  facet normal 0 0 1
    outer loop
      vertex 32.29888132601977 24.404966174960137 0.6
      vertex 33.45335373669863 24.686332590281964 0.6
      vertex 32.274617497026924 24.45793999671936 0.6
    endloop
  endfacet
  facet normal 0 0 1
    outer loop
      vertex 32.274617497026924 24.45793999671936 0.6
      vertex 32.52074250221253 24.89992000102997 0.6
      vertex 32.247844044268135 24.509303211569787 0.6
    endloop
  endfacet
  facet normal 0 0 1
    outer loop
      vertex 32.247844044268135 24.509303211569787 0.6
      vertex 32.52074250221253 24.89992000102997 0.6
      vertex 32.49841250121594 24.89992000102997 0.6
    endloop
  endfacet
  facet normal 0 0 1
    outer loop
      vertex 32.274617497026924 24.45793999671936 0.6
      vertex 33.45335373669863 24.686332590281964 0.6
      vertex 32.52074250221253 24.89992000102997 0.6
    endloop
  endfacet
  facet normal 0 0 1
    outer loop
      vertex 31.766560088992122 24.92189827501774 0.6
      vertex 31.815440829992298 24.90366610825062 0.6
      vertex 32.0187907704711 25.449148639440537 0.6
    endloop
  endfacet
  facet normal 0 0 1
    outer loop
      vertex 31.665620830059055 24.948417774736882 0.6
      vertex 31.7166200914979 24.936815492212773 0.6
      vertex 31.87125632554293 25.537417530417443 0.6
    endloop
  endfacet
  facet normal 0 0 1
    outer loop
      vertex 31.7166200914979 24.936815492212773 0.6
      vertex 31.766560088992122 24.92189827501774 0.6
      vertex 32.0187907704711 25.449148639440537 0.6
    endloop
  endfacet
  facet normal 0 0 1
    outer loop
      vertex 31.815440829992298 24.90366610825062 0.6
      vertex 31.863262314498428 24.882119014263154 0.6
      vertex 32.15527361273766 25.341264441013337 0.6
    endloop
  endfacet
  facet normal 0 0 1
    outer loop
      vertex 31.910024535059932 24.857256978154183 0.6
      vertex 32.15527361273766 25.341264441013337 0.6
      vertex 31.863262314498428 24.882119014263154 0.6
    endloop
  endfacet
  facet normal 0 0 1
    outer loop
      vertex 31.999818485379222 24.797967656850815 0.6
      vertex 32.28070484489203 25.213764935135842 0.6
      vertex 31.95572749912739 24.829079999923707 0.6
    endloop
  endfacet
  facet normal 0 0 1
    outer loop
      vertex 31.999818485379222 24.797967656850815 0.6
      vertex 32.041744787395004 24.764323949217797 0.6
      vertex 32.39508447438479 25.066650121808053 0.6
    endloop
  endfacet
  facet normal 0 0 1
    outer loop
      vertex 31.95572749912739 24.829079999923707 0.6
      vertex 32.28070484489203 25.213764935135842 0.6
      vertex 31.910024535059932 24.857256978154183 0.6
    endloop
  endfacet
  facet normal 0 0 1
    outer loop
      vertex 31.910024535059932 24.857256978154183 0.6
      vertex 32.28070484489203 25.213764935135842 0.6
      vertex 32.15527361273766 25.341264441013337 0.6
    endloop
  endfacet
  facet normal 0 0 1
    outer loop
      vertex 31.999818485379222 24.797967656850815 0.6
      vertex 32.39508447438479 25.066650121808053 0.6
      vertex 32.28070484489203 25.213764935135842 0.6
    endloop
  endfacet
  facet normal 0 0 1
    outer loop
      vertex 31.7166200914979 24.936815492212773 0.6
      vertex 32.0187907704711 25.449148639440537 0.6
      vertex 31.87125632554293 25.537417530417443 0.6
    endloop
  endfacet
  facet normal 0 0 1
    outer loop
      vertex 31.815440829992298 24.90366610825062 0.6
      vertex 32.15527361273766 25.341264441013337 0.6
      vertex 32.0187907704711 25.449148639440537 0.6
    endloop
  endfacet
  facet normal 0 0 1
    outer loop
      vertex 32.119103301465515 24.6894424700737 0.6
      vertex 32.49841250121594 24.89992000102997 0.6
      vertex 32.39508447438479 25.066650121808053 0.6
    endloop
  endfacet
  facet normal 0 0 1
    outer loop
      vertex 32.52074250221253 24.89992000102997 0.6
      vertex 33.47223027437926 24.78515333622694 0.6
      vertex 32.53090528041125 24.981374322772027 0.6
    endloop
  endfacet
  facet normal 0 0 1
    outer loop
      vertex 32.53090528041125 24.981374322772027 0.6
      vertex 33.47223027437926 24.78515333622694 0.6
      vertex 32.54479582995177 25.058317280709744 0.6
    endloop
  endfacet
  facet normal 0 0 1
    outer loop
      vertex 32.54479582995177 25.058317280709744 0.6
      vertex 33.4845000320673 24.82675981462002 0.6
      vertex 32.56241416573525 25.130748889744282 0.6
    endloop
  endfacet
  facet normal 0 0 1
    outer loop
      vertex 32.56241416573525 25.130748889744282 0.6
      vertex 33.4845000320673 24.82675981462002 0.6
      vertex 32.58376028031111 25.19866913497448 0.6
    endloop
  endfacet
  facet normal 0 0 1
    outer loop
      vertex 32.58376028031111 25.19866913497448 0.6
      vertex 33.49865743905306 24.863163701593876 0.6
      vertex 32.608834166228775 25.26207802385092 0.6
    endloop
  endfacet
  facet normal 0 0 1
    outer loop
      vertex 32.608834166228775 25.26207802385092 0.6
      vertex 33.49865743905306 24.863163701593876 0.6
      vertex 32.63763583093882 25.320975556373597 0.6
    endloop
  endfacet
  facet normal 0 0 1
    outer loop
      vertex 32.33884527921677 24.296948886811734 0.6
      vertex 33.43825249761343 24.42626000136137 0.6
      vertex 33.43919632971287 24.49908203572035 0.6
    endloop
  endfacet
  facet normal 0 0 1
    outer loop
      vertex 32.32029058426619 24.35130246669054 0.6
      vertex 33.43919632971287 24.49908203572035 0.6
      vertex 33.44202781111002 24.566701478660107 0.6
    endloop
  endfacet
  facet normal 0 0 1
    outer loop
      vertex 32.29888132601977 24.404966174960137 0.6
      vertex 33.44202781111002 24.566701478660107 0.6
      vertex 33.44674694180489 24.629118330180646 0.6
    endloop
  endfacet
  facet normal 0 0 1
    outer loop
      vertex 32.29888132601977 24.404966174960137 0.6
      vertex 33.44674694180489 24.629118330180646 0.6
      vertex 33.45335373669863 24.686332590281964 0.6
    endloop
  endfacet
  facet normal 0 0 1
    outer loop
      vertex 32.52074250221253 24.89992000102997 0.6
      vertex 33.45335373669863 24.686332590281964 0.6
      vertex 33.46184818089009 24.738344258964062 0.6
    endloop
  endfacet
  facet normal 0 0 1
    outer loop
      vertex 32.52074250221253 24.89992000102997 0.6
      vertex 33.46184818089009 24.738344258964062 0.6
      vertex 33.47223027437926 24.78515333622694 0.6
    endloop
  endfacet
  facet normal 0 0 1
    outer loop
      vertex 32.54479582995177 25.058317280709744 0.6
      vertex 33.47223027437926 24.78515333622694 0.6
      vertex 33.4845000320673 24.82675981462002 0.6
    endloop
  endfacet
  facet normal 0 0 1
    outer loop
      vertex 32.58376028031111 25.19866913497448 0.6
      vertex 33.4845000320673 24.82675981462002 0.6
      vertex 33.49865743905306 24.863163701593876 0.6
    endloop
  endfacet
  facet normal 0 0 1
    outer loop
      vertex 32.63763583093882 25.320975556373597 0.6
      vertex 33.49865743905306 24.863163701593876 0.6
      vertex 33.51470250278712 24.894364997148514 0.6
    endloop
  endfacet
  facet normal 0 0 1
    outer loop
      vertex 33.51470250278712 24.894364997148514 0.6
      vertex 33.53296929240227 24.92136456757784 0.6
      vertex 32.95473391950131 25.604675061404706 0.6
    endloop
  endfacet
  facet normal 0 0 1
    outer loop
      vertex 33.53296929240227 24.92136456757784 0.6
      vertex 33.55376743912697 24.945187717080117 0.6
      vertex 33.08955861270428 25.64298222154379 0.6
    endloop
  endfacet
  facet normal 0 0 1
    outer loop
      vertex 32.63763583093882 25.320975556373597 0.6
      vertex 33.51470250278712 24.894364997148514 0.6
      vertex 32.670165274441246 25.375361725091935 0.6
    endloop
  endfacet
  facet normal 0 0 1
    outer loop
      vertex 32.670165274441246 25.375361725091935 0.6
      vertex 33.51470250278712 24.894364997148514 0.6
      vertex 32.70642249673605 25.425236544907094 0.6
    endloop
  endfacet
  facet normal 0 0 1
    outer loop
      vertex 32.70642249673605 25.425236544907094 0.6
      vertex 33.51470250278712 24.894364997148514 0.6
      vertex 32.74640749782324 25.470600000917912 0.6
    endloop
  endfacet
  facet normal 0 0 1
    outer loop
      vertex 32.74640749782324 25.470600000917912 0.6
      vertex 33.51470250278712 24.894364997148514 0.6
      vertex 32.79082373172045 25.511301360428334 0.6
    endloop
  endfacet
  facet normal 0 0 1
    outer loop
      vertex 33.51470250278712 24.894364997148514 0.6
      vertex 32.84035021454096 25.54721432119608 0.6
      vertex 32.79082373172045 25.511301360428334 0.6
    endloop
  endfacet
  facet normal 0 0 1
    outer loop
      vertex 33.51470250278712 24.894364997148514 0.6
      vertex 32.894986946284774 25.57833889067173 0.6
      vertex 32.84035021454096 25.54721432119608 0.6
    endloop
  endfacet
  facet normal 0 0 1
    outer loop
      vertex 33.51470250278712 24.894364997148514 0.6
      vertex 32.95473391950131 25.604675061404706 0.6
      vertex 32.894986946284774 25.57833889067173 0.6
    endloop
  endfacet
  facet normal 0 0 1
    outer loop
      vertex 33.53296929240227 24.92136456757784 0.6
      vertex 33.01959114164114 25.626222840845585 0.6
      vertex 32.95473391950131 25.604675061404706 0.6
    endloop
  endfacet
  facet normal 0 0 1
    outer loop
      vertex 33.53296929240227 24.92136456757784 0.6
      vertex 33.08955861270428 25.64298222154379 0.6
      vertex 33.01959114164114 25.626222840845585 0.6
    endloop
  endfacet
  facet normal 0 0 1
    outer loop
      vertex 33.55376743912697 24.945187717080117 0.6
      vertex 33.57709694296122 24.965834445655346 0.6
      vertex 33.2448242866993 25.66213580161333 0.6
    endloop
  endfacet
  facet normal 0 0 1
    outer loop
      vertex 33.55376743912697 24.945187717080117 0.6
      vertex 33.16463632524014 25.6549532109499 0.6
      vertex 33.08955861270428 25.64298222154379 0.6
    endloop
  endfacet
  facet normal 0 0 1
    outer loop
      vertex 33.55376743912697 24.945187717080117 0.6
      vertex 33.2448242866993 25.66213580161333 0.6
      vertex 33.16463632524014 25.6549532109499 0.6
    endloop
  endfacet
  facet normal 0 0 1
    outer loop
      vertex 33.57709694296122 24.965834445655346 0.6
      vertex 33.33012249708176 25.66453000098467 0.6
      vertex 33.2448242866993 25.66213580161333 0.6
    endloop
  endfacet
  facet normal 0 0 1
    outer loop
      vertex 33.57709694296122 24.965834445655346 0.6
      vertex 33.35463755965233 25.66443765103817 0.6
      vertex 33.33012249708176 25.66453000098467 0.6
    endloop
  endfacet
  facet normal 0 0 1
    outer loop
      vertex 33.57709694296122 24.965834445655346 0.6
      vertex 33.37846275061369 25.664160616099835 0.6
      vertex 33.35463755965233 25.66443765103817 0.6
    endloop
  endfacet
  facet normal 0 0 1
    outer loop
      vertex 33.57709694296122 24.965834445655346 0.6
      vertex 33.40159805506468 25.663698888719082 0.6
      vertex 33.37846275061369 25.664160616099835 0.6
    endloop
  endfacet
  facet normal 0 0 1
    outer loop
      vertex 33.602957811355594 24.98330475330353 0.6
      vertex 33.42404348790646 25.663052468895913 0.6
      vertex 33.40159805506468 25.663698888719082 0.6
    endloop
  endfacet
  facet normal 0 0 1
    outer loop
      vertex 33.602957811355594 24.98330475330353 0.6
      vertex 33.445799041688446 25.662221356630326 0.6
      vertex 33.42404348790646 25.663052468895913 0.6
    endloop
  endfacet
  facet normal 0 0 1
    outer loop
      vertex 33.602957811355594 24.98330475330353 0.6
      vertex 33.46686472386122 25.661205551922322 0.6
      vertex 33.445799041688446 25.662221356630326 0.6
    endloop
  endfacet
  facet normal 0 0 1
    outer loop
      vertex 33.57709694296122 24.965834445655346 0.6
      vertex 33.602957811355594 24.98330475330353 0.6
      vertex 33.40159805506468 25.663698888719082 0.6
    endloop
  endfacet
  facet normal 0 0 1
    outer loop
      vertex 33.602957811355594 24.98330475330353 0.6
      vertex 33.631350029408935 24.997598640024663 0.6
      vertex 33.487240526974205 25.66000506222248 0.6
    endloop
  endfacet
  facet normal 0 0 1
    outer loop
      vertex 33.631350029408935 24.997598640024663 0.6
      vertex 33.6622736120224 25.00871611326933 0.6
      vertex 33.58083694815636 25.651678330600262 0.6
    endloop
  endfacet
  facet normal 0 0 1
    outer loop
      vertex 33.6622736120224 25.00871611326933 0.6
      vertex 33.69572855174542 25.01665715813637 0.6
      vertex 33.650824103653434 25.64320425629616 0.6
    endloop
  endfacet
  facet normal 0 0 1
    outer loop
      vertex 33.69572855174542 25.01665715813637 0.6
      vertex 33.73171484857798 25.02142178952694 0.6
      vertex 33.73415249973536 25.630130558609963 0.6
    endloop
  endfacet
  facet normal 0 0 1
    outer loop
      vertex 33.73171484857798 25.02142178952694 0.6
      vertex 33.77023250252009 25.023009999990464 0.6
      vertex 33.81701916843653 25.61264599055052 0.6
    endloop
  endfacet
  facet normal 0 0 1
    outer loop
      vertex 33.77023250252009 25.023009999990464 0.6
      vertex 33.79666237920523 25.022733643054963 0.6
      vertex 33.867681633830074 25.600104629397393 0.6
    endloop
  endfacet
  facet normal 0 0 1
    outer loop
      vertex 33.602957811355594 24.98330475330353 0.6
      vertex 33.487240526974205 25.66000506222248 0.6
      vertex 33.46686472386122 25.661205551922322 0.6
    endloop
  endfacet
  facet normal 0 0 1
    outer loop
      vertex 33.631350029408935 24.997598640024663 0.6
      vertex 33.5069264510274 25.658619880080224 0.6
      vertex 33.487240526974205 25.66000506222248 0.6
    endloop
  endfacet
  facet normal 0 0 1
    outer loop
      vertex 33.631350029408935 24.997598640024663 0.6
      vertex 33.52592250347138 25.657049998044968 0.6
      vertex 33.5069264510274 25.658619880080224 0.6
    endloop
  endfacet
  facet normal 0 0 1
    outer loop
      vertex 33.631350029408935 24.997598640024663 0.6
      vertex 33.544458177089695 25.65535315066576 0.6
      vertex 33.52592250347138 25.657049998044968 0.6
    endloop
  endfacet
  facet normal 0 0 1
    outer loop
      vertex 33.631350029408935 24.997598640024663 0.6
      vertex 33.562762994468216 25.653562589883805 0.6
      vertex 33.544458177089695 25.65535315066576 0.6
    endloop
  endfacet
  facet normal 0 0 1
    outer loop
      vertex 33.631350029408935 24.997598640024663 0.6
      vertex 33.58083694815636 25.651678330600262 0.6
      vertex 33.562762994468216 25.653562589883805 0.6
    endloop
  endfacet
  facet normal 0 0 1
    outer loop
      vertex 33.6622736120224 25.00871611326933 0.6
      vertex 33.59868003070355 25.649700372815133 0.6
      vertex 33.58083694815636 25.651678330600262 0.6
    endloop
  endfacet
  facet normal 0 0 1
    outer loop
      vertex 33.6622736120224 25.00871611326933 0.6
      vertex 33.61629224956036 25.647628701627255 0.6
      vertex 33.59868003070355 25.649700372815133 0.6
    endloop
  endfacet
  facet normal 0 0 1
    outer loop
      vertex 33.6622736120224 25.00871611326933 0.6
      vertex 33.633673612177375 25.64546333193779 0.6
      vertex 33.61629224956036 25.647628701627255 0.6
    endloop
  endfacet
  facet normal 0 0 1
    outer loop
      vertex 33.6622736120224 25.00871611326933 0.6
      vertex 33.650824103653434 25.64320425629616 0.6
      vertex 33.633673612177375 25.64546333193779 0.6
    endloop
  endfacet
  facet normal 0 0 1
    outer loop
      vertex 33.69572855174542 25.01665715813637 0.6
      vertex 33.70100583523512 25.635831541717053 0.6
      vertex 33.684432502985004 25.638405002057553 0.6
    endloop
  endfacet
  facet normal 0 0 1
    outer loop
      vertex 33.69572855174542 25.01665715813637 0.6
      vertex 33.66774373143912 25.64085148215294 0.6
      vertex 33.650824103653434 25.64320425629616 0.6
    endloop
  endfacet
  facet normal 0 0 1
    outer loop
      vertex 33.69572855174542 25.01665715813637 0.6
      vertex 33.684432502985004 25.638405002057553 0.6
      vertex 33.66774373143912 25.64085148215294 0.6
    endloop
  endfacet
  facet normal 0 0 1
    outer loop
      vertex 33.69572855174542 25.01665715813637 0.6
      vertex 33.71757916748524 25.633073396384717 0.6
      vertex 33.70100583523512 25.635831541717053 0.6
    endloop
  endfacet
  facet normal 0 0 1
    outer loop
      vertex 33.69572855174542 25.01665715813637 0.6
      vertex 33.73415249973536 25.630130558609963 0.6
      vertex 33.71757916748524 25.633073396384717 0.6
    endloop
  endfacet
  facet normal 0 0 1
    outer loop
      vertex 33.73171484857798 25.02142178952694 0.6
      vertex 33.783872496485714 25.6201938906312 0.6
      vertex 33.767299164235595 25.623690805733204 0.6
    endloop
  endfacet
  facet normal 0 0 1
    outer loop
      vertex 33.73171484857798 25.02142178952694 0.6
      vertex 33.80044583618641 25.616512283086777 0.6
      vertex 33.783872496485714 25.6201938906312 0.6
    endloop
  endfacet
  facet normal 0 0 1
    outer loop
      vertex 33.73171484857798 25.02142178952694 0.6
      vertex 33.75072583198548 25.627003028392792 0.6
      vertex 33.73415249973536 25.630130558609963 0.6
    endloop
  endfacet
  facet normal 0 0 1
    outer loop
      vertex 33.73171484857798 25.02142178952694 0.6
      vertex 33.767299164235595 25.623690805733204 0.6
      vertex 33.75072583198548 25.627003028392792 0.6
    endloop
  endfacet
  facet normal 0 0 1
    outer loop
      vertex 33.73171484857798 25.02142178952694 0.6
      vertex 33.81701916843653 25.61264599055052 0.6
      vertex 33.80044583618641 25.616512283086777 0.6
    endloop
  endfacet
  facet normal 0 0 1
    outer loop
      vertex 33.77023250252009 25.023009999990464 0.6
      vertex 33.83359250068665 25.608594998121262 0.6
      vertex 33.81701916843653 25.61264599055052 0.6
    endloop
  endfacet
  facet normal 0 0 1
    outer loop
      vertex 33.79666237920523 25.022733643054963 0.6
      vertex 33.822907563447956 25.02190456479788 0.6
      vertex 33.88541472345591 25.595724999308587 0.6
    endloop
  endfacet
  facet normal 0 0 1
    outer loop
      vertex 33.822907563447956 25.02190456479788 0.6
      vertex 33.848968055248264 25.020522780120373 0.6
      vertex 33.922257933914665 25.586696855127812 0.6
    endloop
  endfacet
  facet normal 0 0 1
    outer loop
      vertex 33.848968055248264 25.020522780120373 0.6
      vertex 33.874843854606155 25.018588274121285 0.6
      vertex 33.96093719094992 25.577310181558133 0.6
    endloop
  endfacet
  facet normal 0 0 1
    outer loop
      vertex 33.874843854606155 25.018588274121285 0.6
      vertex 33.90053496897221 25.016101046800614 0.6
      vertex 33.98096534252167 25.572482406497002 0.6
    endloop
  endfacet
  facet normal 0 0 1
    outer loop
      vertex 33.90053496897221 25.016101046800614 0.6
      vertex 33.92604139089585 25.01306111305952 0.6
      vertex 34.001452502012256 25.56756500095129 0.6
    endloop
  endfacet
  facet normal 0 0 1
    outer loop
      vertex 33.92604139089585 25.01306111305952 0.6
      vertex 33.95136312037707 25.009468457996846 0.6
      vertex 34.001452502012256 25.56756500095129 0.6
    endloop
  endfacet
  facet normal 0 0 1
    outer loop
      vertex 33.95136312037707 25.009468457996846 0.6
      vertex 33.97650015741587 25.005323089063168 0.6
      vertex 34.001452502012256 25.56756500095129 0.6
    endloop
  endfacet
  facet normal 0 0 1
    outer loop
      vertex 33.97650015741587 25.005323089063168 0.6
      vertex 34.001452502012256 25.000624998807908 0.6
      vertex 34.001452502012256 25.56756500095129 0.6
    endloop
  endfacet
  facet normal 0 0 1
    outer loop
      vertex 33.822907563447956 25.02190456479788 0.6
      vertex 33.922257933914665 25.586696855127812 0.6
      vertex 33.90360682100058 25.5912557387352 0.6
    endloop
  endfacet
  facet normal 0 0 1
    outer loop
      vertex 33.848968055248264 25.020522780120373 0.6
      vertex 33.941368054747585 25.582048333585263 0.6
      vertex 33.922257933914665 25.586696855127812 0.6
    endloop
  endfacet
  facet normal 0 0 1
    outer loop
      vertex 33.848968055248264 25.020522780120373 0.6
      vertex 33.96093719094992 25.577310181558133 0.6
      vertex 33.941368054747585 25.582048333585263 0.6
    endloop
  endfacet
  facet normal 0 0 1
    outer loop
      vertex 33.90053496897221 25.016101046800614 0.6
      vertex 34.001452502012256 25.56756500095129 0.6
      vertex 33.98096534252167 25.572482406497002 0.6
    endloop
  endfacet
  facet normal 0 0 1
    outer loop
      vertex 33.874843854606155 25.018588274121285 0.6
      vertex 33.98096534252167 25.572482406497002 0.6
      vertex 33.96093719094992 25.577310181558133 0.6
    endloop
  endfacet
  facet normal 0 0 1
    outer loop
      vertex 33.77023250252009 25.023009999990464 0.6
      vertex 33.867681633830074 25.600104629397393 0.6
      vertex 33.850407559573654 25.604394629001618 0.6
    endloop
  endfacet
  facet normal 0 0 1
    outer loop
      vertex 33.79666237920523 25.022733643054963 0.6
      vertex 33.88541472345591 25.595724999308587 0.6
      vertex 33.867681633830074 25.600104629397393 0.6
    endloop
  endfacet
  facet normal 0 0 1
    outer loop
      vertex 33.77023250252009 25.023009999990464 0.6
      vertex 33.850407559573654 25.604394629001618 0.6
      vertex 33.83359250068665 25.608594998121262 0.6
    endloop
  endfacet
  facet normal 0 0 1
    outer loop
      vertex 33.822907563447956 25.02190456479788 0.6
      vertex 33.90360682100058 25.5912557387352 0.6
      vertex 33.88541472345591 25.595724999308587 0.6
    endloop
  endfacet
  facet normal 0 0 1
    outer loop
      vertex 36.69882972180844 22.3356088244915 0.6
      vertex 36.798288058638576 22.196297898292542 0.6
      vertex 37.58029638618231 22.837823330760003 0.6
    endloop
  endfacet
  facet normal 0 0 1
    outer loop
      vertex 37.17088725060225 21.846972531974316 0.6
      vertex 37.76889885604382 22.499838150441647 0.6
      vertex 37.03565244019032 21.950229934751988 0.6
    endloop
  endfacet
  facet normal 0 0 1
    outer loop
      vertex 37.31671194374562 21.757482781410218 0.6
      vertex 37.47312651216984 21.681760675609112 0.6
      vertex 37.898563053607944 22.38154333025217 0.6
    endloop
  endfacet
  facet normal 0 0 1
    outer loop
      vertex 37.17088725060225 21.846972531974316 0.6
      vertex 37.31671194374562 21.757482781410218 0.6
      vertex 37.76889885604382 22.499838150441647 0.6
    endloop
  endfacet
  facet normal 0 0 1
    outer loop
      vertex 37.03565244019032 21.950229934751988 0.6
      vertex 37.662809971868995 22.651931478977204 0.6
      vertex 36.911007497608665 22.067254997193814 0.6
    endloop
  endfacet
  facet normal 0 0 1
    outer loop
      vertex 36.911007497608665 22.067254997193814 0.6
      vertex 37.662809971868995 22.651931478977204 0.6
      vertex 36.798288058638576 22.196297898292542 0.6
    endloop
  endfacet
  facet normal 0 0 1
    outer loop
      vertex 37.31671194374562 21.757482781410218 0.6
      vertex 37.898563053607944 22.38154333025217 0.6
      vertex 37.76889885604382 22.499838150441647 0.6
    endloop
  endfacet
  facet normal 0 0 1
    outer loop
      vertex 37.03565244019032 21.950229934751988 0.6
      vertex 37.76889885604382 22.499838150441647 0.6
      vertex 37.662809971868995 22.651931478977204 0.6
    endloop
  endfacet
  facet normal 0 0 1
    outer loop
      vertex 36.69882972180844 22.3356088244915 0.6
      vertex 37.58029638618231 22.837823330760003 0.6
      vertex 36.61263250201941 22.485187775790692 0.6
    endloop
  endfacet
  facet normal 0 0 1
    outer loop
      vertex 36.61263250201941 22.485187775790692 0.6
      vertex 37.58029638618231 22.837823330760003 0.6
      vertex 36.53969639182091 22.645034752190114 0.6
    endloop
  endfacet
  facet normal 0 0 1
    outer loop
      vertex 36.480021391212944 22.815149753689766 0.6
      vertex 36.53969639182091 22.645034752190114 0.6
      vertex 37.52135811388493 23.057513705790043 0.6
    endloop
  endfacet
  facet normal 0 0 1
    outer loop
      vertex 36.480021391212944 22.815149753689766 0.6
      vertex 37.52135811388493 23.057513705790043 0.6
      vertex 36.43360750019551 22.99553278028965 0.6
    endloop
  endfacet
  facet normal 0 0 1
    outer loop
      vertex 36.798288058638576 22.196297898292542 0.6
      vertex 37.662809971868995 22.651931478977204 0.6
      vertex 37.58029638618231 22.837823330760003 0.6
    endloop
  endfacet
  facet normal 0 0 1
    outer loop
      vertex 36.53969639182091 22.645034752190114 0.6
      vertex 37.58029638618231 22.837823330760003 0.6
      vertex 37.52135811388493 23.057513705790043 0.6
    endloop
  endfacet
  facet normal 0 0 1
    outer loop
      vertex 37.47312651216984 21.681760675609112 0.6
      vertex 37.64013095587492 21.61980623692274 0.6
      vertex 37.898563053607944 22.38154333025217 0.6
    endloop
  endfacet
  facet normal 0 0 1
    outer loop
      vertex 37.64013095587492 21.61980623692274 0.6
      vertex 38.05180256456137 22.297047040760518 0.6
      vertex 37.898563053607944 22.38154333025217 0.6
    endloop
  endfacet
  facet normal 0 0 1
    outer loop
      vertex 38.00590947657824 21.53720030874014 0.6
      vertex 38.22861737400294 22.246349259614945 0.6
      vertex 38.05180256456137 22.297047040760518 0.6
    endloop
  endfacet
  facet normal 0 0 1
    outer loop
      vertex 38.20468354612589 21.51654882669449 0.6
      vertex 38.429007496833805 22.229450001716614 0.6
      vertex 38.22861737400294 22.246349259614945 0.6
    endloop
  endfacet
  facet normal 0 0 1
    outer loop
      vertex 38.41404749840498 21.509664996862412 0.6
      vertex 38.525835339128975 22.233456171453 0.6
      vertex 38.429007496833805 22.229450001716614 0.6
    endloop
  endfacet
  facet normal 0 0 1
    outer loop
      vertex 38.62791330009699 21.516318641006947 0.6
      vertex 38.617414411306385 22.245474688112736 0.6
      vertex 38.525835339128975 22.233456171453 0.6
    endloop
  endfacet
  facet normal 0 0 1
    outer loop
      vertex 38.83021960049868 21.53627956598997 0.6
      vertex 38.703744720816616 22.265505559146405 0.6
      vertex 38.617414411306385 22.245474688112736 0.6
    endloop
  endfacet
  facet normal 0 0 1
    outer loop
      vertex 39.020966392159465 21.569547779262066 0.6
      vertex 38.78482626765967 22.293548762202263 0.6
      vertex 38.703744720816616 22.265505559146405 0.6
    endloop
  endfacet
  facet normal 0 0 1
    outer loop
      vertex 36.43360750019551 22.99553278028965 0.6
      vertex 37.48599515497685 23.311002589166165 0.6
      vertex 36.4004547187686 23.186183824539185 0.6
    endloop
  endfacet
  facet normal 0 0 1
    outer loop
      vertex 36.4004547187686 23.186183824539185 0.6
      vertex 37.48599515497685 23.311002589166165 0.6
      vertex 36.380563054382804 23.38710290133953 0.6
    endloop
  endfacet
  facet normal 0 0 1
    outer loop
      vertex 36.380563054382804 23.38710290133953 0.6
      vertex 37.47420750200749 23.59829000324011 0.6
      vertex 36.37393249958754 23.59829000324011 0.6
    endloop
  endfacet
  facet normal 0 0 1
    outer loop
      vertex 36.43360750019551 22.99553278028965 0.6
      vertex 37.52135811388493 23.057513705790043 0.6
      vertex 37.48599515497685 23.311002589166165 0.6
    endloop
  endfacet
  facet normal 0 0 1
    outer loop
      vertex 36.380563054382804 23.38710290133953 0.6
      vertex 37.48599515497685 23.311002589166165 0.6
      vertex 37.47420750200749 23.59829000324011 0.6
    endloop
  endfacet
  facet normal 0 0 1
    outer loop
      vertex 36.37393249958754 23.59829000324011 0.6
      vertex 37.47420750200749 23.59829000324011 0.6
      vertex 37.4770851546526 23.744322470724583 0.6
    endloop
  endfacet
  facet normal 0 0 1
    outer loop
      vertex 36.37393249958754 23.59829000324011 0.6
      vertex 37.4770851546526 23.744322470724583 0.6
      vertex 36.380563054382804 23.81027357965708 0.6
    endloop
  endfacet
  facet normal 0 0 1
    outer loop
      vertex 36.380563054382804 23.81027357965708 0.6
      vertex 37.48571812003851 23.882388762533665 0.6
      vertex 36.4004547187686 24.011944323182107 0.6
    endloop
  endfacet
  facet normal 0 0 1
    outer loop
      vertex 36.4004547187686 24.011944323182107 0.6
      vertex 37.50010639071465 24.012488886117936 0.6
      vertex 36.43360750019551 24.203302218914033 0.6
    endloop
  endfacet
  facet normal 0 0 1
    outer loop
      vertex 36.43360750019551 24.203302218914033 0.6
      vertex 37.52024996668101 24.134622841477395 0.6
      vertex 36.480021391212944 24.384347281754017 0.6
    endloop
  endfacet
  facet normal 0 0 1
    outer loop
      vertex 36.380563054382804 23.81027357965708 0.6
      vertex 37.4770851546526 23.744322470724583 0.6
      vertex 37.48571812003851 23.882388762533665 0.6
    endloop
  endfacet
  facet normal 0 0 1
    outer loop
      vertex 36.4004547187686 24.011944323182107 0.6
      vertex 37.48571812003851 23.882388762533665 0.6
      vertex 37.50010639071465 24.012488886117936 0.6
    endloop
  endfacet
  facet normal 0 0 1
    outer loop
      vertex 36.43360750019551 24.203302218914033 0.6
      vertex 37.50010639071465 24.012488886117936 0.6
      vertex 37.52024996668101 24.134622841477395 0.6
    endloop
  endfacet
  facet normal 0 0 1
    outer loop
      vertex 36.480021391212944 24.384347281754017 0.6
      vertex 37.52024996668101 24.134622841477395 0.6
      vertex 37.54614885538817 24.24879061371088 0.6
    endloop
  endfacet
  facet normal 0 0 1
    outer loop
      vertex 39.020966392159465 21.569547779262066 0.6
      vertex 38.86065904438496 22.329604319632054 0.6
      vertex 38.78482626765967 22.293548762202263 0.6
    endloop
  endfacet
  facet normal 0 0 1
    outer loop
      vertex 39.20015367507935 21.61612327337265 0.6
      vertex 38.93124305844307 22.373672223985196 0.6
      vertex 38.86065904438496 22.329604319632054 0.6
    endloop
  endfacet
  facet normal 0 0 1
    outer loop
      vertex 39.20015367507935 21.61612327337265 0.6
      vertex 39.36778144925833 21.676006048321725 0.6
      vertex 38.93124305844307 22.373672223985196 0.6
    endloop
  endfacet
  facet normal 0 0 1
    outer loop
      vertex 39.36778144925833 21.676006048321725 0.6
      vertex 39.52384972214699 21.74919611155987 0.6
      vertex 38.996578302383426 22.425752467811108 0.6
    endloop
  endfacet
  facet normal 0 0 1
    outer loop
      vertex 39.52384972214699 21.74919611155987 0.6
      vertex 39.66835848629475 21.835693455636502 0.6
      vertex 39.0566647836566 22.485845058560372 0.6
    endloop
  endfacet
  facet normal 0 0 1
    outer loop
      vertex 39.36778144925833 21.676006048321725 0.6
      vertex 38.996578302383426 22.425752467811108 0.6
      vertex 38.93124305844307 22.373672223985196 0.6
    endloop
  endfacet
  facet normal 0 0 1
    outer loop
      vertex 39.52384972214699 21.74919611155987 0.6
      vertex 39.0566647836566 22.485845058560372 0.6
      vertex 38.996578302383426 22.425752467811108 0.6
    endloop
  endfacet
  facet normal 0 0 1
    outer loop
      vertex 39.66835848629475 21.835693455636502 0.6
      vertex 39.111502502262596 22.553950003683568 0.6
      vertex 39.0566647836566 22.485845058560372 0.6
    endloop
  endfacet
  facet normal 0 0 1
    outer loop
      vertex 39.92269750326872 22.0486100012064 0.6
      vertex 39.160826634764675 22.630941852331162 0.6
      vertex 39.111502502262596 22.553950003683568 0.6
    endloop
  endfacet
  facet normal 0 0 1
    outer loop
      vertex 39.66835848629475 21.835693455636502 0.6
      vertex 39.80130774915219 21.935498088002205 0.6
      vertex 39.111502502262596 22.553950003683568 0.6
    endloop
  endfacet
  facet normal 0 0 1
    outer loop
      vertex 39.80130774915219 21.935498088002205 0.6
      vertex 39.92269750326872 22.0486100012064 0.6
      vertex 39.111502502262596 22.553950003683568 0.6
    endloop
  endfacet
  facet normal 0 0 1
    outer loop
      vertex 39.92269750326872 22.0486100012064 0.6
      vertex 40.03189626723528 22.174189261496068 0.6
      vertex 39.160826634764675 22.630941852331162 0.6
    endloop
  endfacet
  facet normal 0 0 1
    outer loop
      vertex 40.03189626723528 22.174189261496068 0.6
      vertex 40.12824811428786 22.311420373022557 0.6
      vertex 39.204347934722904 22.717695183455945 0.6
    endloop
  endfacet
  facet normal 0 0 1
    outer loop
      vertex 40.03189626723528 22.174189261496068 0.6
      vertex 39.204347934722904 22.717695183455945 0.6
      vertex 39.160826634764675 22.630941852331162 0.6
    endloop
  endfacet
  facet normal 0 0 1
    outer loop
      vertex 39.204347934722904 22.717695183455945 0.6
      vertex 40.12824811428786 22.311420373022557 0.6
      vertex 39.24206638723612 22.814209997057915 0.6
    endloop
  endfacet
  facet normal 0 0 1
    outer loop
      vertex 39.24206638723612 22.814209997057915 0.6
      vertex 40.211753051877025 22.460303335785866 0.6
      vertex 39.27398200720549 22.920486293137074 0.6
    endloop
  endfacet
  facet normal 0 0 1
    outer loop
      vertex 39.24206638723612 22.814209997057915 0.6
      vertex 40.12824811428786 22.311420373022557 0.6
      vertex 40.211753051877025 22.460303335785866 0.6
    endloop
  endfacet
  facet normal 0 0 1
    outer loop
      vertex 39.27398200720549 22.920486293137074 0.6
      vertex 40.211753051877025 22.460303335785866 0.6
      vertex 40.28241108000279 22.620838149785996 0.6
    endloop
  endfacet
  facet normal 0 0 1
    outer loop
      vertex 39.27398200720549 22.920486293137074 0.6
      vertex 40.340222191214565 22.793024815022946 0.6
      vertex 39.30009478718043 23.03652407169342 0.6
    endloop
  endfacet
  facet normal 0 0 1
    outer loop
      vertex 39.30009478718043 23.03652407169342 0.6
      vertex 40.385186385512355 22.976863331496716 0.6
      vertex 39.32040471971035 23.162323332726956 0.6
    endloop
  endfacet
  facet normal 0 0 1
    outer loop
      vertex 39.27398200720549 22.920486293137074 0.6
      vertex 40.28241108000279 22.620838149785996 0.6
      vertex 40.340222191214565 22.793024815022946 0.6
    endloop
  endfacet
  facet normal 0 0 1
    outer loop
      vertex 39.30009478718043 23.03652407169342 0.6
      vertex 40.340222191214565 22.793024815022946 0.6
      vertex 40.385186385512355 22.976863331496716 0.6
    endloop
  endfacet
  facet normal 0 0 1
    outer loop
      vertex 39.32040471971035 23.162323332726956 0.6
      vertex 40.41730367034674 23.172353706657887 0.6
      vertex 39.33491181969643 23.29788407623768 0.6
    endloop
  endfacet
  facet normal 0 0 1
    outer loop
      vertex 40.385186385512355 22.976863331496716 0.6
      vertex 40.41730367034674 23.172353706657887 0.6
      vertex 39.32040471971035 23.162323332726956 0.6
    endloop
  endfacet
  facet normal 0 0 1
    outer loop
      vertex 39.33491181969643 23.29788407623768 0.6
      vertex 40.43657404571772 23.379495925605298 0.6
      vertex 39.343616079688076 23.44320629477501 0.6
    endloop
  endfacet
  facet normal 0 0 1
    outer loop
      vertex 39.343616079688076 23.44320629477501 0.6
      vertex 40.44299749672413 23.59829000324011 0.6
      vertex 39.34651749968529 23.59829000324011 0.6
    endloop
  endfacet
  facet normal 0 0 1
    outer loop
      vertex 39.34651749968529 23.59829000324011 0.6
      vertex 40.43627459943295 23.811035431325436 0.6
      vertex 39.33459132552147 23.887909136116505 0.6
    endloop
  endfacet
  facet normal 0 0 1
    outer loop
      vertex 39.33459132552147 23.887909136116505 0.6
      vertex 40.38249139130116 24.205172225236893 0.6
      vertex 39.2988128104806 24.143455430269242 0.6
    endloop
  endfacet
  facet normal 0 0 1
    outer loop
      vertex 39.2988128104806 24.143455430269242 0.6
      vertex 40.38249139130116 24.205172225236893 0.6
      vertex 40.33543108046055 24.386563583612443 0.6
    endloop
  endfacet
  facet normal 0 0 1
    outer loop
      vertex 39.33491181969643 23.29788407623768 0.6
      vertex 40.41730367034674 23.172353706657887 0.6
      vertex 40.43657404571772 23.379495925605298 0.6
    endloop
  endfacet
  facet normal 0 0 1
    outer loop
      vertex 39.343616079688076 23.44320629477501 0.6
      vertex 40.43657404571772 23.379495925605298 0.6
      vertex 40.44299749672413 23.59829000324011 0.6
    endloop
  endfacet
  facet normal 0 0 1
    outer loop
      vertex 39.34651749968529 23.59829000324011 0.6
      vertex 40.44299749672413 23.59829000324011 0.6
      vertex 40.43627459943295 23.811035431325436 0.6
    endloop
  endfacet
  facet normal 0 0 1
    outer loop
      vertex 39.33459132552147 23.887909136116505 0.6
      vertex 40.43627459943295 23.811035431325436 0.6
      vertex 40.41610589265824 24.013329505324364 0.6
    endloop
  endfacet
  facet normal 0 0 1
    outer loop
      vertex 39.33459132552147 23.887909136116505 0.6
      vertex 40.41610589265824 24.013329505324364 0.6
      vertex 40.38249139130116 24.205172225236893 0.6
    endloop
  endfacet
  facet normal 0 0 1
    outer loop
      vertex 36.480021391212944 24.384347281754017 0.6
      vertex 37.54614885538817 24.24879061371088 0.6
      vertex 36.53969639182091 24.55507950425148 0.6
    endloop
  endfacet
  facet normal 0 0 1
    outer loop
      vertex 37.54614885538817 24.24879061371088 0.6
      vertex 36.61263250201941 24.715498886406422 0.6
      vertex 36.53969639182091 24.55507950425148 0.6
    endloop
  endfacet
  facet normal 0 0 1
    outer loop
      vertex 36.61263250201941 24.715498886406422 0.6
      vertex 37.57780305683613 24.354992225170136 0.6
      vertex 36.69882972180844 24.865605435669423 0.6
    endloop
  endfacet
  facet normal 0 0 1
    outer loop
      vertex 36.69882972180844 24.865605435669423 0.6
      vertex 37.61521256357432 24.45322765350342 0.6
      vertex 36.798288058638576 25.00539913713932 0.6
    endloop
  endfacet
  facet normal 0 0 1
    outer loop
      vertex 37.54614885538817 24.24879061371088 0.6
      vertex 37.57780305683613 24.354992225170136 0.6
      vertex 36.61263250201941 24.715498886406422 0.6
    endloop
  endfacet
  facet normal 0 0 1
    outer loop
      vertex 36.69882972180844 24.865605435669423 0.6
      vertex 37.57780305683613 24.354992225170136 0.6
      vertex 37.61521256357432 24.45322765350342 0.6
    endloop
  endfacet
  facet normal 0 0 1
    outer loop
      vertex 37.61521256357432 24.45322765350342 0.6
      vertex 37.658377375602726 24.54349691361189 0.6
      vertex 36.798288058638576 25.00539913713932 0.6
    endloop
  endfacet
  facet normal 0 0 1
    outer loop
      vertex 37.658377375602726 24.54349691361189 0.6
      vertex 37.707297500371936 24.625799998044968 0.6
      vertex 36.911007497608665 25.134879998266697 0.6
    endloop
  endfacet
  facet normal 0 0 1
    outer loop
      vertex 37.03537676125765 25.252297527492047 0.6
      vertex 37.707297500371936 24.625799998044968 0.6
      vertex 37.76165108025074 24.69976888537407 0.6
    endloop
  endfacet
  facet normal 0 0 1
    outer loop
      vertex 37.658377375602726 24.54349691361189 0.6
      vertex 36.911007497608665 25.134879998266697 0.6
      vertex 36.798288058638576 25.00539913713932 0.6
    endloop
  endfacet
  facet normal 0 0 1
    outer loop
      vertex 36.911007497608665 25.134879998266697 0.6
      vertex 37.707297500371936 24.625799998044968 0.6
      vertex 37.03537676125765 25.252297527492047 0.6
    endloop
  endfacet
  facet normal 0 0 1
    outer loop
      vertex 37.03537676125765 25.252297527492047 0.6
      vertex 37.76165108025074 24.69976888537407 0.6
      vertex 37.16978453487158 25.355901233255864 0.6
    endloop
  endfacet
  facet normal 0 0 1
    outer loop
      vertex 37.16978453487158 25.355901233255864 0.6
      vertex 37.76165108025074 24.69976888537407 0.6
      vertex 37.82111626505852 24.76503555417061 0.6
    endloop
  endfacet
  facet normal 0 0 1
    outer loop
      vertex 37.16978453487158 25.355901233255864 0.6
      vertex 37.82111626505852 24.76503555417061 0.6
      vertex 37.314230833351616 25.445691108107567 0.6
    endloop
  endfacet
  facet normal 0 0 1
    outer loop
      vertex 37.314230833351616 25.445691108107567 0.6
      vertex 37.88569305479527 24.821599996984006 0.6
      vertex 37.46871564924717 25.52166715949774 0.6
    endloop
  endfacet
  facet normal 0 0 1
    outer loop
      vertex 37.314230833351616 25.445691108107567 0.6
      vertex 37.82111626505852 24.76503555417061 0.6
      vertex 37.88569305479527 24.821599996984006 0.6
    endloop
  endfacet
  facet normal 0 0 1
    outer loop
      vertex 37.88569305479527 24.821599996984006 0.6
      vertex 37.95538144946099 24.86946222126484 0.6
      vertex 37.46871564924717 25.52166715949774 0.6
    endloop
  endfacet
  facet normal 0 0 1
    outer loop
      vertex 37.95538144946099 24.86946222126484 0.6
      vertex 38.030181449055675 24.90862221956253 0.6
      vertex 37.633238982558254 25.583829379975796 0.6
    endloop
  endfacet
  facet normal 0 0 1
    outer loop
      vertex 38.030181449055675 24.90862221956253 0.6
      vertex 38.110093053579334 24.93907999932766 0.6
      vertex 37.80780083328486 25.63217777699232 0.6
    endloop
  endfacet
  facet normal 0 0 1
    outer loop
      vertex 37.95538144946099 24.86946222126484 0.6
      vertex 37.633238982558254 25.583829379975796 0.6
      vertex 37.46871564924717 25.52166715949774 0.6
    endloop
  endfacet
  facet normal 0 0 1
    outer loop
      vertex 38.030181449055675 24.90862221956253 0.6
      vertex 37.80780083328486 25.63217777699232 0.6
      vertex 37.633238982558254 25.583829379975796 0.6
    endloop
  endfacet
  facet normal 0 0 1
    outer loop
      vertex 38.110093053579334 24.93907999932766 0.6
      vertex 38.19511626303196 24.960835553109646 0.6
      vertex 37.992401201426986 25.666712343096734 0.6
    endloop
  endfacet
  facet normal 0 0 1
    outer loop
      vertex 38.19511626303196 24.960835553109646 0.6
      vertex 38.28525107741356 24.97388888835907 0.6
      vertex 38.18704009443522 25.687433085739613 0.6
    endloop
  endfacet
  facet normal 0 0 1
    outer loop
      vertex 38.110093053579334 24.93907999932766 0.6
      vertex 37.992401201426986 25.666712343096734 0.6
      vertex 37.80780083328486 25.63217777699232 0.6
    endloop
  endfacet
  facet normal 0 0 1
    outer loop
      vertex 38.19511626303196 24.960835553109646 0.6
      vertex 38.18704009443522 25.687433085739613 0.6
      vertex 37.992401201426986 25.666712343096734 0.6
    endloop
  endfacet
  facet normal 0 0 1
    outer loop
      vertex 38.28525107741356 24.97388888835907 0.6
      vertex 38.38049749672413 24.97823999762535 0.6
      vertex 38.18704009443522 25.687433085739613 0.6
    endloop
  endfacet
  facet normal 0 0 1
    outer loop
      vertex 38.38049749672413 24.97823999762535 0.6
      vertex 38.5832424351573 24.961203581988812 0.6
      vertex 38.60038818061352 25.687456175088883 0.6
    endloop
  endfacet
  facet normal 0 0 1
    outer loop
      vertex 38.38049749672413 24.97823999762535 0.6
      vertex 38.39171749740839 25.69433999747038 0.6
      vertex 38.18704009443522 25.687433085739613 0.6
    endloop
  endfacet
  facet normal 0 0 1
    outer loop
      vertex 38.38049749672413 24.97823999762535 0.6
      vertex 38.60038818061352 25.687456175088883 0.6
      vertex 38.39171749740839 25.69433999747038 0.6
    endloop
  endfacet
  facet normal 0 0 1
    outer loop
      vertex 38.5832424351573 24.961203581988812 0.6
      vertex 38.76213503271342 24.910094320178032 0.6
      vertex 38.79874466001988 25.666804693043233 0.6
    endloop
  endfacet
  facet normal 0 0 1
    outer loop
      vertex 38.5832424351573 24.961203581988812 0.6
      vertex 38.79874466001988 25.666804693043233 0.6
      vertex 38.60038818061352 25.687456175088883 0.6
    endloop
  endfacet
  facet normal 0 0 1
    outer loop
      vertex 38.76213503271342 24.910094320178032 0.6
      vertex 38.986786943078044 25.63238555878401 0.6
      vertex 38.79874466001988 25.666804693043233 0.6
    endloop
  endfacet
  facet normal 0 0 1
    outer loop
      vertex 39.15569873541594 24.552329509854317 0.6
      vertex 39.77228539824486 25.253775059580803 0.6
      vertex 39.048363175392154 24.705657280385495 0.6
    endloop
  endfacet
  facet normal 0 0 1
    outer loop
      vertex 39.2988128104806 24.143455430269242 0.6
      vertex 40.274924967587 24.557503580451012 0.6
      vertex 39.23918194711209 24.36492888569832 0.6
    endloop
  endfacet
  facet normal 0 0 1
    outer loop
      vertex 39.2988128104806 24.143455430269242 0.6
      vertex 40.33543108046055 24.386563583612443 0.6
      vertex 40.274924967587 24.557503580451012 0.6
    endloop
  endfacet
  facet normal 0 0 1
    outer loop
      vertex 39.23918194711209 24.36492888569832 0.6
      vertex 40.274924967587 24.557503580451012 0.6
      vertex 40.200973052680496 24.717992223203183 0.6
    endloop
  endfacet
  facet normal 0 0 1
    outer loop
      vertex 39.23918194711209 24.36492888569832 0.6
      vertex 40.01273182421923 25.007615431547165 0.6
      vertex 39.15569873541594 24.552329509854317 0.6
    endloop
  endfacet
  facet normal 0 0 1
    outer loop
      vertex 39.23918194711209 24.36492888569832 0.6
      vertex 40.200973052680496 24.717992223203183 0.6
      vertex 40.11357534319163 24.868029504418374 0.6
    endloop
  endfacet
  facet normal 0 0 1
    outer loop
      vertex 39.23918194711209 24.36492888569832 0.6
      vertex 40.11357534319163 24.868029504418374 0.6
      vertex 40.01273182421923 25.007615431547165 0.6
    endloop
  endfacet
  facet normal 0 0 1
    outer loop
      vertex 39.048363175392154 24.705657280385495 0.6
      vertex 39.4890286141634 25.446522220373154 0.6
      vertex 38.91717527449131 24.824912219643593 0.6
    endloop
  endfacet
  facet normal 0 0 1
    outer loop
      vertex 38.76213503271342 24.910094320178032 0.6
      vertex 38.91717527449131 24.824912219643593 0.6
      vertex 39.16451502978802 25.58419876486063 0.6
    endloop
  endfacet
  facet normal 0 0 1
    outer loop
      vertex 39.048363175392154 24.705657280385495 0.6
      vertex 39.63581410437823 25.357032469809056 0.6
      vertex 39.4890286141634 25.446522220373154 0.6
    endloop
  endfacet
  facet normal 0 0 1
    outer loop
      vertex 38.91717527449131 24.824912219643593 0.6
      vertex 39.33192892014981 25.52224431872368 0.6
      vertex 39.16451502978802 25.58419876486063 0.6
    endloop
  endfacet
  facet normal 0 0 1
    outer loop
      vertex 38.76213503271342 24.910094320178032 0.6
      vertex 39.16451502978802 25.58419876486063 0.6
      vertex 38.986786943078044 25.63238555878401 0.6
    endloop
  endfacet
  facet normal 0 0 1
    outer loop
      vertex 38.91717527449131 24.824912219643593 0.6
      vertex 39.4890286141634 25.446522220373154 0.6
      vertex 39.33192892014981 25.52224431872368 0.6
    endloop
  endfacet
  facet normal 0 0 1
    outer loop
      vertex 39.15569873541594 24.552329509854317 0.6
      vertex 40.01273182421923 25.007615431547165 0.6
      vertex 39.898442503213886 25.136749997138978 0.6
    endloop
  endfacet
  facet normal 0 0 1
    outer loop
      vertex 39.15569873541594 24.552329509854317 0.6
      vertex 39.898442503213886 25.136749997138978 0.6
      vertex 39.77228539824486 25.253775059580803 0.6
    endloop
  endfacet
  facet normal 0 0 1
    outer loop
      vertex 39.048363175392154 24.705657280385495 0.6
      vertex 39.77228539824486 25.253775059580803 0.6
      vertex 39.63581410437823 25.357032469809056 0.6
    endloop
  endfacet
  facet normal 0 -1 0
    outer loop
      vertex 6.137627002596855 7.687927998900413 0.6
      vertex 6.137627002596855 7.687927998900413 0
      vertex 7.378866997361183 7.687927998900413 0
    endloop
  endfacet
  facet normal 1 0 0
    outer loop
      vertex 6.657757003605366 8.09168200224638 0.6
      vertex 6.657757003605366 8.09168200224638 0
      vertex 6.657757003605366 8.825141996443271 0
    endloop
  endfacet
  facet normal 0.024535388765149317 -0.999698962037144 0
    outer loop
      vertex 7.378866997361183 7.687927998900413 0.6
      vertex 7.378866997361183 7.687927998900413 0
      vertex 7.475100059807301 7.6902898254990575 0
    endloop
  endfacet
  facet normal 0.07743605503419967 -0.9969973206487268 0
    outer loop
      vertex 7.475100059807301 7.6902898254990575 0.6
      vertex 7.475100059807301 7.6902898254990575 0
      vertex 7.566326354444027 7.69737530529499 0
    endloop
  endfacet
  facet normal 0.1356990297971242 -0.990750106390163 0
    outer loop
      vertex 7.566326354444027 7.69737530529499 0.6
      vertex 7.566326354444027 7.69737530529499 0
      vertex 7.652545888721943 7.709184445738792 0
    endloop
  endfacet
  facet normal 0.19948219809450152 -0.9799014504751924 0
    outer loop
      vertex 7.652545888721943 7.709184445738792 0.6
      vertex 7.652545888721943 7.709184445738792 0
      vertex 7.733758655190468 7.725717231929302 0
    endloop
  endfacet
  facet normal 0.2686776722151591 -0.9632301430359431 0
    outer loop
      vertex 7.733758655190468 7.725717231929302 0.6
      vertex 7.733758655190468 7.725717231929302 0
      vertex 7.809964653849602 7.746973678767681 0
    endloop
  endfacet
  facet normal 0.34278544320290244 -0.9394137213859449 0
    outer loop
      vertex 7.809964653849602 7.746973678767681 0.6
      vertex 7.809964653849602 7.746973678767681 0
      vertex 7.881163892149925 7.772953778803348 0
    endloop
  endfacet
  facet normal 0.4207903879398323 -0.907157896629603 0
    outer loop
      vertex 7.881163892149925 7.772953778803348 0.6
      vertex 7.881163892149925 7.772953778803348 0
      vertex 7.947356355190277 7.803657532036304 0
    endloop
  endfacet
  facet normal 0.5010797080528923 -0.8654011359927997 0
    outer loop
      vertex 7.947356355190277 7.803657532036304 0.6
      vertex 7.947356355190277 7.803657532036304 0
      vertex 8.008542065322398 7.839084938466549 0
    endloop
  endfacet
  facet normal 0 1 0
    outer loop
      vertex 7.324214999377728 8.09168200224638 0.6
      vertex 7.324214999377728 8.09168200224638 0
      vertex 6.657757003605366 8.09168200224638 0
    endloop
  endfacet
  facet normal -0.04588009332734303 0.9989469540652668 0
    outer loop
      vertex 7.420423668622971 8.096100718080997 0.6
      vertex 7.420423668622971 8.096100718080997 0
      vertex 7.324214999377728 8.09168200224638 0
    endloop
  endfacet
  facet normal -0.15428695234016465 0.988026080798267 0
    outer loop
      vertex 7.5053136691451074 8.10935686558485 0.6
      vertex 7.5053136691451074 8.10935686558485 0
      vertex 7.420423668622971 8.096100718080997 0
    endloop
  endfacet
  facet normal -0.28761276725225393 0.9577467807899439 0
    outer loop
      vertex 7.578885000944138 8.131450444757938 0.6
      vertex 7.578885000944138 8.131450444757938 0
      vertex 7.5053136691451074 8.10935686558485 0
    endloop
  endfacet
  facet normal -0.44496432282600085 0.8955482965267695 0
    outer loop
      vertex 7.641137664020062 8.162381455600261 0.6
      vertex 7.641137664020062 8.162381455600261 0
      vertex 7.578885000944138 8.131450444757938 0
    endloop
  endfacet
  facet normal -0.6154158206440181 0.788202618430724 0
    outer loop
      vertex 7.69207166582346 8.20214989811182 0.6
      vertex 7.69207166582346 8.20214989811182 0
      vertex 7.641137664020062 8.162381455600261 0
    endloop
  endfacet
  facet normal -0.7751526616494354 0.631773971557705 0
    outer loop
      vertex 7.7316869989037516 8.250755779743194 0.6
      vertex 7.7316869989037516 8.250755779743194 0
      vertex 7.69207166582346 8.20214989811182 0
    endloop
  endfacet
  facet normal -0.897066173665228 0.4418962322374192 0
    outer loop
      vertex 7.759983663260937 8.308199085593223 0.6
      vertex 7.759983663260937 8.308199085593223 0
      vertex 7.7316869989037516 8.250755779743194 0
    endloop
  endfacet
  facet normal -0.96872382605599 0.24814138879164038 0
    outer loop
      vertex 7.7769616663455965 8.374479830563068 0.6
      vertex 7.7769616663455965 8.374479830563068 0
      vertex 7.759983663260937 8.308199085593223 0
    endloop
  endfacet
  facet normal -0.9971740353182934 0.07512618243349661 0
    outer loop
      vertex 7.78262100070715 8.449597999751568 0.6
      vertex 7.78262100070715 8.449597999751568 0
      vertex 7.7769616663455965 8.374479830563068 0
    endloop
  endfacet
  facet normal -0.9993491320611676 -0.03607370577846352 0
    outer loop
      vertex 7.781227913498879 8.488190666139126 0.6
      vertex 7.781227913498879 8.488190666139126 0
      vertex 7.78262100070715 8.449597999751568 0
    endloop
  endfacet
  facet normal -0.9935555413738351 -0.11334631094722618 0
    outer loop
      vertex 7.777048651874066 8.52482466429472 0.6
      vertex 7.777048651874066 8.52482466429472 0
      vertex 7.781227913498879 8.488190666139126 0
    endloop
  endfacet
  facet normal -0.9804152447573684 -0.19694148330747718 0
    outer loop
      vertex 7.770083223283291 8.55950000166893 0.6
      vertex 7.770083223283291 8.55950000166893 0
      vertex 7.777048651874066 8.52482466429472 0
    endloop
  endfacet
  facet normal -1 0 0
    outer loop
      vertex 6.137627002596855 10.172175996303558 0.6
      vertex 6.137627002596855 10.172175996303558 0
      vertex 6.137627002596855 7.687927998900413 0
    endloop
  endfacet
  facet normal 1 0 0
    outer loop
      vertex 6.657757003605366 9.228895999789238 0.6
      vertex 6.657757003605366 9.228895999789238 0
      vertex 6.657757003605366 10.172175996303558 0
    endloop
  endfacet
  facet normal 0 -1 0
    outer loop
      vertex 6.657757003605366 8.825141996443271 0.6
      vertex 6.657757003605366 8.825141996443271 0
      vertex 7.33833300024271 8.825141996443271 0
    endloop
  endfacet
  facet normal -0.025772923991345807 -0.9996678230236964 0
    outer loop
      vertex 7.33833300024271 8.825141996443271 0.6
      vertex 7.33833300024271 8.825141996443271 0
      vertex 7.3856067776679994 8.823923208117485 0
    endloop
  endfacet
  facet normal -0.08159408931066088 -0.9966656433275725 0
    outer loop
      vertex 7.3856067776679994 8.823923208117485 0.6
      vertex 7.3856067776679994 8.823923208117485 0
      vertex 7.430268999934197 8.820266843140125 0
    endloop
  endfacet
  facet normal -0.7657743346147717 -0.6431093751806946 0
    outer loop
      vertex 7.693463471531868 8.70349666506052 0.6
      vertex 7.693463471531868 8.70349666506052 0
      vertex 7.714359764754772 8.67861466884613 0
    endloop
  endfacet
  facet normal -0.6954968014889047 -0.7185291915564065 0
    outer loop
      vertex 7.669780996441841 8.726420000493526 0.6
      vertex 7.669780996441841 8.726420000493526 0
      vertex 7.693463471531868 8.70349666506052 0
    endloop
  endfacet
  facet normal -0.1434211647142784 -0.9896617449977542 0
    outer loop
      vertex 7.430268999934197 8.820266843140125 0.6
      vertex 7.430268999934197 8.820266843140125 0
      vertex 7.472319667041302 8.81417288661003 0
    endloop
  endfacet
  facet normal -0.21143104895787115 -0.9773929156365797 0
    outer loop
      vertex 7.472319667041302 8.81417288661003 0.6
      vertex 7.472319667041302 8.81417288661003 0
      vertex 7.511758778989315 8.805641360878944 0
    endloop
  endfacet
  facet normal -0.2854576255911812 -0.9583913313421846 0
    outer loop
      vertex 7.511758778989315 8.805641360878944 0.6
      vertex 7.511758778989315 8.805641360878944 0
      vertex 7.548586335778237 8.794672243595123 0
    endloop
  endfacet
  facet normal -0.5333787434406503 -0.8458765371173698 0
    outer loop
      vertex 7.614406776428223 8.765421286523342 0.6
      vertex 7.614406776428223 8.765421286523342 0
      vertex 7.643399667739868 8.74713943183422 0
    endloop
  endfacet
  facet normal -0.44816481035206174 -0.8939509509822675 0
    outer loop
      vertex 7.582802329957485 8.78126555711031 0.6
      vertex 7.582802329957485 8.78126555711031 0
      vertex 7.614406776428223 8.765421286523342 0
    endloop
  endfacet
  facet normal -0.3648198162128732 -0.9310781394160241 0
    outer loop
      vertex 7.548586335778237 8.794672243595123 0.6
      vertex 7.548586335778237 8.794672243595123 0
      vertex 7.582802329957485 8.78126555711031 0
    endloop
  endfacet
  facet normal -0.6176601590548948 -0.7864451207276207 0
    outer loop
      vertex 7.643399667739868 8.74713943183422 0.6
      vertex 7.643399667739868 8.74713943183422 0
      vertex 7.669780996441841 8.726420000493526 0
    endloop
  endfacet
  facet normal -0.9583358654799784 -0.28564377979354044 0
    outer loop
      vertex 7.7603316202759745 8.592216663360595 0.6
      vertex 7.7603316202759745 8.592216663360595 0
      vertex 7.770083223283291 8.55950000166893 0
    endloop
  endfacet
  facet normal -0.8828068278281747 -0.46973620761013896 0
    outer loop
      vertex 7.732469891011715 8.651773996949196 0.6
      vertex 7.732469891011715 8.651773996949196 0
      vertex 7.747793842852116 8.622974664270878 0
    endloop
  endfacet
  facet normal -0.9260214409437436 -0.37747091399533417 0
    outer loop
      vertex 7.747793842852116 8.622974664270878 0.6
      vertex 7.747793842852116 8.622974664270878 0
      vertex 7.7603316202759745 8.592216663360595 0
    endloop
  endfacet
  facet normal -0.8289535976705551 -0.5593173811969759 0
    outer loop
      vertex 7.714359764754772 8.67861466884613 0.6
      vertex 7.714359764754772 8.67861466884613 0
      vertex 7.732469891011715 8.651773996949196 0
    endloop
  endfacet
  facet normal 0.26300551786131354 0.9647943291575166 0
    outer loop
      vertex 7.812689837813378 9.113482959866523 0.6
      vertex 7.812689837813378 9.113482959866523 0
      vertex 7.757947002351284 9.128406003415584 0
    endloop
  endfacet
  facet normal 0.32810731787288977 0.944640454330778 0
    outer loop
      vertex 7.864864137768746 9.09536096483469 0.6
      vertex 7.864864137768746 9.09536096483469 0
      vertex 7.812689837813378 9.113482959866523 0
    endloop
  endfacet
  facet normal 0.3948790845760911 0.9187330997435263 0
    outer loop
      vertex 7.914469887316227 9.074040003418922 0.6
      vertex 7.914469887316227 9.074040003418922 0
      vertex 7.864864137768746 9.09536096483469 0
    endloop
  endfacet
  facet normal 0.46225142337351827 0.8867489056035854 0
    outer loop
      vertex 7.961507101356983 9.04952007561922 0.6
      vertex 7.961507101356983 9.04952007561922 0
      vertex 7.914469887316227 9.074040003418922 0
    endloop
  endfacet
  facet normal 0.5289826575844326 0.8486326342858321 0
    outer loop
      vertex 8.005975764989852 9.021801188886165 0.6
      vertex 8.005975764989852 9.021801188886165 0
      vertex 7.961507101356983 9.04952007561922 0
    endloop
  endfacet
  facet normal 0 1 0
    outer loop
      vertex 7.267795000970364 9.228895999789238 0.6
      vertex 7.267795000970364 9.228895999789238 0
      vertex 6.657757003605366 9.228895999789238 0
    endloop
  endfacet
  facet normal 0.840897284816058 -0.5411947490404739 0
    outer loop
      vertex 7.757947002351284 9.128406003415584 0.6
      vertex 7.757947002351284 9.128406003415584 0
      vertex 8.42970899939537 10.172175996303558 0
    endloop
  endfacet
  facet normal 0 1 0
    outer loop
      vertex 6.657757003605366 10.172175996303558 0.6
      vertex 6.657757003605366 10.172175996303558 0
      vertex 6.137627002596855 10.172175996303558 0
    endloop
  endfacet
  facet normal -0.8532411359775472 0.5215165998084288 0
    outer loop
      vertex 7.844345000386238 10.172175996303558 0.6
      vertex 7.844345000386238 10.172175996303558 0
      vertex 7.267795000970364 9.228895999789238 0
    endloop
  endfacet
  facet normal 0.5814611141588216 -0.8135741961992045 0
    outer loop
      vertex 8.008542065322398 7.839084938466549 0.6
      vertex 8.008542065322398 7.839084938466549 0
      vertex 8.064721000194549 7.879235998094082 0
    endloop
  endfacet
  facet normal 0.6602033733948753 -0.751086882962302 0
    outer loop
      vertex 8.064721000194549 7.879235998094082 0.6
      vertex 8.064721000194549 7.879235998094082 0
      vertex 8.115420040488242 7.923800319731235 0
    endloop
  endfacet
  facet normal 0.7363077398746348 -0.6766468149638386 0
    outer loop
      vertex 8.115420040488242 7.923800319731235 0.6
      vertex 8.115420040488242 7.923800319731235 0
      vertex 8.160154481232166 7.972479060590267 0
    endloop
  endfacet
  facet normal 0.806005363919169 -0.5919082304999044 0
    outer loop
      vertex 8.160154481232166 7.972479060590267 0.6
      vertex 8.160154481232166 7.972479060590267 0
      vertex 8.198924329876899 8.025272220671177 0
    endloop
  endfacet
  facet normal 0.866357076863335 -0.4994250848413779 0
    outer loop
      vertex 8.198924329876899 8.025272220671177 0.6
      vertex 8.198924329876899 8.025272220671177 0
      vertex 8.231729593873023 8.082179799973964 0
    endloop
  endfacet
  facet normal 0.9153648932590006 -0.40262527514916197 0
    outer loop
      vertex 8.231729593873023 8.082179799973964 0.6
      vertex 8.231729593873023 8.082179799973964 0
      vertex 8.258570258319377 8.14320180594921 0
    endloop
  endfacet
  facet normal 0.9522864719411583 -0.30520562799178735 0
    outer loop
      vertex 8.258570258319377 8.14320180594921 0.6
      vertex 8.258570258319377 8.14320180594921 0
      vertex 8.279446330666541 8.208338223695755 0
    endloop
  endfacet
  facet normal 0.9775936268021135 -0.21050107086637365 0
    outer loop
      vertex 8.279446330666541 8.208338223695755 0.6
      vertex 8.279446330666541 8.208338223695755 0
      vertex 8.294357818365096 8.277589060664177 0
    endloop
  endfacet
  facet normal 0.9926460323658809 -0.12105310581837357 0
    outer loop
      vertex 8.294357818365096 8.277589060664177 0.6
      vertex 8.294357818365096 8.277589060664177 0
      vertex 8.303304706513881 8.350954324305057 0
    endloop
  endfacet
  facet normal 0.9857515079297154 0.16820809913405493 0
    outer loop
      vertex 8.298972335457801 8.540890097916126 0.6
      vertex 8.298972335457801 8.540890097916126 0
      vertex 8.289828997850417 8.594472885429859 0
    endloop
  endfacet
  facet normal 0.9992600307536812 -0.03846285140433563 0
    outer loop
      vertex 8.303304706513881 8.350954324305057 0.6
      vertex 8.303304706513881 8.350954324305057 0
      vertex 8.306287002563476 8.428433999717235 0
    endloop
  endfacet
  facet normal 0.9994877454840603 0.03200385331784954 0
    outer loop
      vertex 8.306287002563476 8.428433999717235 0.6
      vertex 8.306287002563476 8.428433999717235 0
      vertex 8.304458332061767 8.485543802678585 0
    endloop
  endfacet
  facet normal 0.9951233895374353 0.09863792169103092 0
    outer loop
      vertex 8.304458332061767 8.485543802678585 0.6
      vertex 8.304458332061767 8.485543802678585 0
      vertex 8.298972335457801 8.540890097916126 0
    endloop
  endfacet
  facet normal 0.9708182460004052 0.23981645738501042 0
    outer loop
      vertex 8.289828997850417 8.594472885429859 0.6
      vertex 8.289828997850417 8.594472885429859 0
      vertex 8.277028334140777 8.646292172670364 0
    endloop
  endfacet
  facet normal 0.9499692678637871 0.31234338493770025 0
    outer loop
      vertex 8.277028334140777 8.646292172670364 0.6
      vertex 8.277028334140777 8.646292172670364 0
      vertex 8.260570336878299 8.696347952187061 0
    endloop
  endfacet
  facet normal 0.9231206333082425 0.38451046326542226 0
    outer loop
      vertex 8.260570336878299 8.696347952187061 0.6
      vertex 8.260570336878299 8.696347952187061 0
      vertex 8.240454998612403 8.74464022397995 0
    endloop
  endfacet
  facet normal 0.8905021793535822 0.45497897596100007 0
    outer loop
      vertex 8.240454998612403 8.74464022397995 0.6
      vertex 8.240454998612403 8.74464022397995 0
      vertex 8.21668233424425 8.79116898804903 0
    endloop
  endfacet
  facet normal 0.8526587172519701 0.5224682879316456 0
    outer loop
      vertex 8.21668233424425 8.79116898804903 0.6
      vertex 8.21668233424425 8.79116898804903 0
      vertex 8.18925233632326 8.835934244394302 0
    endloop
  endfacet
  facet normal 0.8104061795436867 0.5858684358773784 0
    outer loop
      vertex 8.18925233632326 8.835934244394302 0.6
      vertex 8.18925233632326 8.835934244394302 0
      vertex 8.158164997398853 8.878936000466346 0
    endloop
  endfacet
  facet normal 0.7641968159277208 0.6449831211170823 0
    outer loop
      vertex 8.158164997398853 8.878936000466346 0.6
      vertex 8.158164997398853 8.878936000466346 0
      vertex 8.123970505595207 8.919450737833976 0
    endloop
  endfacet
  facet normal 0.7123630723264371 0.7018111235835747 0
    outer loop
      vertex 8.123970505595207 8.919450737833976 0.6
      vertex 8.123970505595207 8.919450737833976 0
      vertex 8.087207470834255 8.956766516268253 0
    endloop
  endfacet
  facet normal 0.6552534386341208 0.7554091150880831 0
    outer loop
      vertex 8.087207470834255 8.956766516268253 0.6
      vertex 8.087207470834255 8.956766516268253 0
      vertex 8.047875885665416 8.990883335769176 0
    endloop
  endfacet
  facet normal 0.5937475383994572 0.8046513907553912 0
    outer loop
      vertex 8.047875885665416 8.990883335769176 0.6
      vertex 8.047875885665416 8.990883335769176 0
      vertex 8.005975764989852 9.021801188886165 0
    endloop
  endfacet
  facet normal 0 1 0
    outer loop
      vertex 8.42970899939537 10.172175996303558 0.6
      vertex 8.42970899939537 10.172175996303558 0
      vertex 7.844345000386238 10.172175996303558 0
    endloop
  endfacet
  facet normal -1 0 0
    outer loop
      vertex 6.137627002596855 7.687927998900413 0.6
      vertex 6.137627002596855 10.172175996303558 0.6
      vertex 6.137627002596855 7.687927998900413 0
    endloop
  endfacet
  facet normal 0 -1 0
    outer loop
      vertex 6.137627002596855 7.687927998900413 0.6
      vertex 7.378866997361183 7.687927998900413 0
      vertex 7.378866997361183 7.687927998900413 0.6
    endloop
  endfacet
  facet normal 0.024535388765149317 -0.999698962037144 0
    outer loop
      vertex 7.378866997361183 7.687927998900413 0.6
      vertex 7.475100059807301 7.6902898254990575 0
      vertex 7.475100059807301 7.6902898254990575 0.6
    endloop
  endfacet
  facet normal 0.07743605503419967 -0.9969973206487268 0
    outer loop
      vertex 7.475100059807301 7.6902898254990575 0.6
      vertex 7.566326354444027 7.69737530529499 0
      vertex 7.566326354444027 7.69737530529499 0.6
    endloop
  endfacet
  facet normal 0.1356990297971242 -0.990750106390163 0
    outer loop
      vertex 7.566326354444027 7.69737530529499 0.6
      vertex 7.652545888721943 7.709184445738792 0
      vertex 7.652545888721943 7.709184445738792 0.6
    endloop
  endfacet
  facet normal 0.19948219809450152 -0.9799014504751924 0
    outer loop
      vertex 7.652545888721943 7.709184445738792 0.6
      vertex 7.733758655190468 7.725717231929302 0
      vertex 7.733758655190468 7.725717231929302 0.6
    endloop
  endfacet
  facet normal 0.2686776722151591 -0.9632301430359431 0
    outer loop
      vertex 7.733758655190468 7.725717231929302 0.6
      vertex 7.809964653849602 7.746973678767681 0
      vertex 7.809964653849602 7.746973678767681 0.6
    endloop
  endfacet
  facet normal 0.34278544320290244 -0.9394137213859449 0
    outer loop
      vertex 7.809964653849602 7.746973678767681 0.6
      vertex 7.881163892149925 7.772953778803348 0
      vertex 7.881163892149925 7.772953778803348 0.6
    endloop
  endfacet
  facet normal 0.4207903879398323 -0.907157896629603 0
    outer loop
      vertex 7.881163892149925 7.772953778803348 0.6
      vertex 7.947356355190277 7.803657532036304 0
      vertex 7.947356355190277 7.803657532036304 0.6
    endloop
  endfacet
  facet normal 0.5010797080528923 -0.8654011359927997 4.54596296604754e-18
    outer loop
      vertex 7.947356355190277 7.803657532036304 0.6
      vertex 8.008542065322398 7.839084938466549 0
      vertex 8.008542065322398 7.839084938466549 0.6
    endloop
  endfacet
  facet normal 0 1 0
    outer loop
      vertex 6.657757003605366 8.09168200224638 0.6
      vertex 7.324214999377728 8.09168200224638 0.6
      vertex 6.657757003605366 8.09168200224638 0
    endloop
  endfacet
  facet normal -0.04588009332734303 0.9989469540652668 0
    outer loop
      vertex 7.324214999377728 8.09168200224638 0.6
      vertex 7.420423668622971 8.096100718080997 0.6
      vertex 7.324214999377728 8.09168200224638 0
    endloop
  endfacet
  facet normal -0.15428695234016465 0.988026080798267 0
    outer loop
      vertex 7.420423668622971 8.096100718080997 0.6
      vertex 7.5053136691451074 8.10935686558485 0.6
      vertex 7.420423668622971 8.096100718080997 0
    endloop
  endfacet
  facet normal -0.28761276725225393 0.9577467807899439 0
    outer loop
      vertex 7.5053136691451074 8.10935686558485 0.6
      vertex 7.578885000944138 8.131450444757938 0.6
      vertex 7.5053136691451074 8.10935686558485 0
    endloop
  endfacet
  facet normal -0.44496432282600085 0.8955482965267695 0
    outer loop
      vertex 7.578885000944138 8.131450444757938 0.6
      vertex 7.641137664020062 8.162381455600261 0.6
      vertex 7.578885000944138 8.131450444757938 0
    endloop
  endfacet
  facet normal -0.6154158206440181 0.788202618430724 0
    outer loop
      vertex 7.641137664020062 8.162381455600261 0.6
      vertex 7.69207166582346 8.20214989811182 0.6
      vertex 7.641137664020062 8.162381455600261 0
    endloop
  endfacet
  facet normal -0.7751526616494354 0.631773971557705 0
    outer loop
      vertex 7.69207166582346 8.20214989811182 0.6
      vertex 7.7316869989037516 8.250755779743194 0.6
      vertex 7.69207166582346 8.20214989811182 0
    endloop
  endfacet
  facet normal -0.897066173665228 0.4418962322374192 0
    outer loop
      vertex 7.7316869989037516 8.250755779743194 0.6
      vertex 7.759983663260937 8.308199085593223 0.6
      vertex 7.7316869989037516 8.250755779743194 0
    endloop
  endfacet
  facet normal -0.96872382605599 0.24814138879164038 0
    outer loop
      vertex 7.759983663260937 8.308199085593223 0.6
      vertex 7.7769616663455965 8.374479830563068 0.6
      vertex 7.759983663260937 8.308199085593223 0
    endloop
  endfacet
  facet normal -0.9971740353182934 0.07512618243349661 0
    outer loop
      vertex 7.7769616663455965 8.374479830563068 0.6
      vertex 7.78262100070715 8.449597999751568 0.6
      vertex 7.7769616663455965 8.374479830563068 0
    endloop
  endfacet
  facet normal -0.9993491320611676 -0.03607370577846352 0
    outer loop
      vertex 7.78262100070715 8.449597999751568 0.6
      vertex 7.781227913498879 8.488190666139126 0.6
      vertex 7.78262100070715 8.449597999751568 0
    endloop
  endfacet
  facet normal -0.9804152447573684 -0.19694148330747718 0
    outer loop
      vertex 7.777048651874066 8.52482466429472 0.6
      vertex 7.770083223283291 8.55950000166893 0.6
      vertex 7.777048651874066 8.52482466429472 0
    endloop
  endfacet
  facet normal -0.9583358654799784 -0.28564377979354044 0
    outer loop
      vertex 7.770083223283291 8.55950000166893 0.6
      vertex 7.7603316202759745 8.592216663360595 0.6
      vertex 7.770083223283291 8.55950000166893 0
    endloop
  endfacet
  facet normal -0.9935555413738351 -0.11334631094722618 0
    outer loop
      vertex 7.781227913498879 8.488190666139126 0.6
      vertex 7.777048651874066 8.52482466429472 0.6
      vertex 7.781227913498879 8.488190666139126 0
    endloop
  endfacet
  facet normal 1 0 0
    outer loop
      vertex 6.657757003605366 8.09168200224638 0.6
      vertex 6.657757003605366 8.825141996443271 0
      vertex 6.657757003605366 8.825141996443271 0.6
    endloop
  endfacet
  facet normal 0 -1 0
    outer loop
      vertex 6.657757003605366 8.825141996443271 0.6
      vertex 7.33833300024271 8.825141996443271 0
      vertex 7.33833300024271 8.825141996443271 0.6
    endloop
  endfacet
  facet normal -0.025772923991345807 -0.9996678230236964 0
    outer loop
      vertex 7.33833300024271 8.825141996443271 0.6
      vertex 7.3856067776679994 8.823923208117485 0
      vertex 7.3856067776679994 8.823923208117485 0.6
    endloop
  endfacet
  facet normal -0.6954968014889047 -0.7185291915564065 0
    outer loop
      vertex 7.693463471531868 8.70349666506052 0.6
      vertex 7.669780996441841 8.726420000493526 0.6
      vertex 7.693463471531868 8.70349666506052 0
    endloop
  endfacet
  facet normal -0.08159408931066088 -0.9966656433275725 0
    outer loop
      vertex 7.3856067776679994 8.823923208117485 0.6
      vertex 7.430268999934197 8.820266843140125 0
      vertex 7.430268999934197 8.820266843140125 0.6
    endloop
  endfacet
  facet normal -0.1434211647142784 -0.9896617449977542 0
    outer loop
      vertex 7.430268999934197 8.820266843140125 0.6
      vertex 7.472319667041302 8.81417288661003 0
      vertex 7.472319667041302 8.81417288661003 0.6
    endloop
  endfacet
  facet normal -0.21143104895787115 -0.9773929156365797 0
    outer loop
      vertex 7.472319667041302 8.81417288661003 0.6
      vertex 7.511758778989315 8.805641360878944 0
      vertex 7.511758778989315 8.805641360878944 0.6
    endloop
  endfacet
  facet normal -0.2854576255911812 -0.9583913313421846 0
    outer loop
      vertex 7.548586335778237 8.794672243595123 0.6
      vertex 7.511758778989315 8.805641360878944 0.6
      vertex 7.548586335778237 8.794672243595123 0
    endloop
  endfacet
  facet normal -0.3648198162128732 -0.9310781394160241 0
    outer loop
      vertex 7.548586335778237 8.794672243595123 0.6
      vertex 7.582802329957485 8.78126555711031 0
      vertex 7.582802329957485 8.78126555711031 0.6
    endloop
  endfacet
  facet normal -0.44816481035206174 -0.8939509509822675 0
    outer loop
      vertex 7.582802329957485 8.78126555711031 0.6
      vertex 7.614406776428223 8.765421286523342 0
      vertex 7.614406776428223 8.765421286523342 0.6
    endloop
  endfacet
  facet normal -0.6176601590548948 -0.7864451207276207 0
    outer loop
      vertex 7.643399667739868 8.74713943183422 0.6
      vertex 7.669780996441841 8.726420000493526 0
      vertex 7.669780996441841 8.726420000493526 0.6
    endloop
  endfacet
  facet normal -0.5333787434406503 -0.8458765371173698 0
    outer loop
      vertex 7.614406776428223 8.765421286523342 0.6
      vertex 7.643399667739868 8.74713943183422 0
      vertex 7.643399667739868 8.74713943183422 0.6
    endloop
  endfacet
  facet normal -0.9260214409437436 -0.37747091399533417 0
    outer loop
      vertex 7.7603316202759745 8.592216663360595 0.6
      vertex 7.747793842852116 8.622974664270878 0.6
      vertex 7.7603316202759745 8.592216663360595 0
    endloop
  endfacet
  facet normal -0.8828068278281747 -0.46973620761013896 0
    outer loop
      vertex 7.747793842852116 8.622974664270878 0.6
      vertex 7.732469891011715 8.651773996949196 0.6
      vertex 7.747793842852116 8.622974664270878 0
    endloop
  endfacet
  facet normal -0.8289535976705551 -0.5593173811969759 0
    outer loop
      vertex 7.732469891011715 8.651773996949196 0.6
      vertex 7.714359764754772 8.67861466884613 0.6
      vertex 7.732469891011715 8.651773996949196 0
    endloop
  endfacet
  facet normal -0.7657743346147717 -0.6431093751806946 0
    outer loop
      vertex 7.693463471531868 8.70349666506052 0.6
      vertex 7.714359764754772 8.67861466884613 0
      vertex 7.714359764754772 8.67861466884613 0.6
    endloop
  endfacet
  facet normal 0.26300551786131354 0.9647943291575166 0
    outer loop
      vertex 7.757947002351284 9.128406003415584 0.6
      vertex 7.812689837813378 9.113482959866523 0.6
      vertex 7.757947002351284 9.128406003415584 0
    endloop
  endfacet
  facet normal 0.32810731787288977 0.944640454330778 0
    outer loop
      vertex 7.812689837813378 9.113482959866523 0.6
      vertex 7.864864137768746 9.09536096483469 0.6
      vertex 7.812689837813378 9.113482959866523 0
    endloop
  endfacet
  facet normal 0.3948790845760911 0.9187330997435263 0
    outer loop
      vertex 7.864864137768746 9.09536096483469 0.6
      vertex 7.914469887316227 9.074040003418922 0.6
      vertex 7.864864137768746 9.09536096483469 0
    endloop
  endfacet
  facet normal 0.5289826575844326 0.8486326342858321 0
    outer loop
      vertex 7.961507101356983 9.04952007561922 0.6
      vertex 8.005975764989852 9.021801188886165 0.6
      vertex 7.961507101356983 9.04952007561922 0
    endloop
  endfacet
  facet normal 0.46225142337351827 0.8867489056035854 0
    outer loop
      vertex 7.914469887316227 9.074040003418922 0.6
      vertex 7.961507101356983 9.04952007561922 0.6
      vertex 7.914469887316227 9.074040003418922 0
    endloop
  endfacet
  facet normal 0 1 0
    outer loop
      vertex 6.657757003605366 9.228895999789238 0.6
      vertex 7.267795000970364 9.228895999789238 0.6
      vertex 6.657757003605366 9.228895999789238 0
    endloop
  endfacet
  facet normal -0.8532411359775472 0.5215165998084288 0
    outer loop
      vertex 7.267795000970364 9.228895999789238 0.6
      vertex 7.844345000386238 10.172175996303558 0.6
      vertex 7.267795000970364 9.228895999789238 0
    endloop
  endfacet
  facet normal 1 0 0
    outer loop
      vertex 6.657757003605366 9.228895999789238 0.6
      vertex 6.657757003605366 10.172175996303558 0
      vertex 6.657757003605366 10.172175996303558 0.6
    endloop
  endfacet
  facet normal 0 1 0
    outer loop
      vertex 6.137627002596855 10.172175996303558 0.6
      vertex 6.657757003605366 10.172175996303558 0.6
      vertex 6.137627002596855 10.172175996303558 0
    endloop
  endfacet
  facet normal 0.5814611141588216 -0.8135741961992045 0
    outer loop
      vertex 8.008542065322398 7.839084938466549 0.6
      vertex 8.064721000194549 7.879235998094082 0
      vertex 8.064721000194549 7.879235998094082 0.6
    endloop
  endfacet
  facet normal 0.6602033733948753 -0.751086882962302 0
    outer loop
      vertex 8.064721000194549 7.879235998094082 0.6
      vertex 8.115420040488242 7.923800319731235 0
      vertex 8.115420040488242 7.923800319731235 0.6
    endloop
  endfacet
  facet normal 0.7363077398746348 -0.6766468149638386 0
    outer loop
      vertex 8.115420040488242 7.923800319731235 0.6
      vertex 8.160154481232166 7.972479060590267 0
      vertex 8.160154481232166 7.972479060590267 0.6
    endloop
  endfacet
  facet normal 0.806005363919169 -0.5919082304999044 0
    outer loop
      vertex 8.160154481232166 7.972479060590267 0.6
      vertex 8.198924329876899 8.025272220671177 0
      vertex 8.198924329876899 8.025272220671177 0.6
    endloop
  endfacet
  facet normal 0.866357076863335 -0.4994250848413779 0
    outer loop
      vertex 8.198924329876899 8.025272220671177 0.6
      vertex 8.231729593873023 8.082179799973964 0
      vertex 8.231729593873023 8.082179799973964 0.6
    endloop
  endfacet
  facet normal 0.9153648932590006 -0.40262527514916197 0
    outer loop
      vertex 8.231729593873023 8.082179799973964 0.6
      vertex 8.258570258319377 8.14320180594921 0
      vertex 8.258570258319377 8.14320180594921 0.6
    endloop
  endfacet
  facet normal 0.9522864719411583 -0.30520562799178735 0
    outer loop
      vertex 8.258570258319377 8.14320180594921 0.6
      vertex 8.279446330666541 8.208338223695755 0
      vertex 8.279446330666541 8.208338223695755 0.6
    endloop
  endfacet
  facet normal 0.9775936268021135 -0.21050107086637365 0
    outer loop
      vertex 8.279446330666541 8.208338223695755 0.6
      vertex 8.294357818365096 8.277589060664177 0
      vertex 8.294357818365096 8.277589060664177 0.6
    endloop
  endfacet
  facet normal 0.9926460323658809 -0.12105310581837357 0
    outer loop
      vertex 8.294357818365096 8.277589060664177 0.6
      vertex 8.303304706513881 8.350954324305057 0
      vertex 8.303304706513881 8.350954324305057 0.6
    endloop
  endfacet
  facet normal 0.9992600307536812 -0.03846285140433563 0
    outer loop
      vertex 8.303304706513881 8.350954324305057 0.6
      vertex 8.306287002563476 8.428433999717235 0
      vertex 8.306287002563476 8.428433999717235 0.6
    endloop
  endfacet
  facet normal 0.9994877454840603 0.03200385331784954 0
    outer loop
      vertex 8.306287002563476 8.428433999717235 0.6
      vertex 8.304458332061767 8.485543802678585 0
      vertex 8.304458332061767 8.485543802678585 0.6
    endloop
  endfacet
  facet normal 0.9951233895374353 0.09863792169103092 0
    outer loop
      vertex 8.304458332061767 8.485543802678585 0.6
      vertex 8.298972335457801 8.540890097916126 0
      vertex 8.298972335457801 8.540890097916126 0.6
    endloop
  endfacet
  facet normal 0.9857515079297154 0.16820809913405493 0
    outer loop
      vertex 8.298972335457801 8.540890097916126 0.6
      vertex 8.289828997850417 8.594472885429859 0
      vertex 8.289828997850417 8.594472885429859 0.6
    endloop
  endfacet
  facet normal 0.9708182460004052 0.23981645738501042 0
    outer loop
      vertex 8.289828997850417 8.594472885429859 0.6
      vertex 8.277028334140777 8.646292172670364 0
      vertex 8.277028334140777 8.646292172670364 0.6
    endloop
  endfacet
  facet normal 0.9499692678637871 0.31234338493770025 0
    outer loop
      vertex 8.277028334140777 8.646292172670364 0.6
      vertex 8.260570336878299 8.696347952187061 0
      vertex 8.260570336878299 8.696347952187061 0.6
    endloop
  endfacet
  facet normal 0.9231206333082425 0.38451046326542226 0
    outer loop
      vertex 8.260570336878299 8.696347952187061 0.6
      vertex 8.240454998612403 8.74464022397995 0
      vertex 8.240454998612403 8.74464022397995 0.6
    endloop
  endfacet
  facet normal 0.8905021793535822 0.45497897596100007 0
    outer loop
      vertex 8.21668233424425 8.79116898804903 0.6
      vertex 8.240454998612403 8.74464022397995 0.6
      vertex 8.21668233424425 8.79116898804903 0
    endloop
  endfacet
  facet normal 0.8526587172519701 0.5224682879316456 0
    outer loop
      vertex 8.21668233424425 8.79116898804903 0.6
      vertex 8.18925233632326 8.835934244394302 0
      vertex 8.18925233632326 8.835934244394302 0.6
    endloop
  endfacet
  facet normal 0.8104061795436867 0.5858684358773784 0
    outer loop
      vertex 8.18925233632326 8.835934244394302 0.6
      vertex 8.158164997398853 8.878936000466346 0
      vertex 8.158164997398853 8.878936000466346 0.6
    endloop
  endfacet
  facet normal 0.7641968159277208 0.6449831211170823 0
    outer loop
      vertex 8.123970505595207 8.919450737833976 0.6
      vertex 8.158164997398853 8.878936000466346 0.6
      vertex 8.123970505595207 8.919450737833976 0
    endloop
  endfacet
  facet normal 0.7123630723264371 0.7018111235835747 0
    outer loop
      vertex 8.123970505595207 8.919450737833976 0.6
      vertex 8.087207470834255 8.956766516268253 0
      vertex 8.087207470834255 8.956766516268253 0.6
    endloop
  endfacet
  facet normal 0.6552534386341208 0.7554091150880831 0
    outer loop
      vertex 8.047875885665416 8.990883335769176 0.6
      vertex 8.087207470834255 8.956766516268253 0.6
      vertex 8.047875885665416 8.990883335769176 0
    endloop
  endfacet
  facet normal 0.5937475383994572 0.8046513907553912 0
    outer loop
      vertex 8.005975764989852 9.021801188886165 0.6
      vertex 8.047875885665416 8.990883335769176 0.6
      vertex 8.005975764989852 9.021801188886165 0
    endloop
  endfacet
  facet normal 0.840897284816058 -0.5411947490404739 2.233701066779651e-17
    outer loop
      vertex 7.757947002351284 9.128406003415584 0.6
      vertex 8.42970899939537 10.172175996303558 0
      vertex 8.42970899939537 10.172175996303558 0.6
    endloop
  endfacet
  facet normal 0 1 0
    outer loop
      vertex 7.844345000386238 10.172175996303558 0.6
      vertex 8.42970899939537 10.172175996303558 0.6
      vertex 7.844345000386238 10.172175996303558 0
    endloop
  endfacet
  facet normal 0 0 1
    outer loop
      vertex 6.137627002596855 7.687927998900413 0.6
      vertex 7.378866997361183 7.687927998900413 0.6
      vertex 6.657757003605366 8.09168200224638 0.6
    endloop
  endfacet
  facet normal 0 0 1
    outer loop
      vertex 6.137627002596855 7.687927998900413 0.6
      vertex 6.657757003605366 8.09168200224638 0.6
      vertex 6.657757003605366 8.825141996443271 0.6
    endloop
  endfacet
  facet normal 0 0 1
    outer loop
      vertex 6.657757003605366 8.09168200224638 0.6
      vertex 7.378866997361183 7.687927998900413 0.6
      vertex 7.324214999377728 8.09168200224638 0.6
    endloop
  endfacet
  facet normal 0 0 1
    outer loop
      vertex 7.378866997361183 7.687927998900413 0.6
      vertex 7.420423668622971 8.096100718080997 0.6
      vertex 7.324214999377728 8.09168200224638 0.6
    endloop
  endfacet
  facet normal 0 0 1
    outer loop
      vertex 7.378866997361183 7.687927998900413 0.6
      vertex 7.475100059807301 7.6902898254990575 0.6
      vertex 7.420423668622971 8.096100718080997 0.6
    endloop
  endfacet
  facet normal 0 0 1
    outer loop
      vertex 7.475100059807301 7.6902898254990575 0.6
      vertex 7.566326354444027 7.69737530529499 0.6
      vertex 7.5053136691451074 8.10935686558485 0.6
    endloop
  endfacet
  facet normal 0 0 1
    outer loop
      vertex 7.475100059807301 7.6902898254990575 0.6
      vertex 7.5053136691451074 8.10935686558485 0.6
      vertex 7.420423668622971 8.096100718080997 0.6
    endloop
  endfacet
  facet normal 0 0 1
    outer loop
      vertex 7.566326354444027 7.69737530529499 0.6
      vertex 7.652545888721943 7.709184445738792 0.6
      vertex 7.5053136691451074 8.10935686558485 0.6
    endloop
  endfacet
  facet normal 0 0 1
    outer loop
      vertex 7.652545888721943 7.709184445738792 0.6
      vertex 7.733758655190468 7.725717231929302 0.6
      vertex 7.578885000944138 8.131450444757938 0.6
    endloop
  endfacet
  facet normal 0 0 1
    outer loop
      vertex 7.733758655190468 7.725717231929302 0.6
      vertex 7.809964653849602 7.746973678767681 0.6
      vertex 7.641137664020062 8.162381455600261 0.6
    endloop
  endfacet
  facet normal 0 0 1
    outer loop
      vertex 7.809964653849602 7.746973678767681 0.6
      vertex 7.881163892149925 7.772953778803348 0.6
      vertex 7.641137664020062 8.162381455600261 0.6
    endloop
  endfacet
  facet normal 0 0 1
    outer loop
      vertex 7.881163892149925 7.772953778803348 0.6
      vertex 7.947356355190277 7.803657532036304 0.6
      vertex 7.69207166582346 8.20214989811182 0.6
    endloop
  endfacet
  facet normal 0 0 1
    outer loop
      vertex 7.947356355190277 7.803657532036304 0.6
      vertex 8.008542065322398 7.839084938466549 0.6
      vertex 7.69207166582346 8.20214989811182 0.6
    endloop
  endfacet
  facet normal 0 0 1
    outer loop
      vertex 7.652545888721943 7.709184445738792 0.6
      vertex 7.578885000944138 8.131450444757938 0.6
      vertex 7.5053136691451074 8.10935686558485 0.6
    endloop
  endfacet
  facet normal 0 0 1
    outer loop
      vertex 7.733758655190468 7.725717231929302 0.6
      vertex 7.641137664020062 8.162381455600261 0.6
      vertex 7.578885000944138 8.131450444757938 0.6
    endloop
  endfacet
  facet normal 0 0 1
    outer loop
      vertex 7.881163892149925 7.772953778803348 0.6
      vertex 7.69207166582346 8.20214989811182 0.6
      vertex 7.641137664020062 8.162381455600261 0.6
    endloop
  endfacet
  facet normal 0 0 1
    outer loop
      vertex 7.69207166582346 8.20214989811182 0.6
      vertex 8.064721000194549 7.879235998094082 0.6
      vertex 7.7316869989037516 8.250755779743194 0.6
    endloop
  endfacet
  facet normal 0 0 1
    outer loop
      vertex 7.69207166582346 8.20214989811182 0.6
      vertex 8.008542065322398 7.839084938466549 0.6
      vertex 8.064721000194549 7.879235998094082 0.6
    endloop
  endfacet
  facet normal 0 0 1
    outer loop
      vertex 7.7316869989037516 8.250755779743194 0.6
      vertex 8.064721000194549 7.879235998094082 0.6
      vertex 8.115420040488242 7.923800319731235 0.6
    endloop
  endfacet
  facet normal 0 0 1
    outer loop
      vertex 7.7316869989037516 8.250755779743194 0.6
      vertex 8.198924329876899 8.025272220671177 0.6
      vertex 7.759983663260937 8.308199085593223 0.6
    endloop
  endfacet
  facet normal 0 0 1
    outer loop
      vertex 7.759983663260937 8.308199085593223 0.6
      vertex 8.279446330666541 8.208338223695755 0.6
      vertex 7.7769616663455965 8.374479830563068 0.6
    endloop
  endfacet
  facet normal 0 0 1
    outer loop
      vertex 7.7769616663455965 8.374479830563068 0.6
      vertex 8.303304706513881 8.350954324305057 0.6
      vertex 7.78262100070715 8.449597999751568 0.6
    endloop
  endfacet
  facet normal 0 0 1
    outer loop
      vertex 7.78262100070715 8.449597999751568 0.6
      vertex 8.304458332061767 8.485543802678585 0.6
      vertex 7.781227913498879 8.488190666139126 0.6
    endloop
  endfacet
  facet normal 0 0 1
    outer loop
      vertex 7.781227913498879 8.488190666139126 0.6
      vertex 8.289828997850417 8.594472885429859 0.6
      vertex 7.777048651874066 8.52482466429472 0.6
    endloop
  endfacet
  facet normal 0 0 1
    outer loop
      vertex 6.137627002596855 7.687927998900413 0.6
      vertex 6.657757003605366 8.825141996443271 0.6
      vertex 6.657757003605366 9.228895999789238 0.6
    endloop
  endfacet
  facet normal 0 0 1
    outer loop
      vertex 6.137627002596855 7.687927998900413 0.6
      vertex 6.657757003605366 9.228895999789238 0.6
      vertex 6.137627002596855 10.172175996303558 0.6
    endloop
  endfacet
  facet normal 0 0 1
    outer loop
      vertex 6.657757003605366 8.825141996443271 0.6
      vertex 7.33833300024271 8.825141996443271 0.6
      vertex 7.267795000970364 9.228895999789238 0.6
    endloop
  endfacet
  facet normal 0 0 1
    outer loop
      vertex 6.657757003605366 8.825141996443271 0.6
      vertex 7.267795000970364 9.228895999789238 0.6
      vertex 6.657757003605366 9.228895999789238 0.6
    endloop
  endfacet
  facet normal 0 0 1
    outer loop
      vertex 7.33833300024271 8.825141996443271 0.6
      vertex 7.3856067776679994 8.823923208117485 0.6
      vertex 7.267795000970364 9.228895999789238 0.6
    endloop
  endfacet
  facet normal 0 0 1
    outer loop
      vertex 7.3856067776679994 8.823923208117485 0.6
      vertex 7.430268999934197 8.820266843140125 0.6
      vertex 7.267795000970364 9.228895999789238 0.6
    endloop
  endfacet
  facet normal 0 0 1
    outer loop
      vertex 7.430268999934197 8.820266843140125 0.6
      vertex 7.472319667041302 8.81417288661003 0.6
      vertex 7.267795000970364 9.228895999789238 0.6
    endloop
  endfacet
  facet normal 0 0 1
    outer loop
      vertex 7.770083223283291 8.55950000166893 0.6
      vertex 8.240454998612403 8.74464022397995 0.6
      vertex 7.7603316202759745 8.592216663360595 0.6
    endloop
  endfacet
  facet normal 0 0 1
    outer loop
      vertex 7.777048651874066 8.52482466429472 0.6
      vertex 8.277028334140777 8.646292172670364 0.6
      vertex 7.770083223283291 8.55950000166893 0.6
    endloop
  endfacet
  facet normal 0 0 1
    outer loop
      vertex 7.7603316202759745 8.592216663360595 0.6
      vertex 8.18925233632326 8.835934244394302 0.6
      vertex 7.747793842852116 8.622974664270878 0.6
    endloop
  endfacet
  facet normal 0 0 1
    outer loop
      vertex 7.732469891011715 8.651773996949196 0.6
      vertex 8.047875885665416 8.990883335769176 0.6
      vertex 7.714359764754772 8.67861466884613 0.6
    endloop
  endfacet
  facet normal 0 0 1
    outer loop
      vertex 7.693463471531868 8.70349666506052 0.6
      vertex 7.914469887316227 9.074040003418922 0.6
      vertex 7.669780996441841 8.726420000493526 0.6
    endloop
  endfacet
  facet normal 0 0 1
    outer loop
      vertex 7.643399667739868 8.74713943183422 0.6
      vertex 7.669780996441841 8.726420000493526 0.6
      vertex 7.864864137768746 9.09536096483469 0.6
    endloop
  endfacet
  facet normal 0 0 1
    outer loop
      vertex 7.693463471531868 8.70349666506052 0.6
      vertex 7.714359764754772 8.67861466884613 0.6
      vertex 8.005975764989852 9.021801188886165 0.6
    endloop
  endfacet
  facet normal 0 0 1
    outer loop
      vertex 7.747793842852116 8.622974664270878 0.6
      vertex 8.123970505595207 8.919450737833976 0.6
      vertex 7.732469891011715 8.651773996949196 0.6
    endloop
  endfacet
  facet normal 0 0 1
    outer loop
      vertex 7.732469891011715 8.651773996949196 0.6
      vertex 8.087207470834255 8.956766516268253 0.6
      vertex 8.047875885665416 8.990883335769176 0.6
    endloop
  endfacet
  facet normal 0 0 1
    outer loop
      vertex 7.732469891011715 8.651773996949196 0.6
      vertex 8.123970505595207 8.919450737833976 0.6
      vertex 8.087207470834255 8.956766516268253 0.6
    endloop
  endfacet
  facet normal 0 0 1
    outer loop
      vertex 7.472319667041302 8.81417288661003 0.6
      vertex 7.511758778989315 8.805641360878944 0.6
      vertex 7.267795000970364 9.228895999789238 0.6
    endloop
  endfacet
  facet normal 0 0 1
    outer loop
      vertex 7.548586335778237 8.794672243595123 0.6
      vertex 7.757947002351284 9.128406003415584 0.6
      vertex 7.511758778989315 8.805641360878944 0.6
    endloop
  endfacet
  facet normal 0 0 1
    outer loop
      vertex 7.548586335778237 8.794672243595123 0.6
      vertex 7.582802329957485 8.78126555711031 0.6
      vertex 7.757947002351284 9.128406003415584 0.6
    endloop
  endfacet
  facet normal 0 0 1
    outer loop
      vertex 7.582802329957485 8.78126555711031 0.6
      vertex 7.614406776428223 8.765421286523342 0.6
      vertex 7.757947002351284 9.128406003415584 0.6
    endloop
  endfacet
  facet normal 0 0 1
    outer loop
      vertex 7.614406776428223 8.765421286523342 0.6
      vertex 7.643399667739868 8.74713943183422 0.6
      vertex 7.812689837813378 9.113482959866523 0.6
    endloop
  endfacet
  facet normal 0 0 1
    outer loop
      vertex 7.511758778989315 8.805641360878944 0.6
      vertex 7.757947002351284 9.128406003415584 0.6
      vertex 7.267795000970364 9.228895999789238 0.6
    endloop
  endfacet
  facet normal 0 0 1
    outer loop
      vertex 7.643399667739868 8.74713943183422 0.6
      vertex 7.864864137768746 9.09536096483469 0.6
      vertex 7.812689837813378 9.113482959866523 0.6
    endloop
  endfacet
  facet normal 0 0 1
    outer loop
      vertex 7.614406776428223 8.765421286523342 0.6
      vertex 7.812689837813378 9.113482959866523 0.6
      vertex 7.757947002351284 9.128406003415584 0.6
    endloop
  endfacet
  facet normal 0 0 1
    outer loop
      vertex 7.669780996441841 8.726420000493526 0.6
      vertex 7.914469887316227 9.074040003418922 0.6
      vertex 7.864864137768746 9.09536096483469 0.6
    endloop
  endfacet
  facet normal 0 0 1
    outer loop
      vertex 7.714359764754772 8.67861466884613 0.6
      vertex 8.047875885665416 8.990883335769176 0.6
      vertex 8.005975764989852 9.021801188886165 0.6
    endloop
  endfacet
  facet normal 0 0 1
    outer loop
      vertex 7.693463471531868 8.70349666506052 0.6
      vertex 8.005975764989852 9.021801188886165 0.6
      vertex 7.961507101356983 9.04952007561922 0.6
    endloop
  endfacet
  facet normal 0 0 1
    outer loop
      vertex 7.693463471531868 8.70349666506052 0.6
      vertex 7.961507101356983 9.04952007561922 0.6
      vertex 7.914469887316227 9.074040003418922 0.6
    endloop
  endfacet
  facet normal 0 0 1
    outer loop
      vertex 7.757947002351284 9.128406003415584 0.6
      vertex 7.844345000386238 10.172175996303558 0.6
      vertex 7.267795000970364 9.228895999789238 0.6
    endloop
  endfacet
  facet normal 0 0 1
    outer loop
      vertex 6.657757003605366 9.228895999789238 0.6
      vertex 6.657757003605366 10.172175996303558 0.6
      vertex 6.137627002596855 10.172175996303558 0.6
    endloop
  endfacet
  facet normal 0 0 1
    outer loop
      vertex 7.7316869989037516 8.250755779743194 0.6
      vertex 8.115420040488242 7.923800319731235 0.6
      vertex 8.160154481232166 7.972479060590267 0.6
    endloop
  endfacet
  facet normal 0 0 1
    outer loop
      vertex 7.7316869989037516 8.250755779743194 0.6
      vertex 8.160154481232166 7.972479060590267 0.6
      vertex 8.198924329876899 8.025272220671177 0.6
    endloop
  endfacet
  facet normal 0 0 1
    outer loop
      vertex 7.759983663260937 8.308199085593223 0.6
      vertex 8.198924329876899 8.025272220671177 0.6
      vertex 8.231729593873023 8.082179799973964 0.6
    endloop
  endfacet
  facet normal 0 0 1
    outer loop
      vertex 7.759983663260937 8.308199085593223 0.6
      vertex 8.231729593873023 8.082179799973964 0.6
      vertex 8.258570258319377 8.14320180594921 0.6
    endloop
  endfacet
  facet normal 0 0 1
    outer loop
      vertex 7.759983663260937 8.308199085593223 0.6
      vertex 8.258570258319377 8.14320180594921 0.6
      vertex 8.279446330666541 8.208338223695755 0.6
    endloop
  endfacet
  facet normal 0 0 1
    outer loop
      vertex 7.7769616663455965 8.374479830563068 0.6
      vertex 8.279446330666541 8.208338223695755 0.6
      vertex 8.294357818365096 8.277589060664177 0.6
    endloop
  endfacet
  facet normal 0 0 1
    outer loop
      vertex 7.7769616663455965 8.374479830563068 0.6
      vertex 8.294357818365096 8.277589060664177 0.6
      vertex 8.303304706513881 8.350954324305057 0.6
    endloop
  endfacet
  facet normal 0 0 1
    outer loop
      vertex 7.78262100070715 8.449597999751568 0.6
      vertex 8.303304706513881 8.350954324305057 0.6
      vertex 8.306287002563476 8.428433999717235 0.6
    endloop
  endfacet
  facet normal 0 0 1
    outer loop
      vertex 7.78262100070715 8.449597999751568 0.6
      vertex 8.306287002563476 8.428433999717235 0.6
      vertex 8.304458332061767 8.485543802678585 0.6
    endloop
  endfacet
  facet normal 0 0 1
    outer loop
      vertex 7.781227913498879 8.488190666139126 0.6
      vertex 8.304458332061767 8.485543802678585 0.6
      vertex 8.298972335457801 8.540890097916126 0.6
    endloop
  endfacet
  facet normal 0 0 1
    outer loop
      vertex 7.781227913498879 8.488190666139126 0.6
      vertex 8.298972335457801 8.540890097916126 0.6
      vertex 8.289828997850417 8.594472885429859 0.6
    endloop
  endfacet
  facet normal 0 0 1
    outer loop
      vertex 7.777048651874066 8.52482466429472 0.6
      vertex 8.289828997850417 8.594472885429859 0.6
      vertex 8.277028334140777 8.646292172670364 0.6
    endloop
  endfacet
  facet normal 0 0 1
    outer loop
      vertex 7.770083223283291 8.55950000166893 0.6
      vertex 8.277028334140777 8.646292172670364 0.6
      vertex 8.260570336878299 8.696347952187061 0.6
    endloop
  endfacet
  facet normal 0 0 1
    outer loop
      vertex 7.7603316202759745 8.592216663360595 0.6
      vertex 8.240454998612403 8.74464022397995 0.6
      vertex 8.21668233424425 8.79116898804903 0.6
    endloop
  endfacet
  facet normal 0 0 1
    outer loop
      vertex 7.770083223283291 8.55950000166893 0.6
      vertex 8.260570336878299 8.696347952187061 0.6
      vertex 8.240454998612403 8.74464022397995 0.6
    endloop
  endfacet
  facet normal 0 0 1
    outer loop
      vertex 7.7603316202759745 8.592216663360595 0.6
      vertex 8.21668233424425 8.79116898804903 0.6
      vertex 8.18925233632326 8.835934244394302 0.6
    endloop
  endfacet
  facet normal 0 0 1
    outer loop
      vertex 7.747793842852116 8.622974664270878 0.6
      vertex 8.18925233632326 8.835934244394302 0.6
      vertex 8.158164997398853 8.878936000466346 0.6
    endloop
  endfacet
  facet normal 0 0 1
    outer loop
      vertex 7.747793842852116 8.622974664270878 0.6
      vertex 8.158164997398853 8.878936000466346 0.6
      vertex 8.123970505595207 8.919450737833976 0.6
    endloop
  endfacet
  facet normal 0 0 1
    outer loop
      vertex 7.757947002351284 9.128406003415584 0.6
      vertex 8.42970899939537 10.172175996303558 0.6
      vertex 7.844345000386238 10.172175996303558 0.6
    endloop
  endfacet
  facet normal -0.9700312543774001 -0.24298017518103762 0
    outer loop
      vertex 34.00013372480869 8.617920325994492 0.6
      vertex 34.00013372480869 8.617920325994492 0
      vertex 34.087167771458624 8.270460927784443 0
    endloop
  endfacet
  facet normal -0.9891765115520188 -0.14673046375507337 0
    outer loop
      vertex 33.947575749754904 8.972237439751625 0.6
      vertex 33.947575749754904 8.972237439751625 0
      vertex 34.00013372480869 8.617920325994492 0
    endloop
  endfacet
  facet normal -0.9987954561074371 -0.04906767631686453 0
    outer loop
      vertex 33.930000001490114 9.33 0.6
      vertex 33.930000001490114 9.33 0
      vertex 33.947575749754904 8.972237439751625 0
    endloop
  endfacet
  facet normal -0.9987954561074371 0.04906767631686453 0
    outer loop
      vertex 33.947575749754904 9.687762560248375 0.6
      vertex 33.947575749754904 9.687762560248375 0
      vertex 33.930000001490114 9.33 0
    endloop
  endfacet
  facet normal -0.8577286005408924 -0.5141027599752428 0
    outer loop
      vertex 34.36098738193512 7.6094019132852555 0.6
      vertex 34.36098738193512 7.6094019132852555 0
      vertex 34.508089320659636 7.3639771658182145 0
    endloop
  endfacet
  facet normal -0.9039892959209109 -0.42755508751553384 0
    outer loop
      vertex 34.20783970683813 7.933205472230911 0.6
      vertex 34.20783970683813 7.933205472230911 0
      vertex 34.36098738193512 7.6094019132852555 0
    endloop
  endfacet
  facet normal 0.539053697330172 -0.8422714000811564 0
    outer loop
      vertex 34.508089320659636 7.3639771658182145 0.6
      vertex 34.508089320659636 7.3639771658182145 0
      vertex 35.097222873866556 7.741022640764713 0
    endloop
  endfacet
  facet normal 0.8577286027614085 0.5141027562705357 0
    outer loop
      vertex 35.097222873866556 7.741022640764713 0.6
      vertex 35.097222873866556 7.741022640764713 0
      vertex 34.97833226799965 7.939379626810551 0
    endloop
  endfacet
  facet normal -0.941544061784377 -0.3368898628907928 0
    outer loop
      vertex 34.087167771458624 8.270460927784443 0.6
      vertex 34.087167771458624 8.270460927784443 0
      vertex 34.20783970683813 7.933205472230911 0
    endloop
  endfacet
  facet normal 0.9039892960166089 0.4275550873131972 0
    outer loop
      vertex 34.97833226799965 7.939379626810551 0.6
      vertex 34.97833226799965 7.939379626810551 0
      vertex 34.85455537766218 8.20108387798071 0
    endloop
  endfacet
  facet normal 0.9415440671982408 0.3368898477600572 0
    outer loop
      vertex 34.85455537766218 8.20108387798071 0.6
      vertex 34.85455537766218 8.20108387798071 0
      vertex 34.757026011049746 8.473660202622414 0
    endloop
  endfacet
  facet normal 0.9700312546892906 0.24298017393590077 0
    outer loop
      vertex 34.757026011049746 8.473660202622414 0.6
      vertex 34.757026011049746 8.473660202622414 0
      vertex 34.686683425605295 8.754483552575111 0
    endloop
  endfacet
  facet normal -0.9415440698547024 -0.3368898403357443 0
    outer loop
      vertex 35.235496180057524 8.618802541792393 0.6
      vertex 35.235496180057524 8.618802541792393 0
      vertex 35.31649514466524 8.392425591051579 0
    endloop
  endfacet
  facet normal -0.8577285894830616 -0.5141027784241178 0
    outer loop
      vertex 35.419292898774145 8.175077991485596 0.6
      vertex 35.419292898774145 8.175077991485596 0
      vertex 35.518032560050486 8.010340833961964 0
    endloop
  endfacet
  facet normal 0.5390537048868779 -0.8422713952448646 0
    outer loop
      vertex 35.518032560050486 8.010340833961964 0.6
      vertex 35.518032560050486 8.010340833961964 0
      vertex 36.107166113257406 8.387386316359043 0
    endloop
  endfacet
  facet normal -0.9039893005347766 -0.42755507776033397 0
    outer loop
      vertex 35.31649514466524 8.392425591051579 0.6
      vertex 35.31649514466524 8.392425591051579 0
      vertex 35.419292898774145 8.175077991485596 0
    endloop
  endfacet
  facet normal 0.9039892946109568 0.42755509028519917 0
    outer loop
      vertex 36.036637784838675 8.505055712461472 0.6
      vertex 36.036637784838675 8.505055712461472 0
      vertex 35.96321081548929 8.660303996801376 0
    endloop
  endfacet
  facet normal 0.8577285888030848 0.5141027795585905 0
    outer loop
      vertex 36.107166113257406 8.387386316359043 0.6
      vertex 36.107166113257406 8.387386316359043 0
      vertex 36.036637784838675 8.505055712461472 0
    endloop
  endfacet
  facet normal 0.9891765090385507 0.14673048069949882 0
    outer loop
      vertex 34.686683425605295 8.754483552575111 0.6
      vertex 34.686683425605295 8.754483552575111 0
      vertex 34.644205057919024 9.040849434137344 0
    endloop
  endfacet
  facet normal 0.9987954554451792 0.04906768979743145 0
    outer loop
      vertex 34.644205057919024 9.040849434137344 0.6
      vertex 34.644205057919024 9.040849434137344 0
      vertex 34.629999997019766 9.33 0
    endloop
  endfacet
  facet normal -0.9700312539777707 -0.24298017677644732 0
    outer loop
      vertex 35.177076065838335 8.852028714418411 0.6
      vertex 35.177076065838335 8.852028714418411 0
      vertex 35.235496180057524 8.618802541792393 0
    endloop
  endfacet
  facet normal -0.9891765066498005 -0.14673049680314343 0
    outer loop
      vertex 35.14179741770029 9.089858004748821 0.6
      vertex 35.14179741770029 9.089858004748821 0
      vertex 35.177076065838335 8.852028714418411 0
    endloop
  endfacet
  facet normal 0.9987954554451792 -0.04906768979743145 0
    outer loop
      vertex 34.629999997019766 9.33 0.6
      vertex 34.629999997019766 9.33 0
      vertex 34.644205057919024 9.619150565862656 0
    endloop
  endfacet
  facet normal 0.9891765090385507 -0.14673048069949882 0
    outer loop
      vertex 34.644205057919024 9.619150565862656 0.6
      vertex 34.644205057919024 9.619150565862656 0
      vertex 34.686683425605295 9.905516447424889 0
    endloop
  endfacet
  facet normal -0.9987954560102078 -0.049067678296011434 0
    outer loop
      vertex 35.129999997019766 9.33 0.6
      vertex 35.129999997019766 9.33 0
      vertex 35.14179741770029 9.089858004748821 0
    endloop
  endfacet
  facet normal -0.9987954560102078 0.049067678296011434 0
    outer loop
      vertex 35.14179741770029 9.570141995251179 0.6
      vertex 35.14179741770029 9.570141995251179 0
      vertex 35.129999997019766 9.33 0
    endloop
  endfacet
  facet normal -0.9891765066498005 0.14673049680314343 0
    outer loop
      vertex 35.177076065838335 9.807971285581589 0.6
      vertex 35.177076065838335 9.807971285581589 0
      vertex 35.14179741770029 9.570141995251179 0
    endloop
  endfacet
  facet normal 0.989176508616824 0.14673048354254967 0
    outer loop
      vertex 35.86362575918436 8.98859193354845 0.6
      vertex 35.86362575918436 8.98859193354845 0
      vertex 35.83842672586441 9.158470006585121 0
    endloop
  endfacet
  facet normal 0.941544068447896 0.33688984426750546 0
    outer loop
      vertex 35.96321081548929 8.660303996801376 0.6
      vertex 35.96321081548929 8.660303996801376 0
      vertex 35.905354412198065 8.822001816630364 0
    endloop
  endfacet
  facet normal 0.9700312517823311 0.24298018554113393 0
    outer loop
      vertex 35.905354412198065 8.822001816630364 0.6
      vertex 35.905354412198065 8.822001816630364 0
      vertex 35.86362575918436 8.98859193354845 0
    endloop
  endfacet
  facet normal 0.9987954568766596 0.04906766065897884 0
    outer loop
      vertex 35.83842672586441 9.158470006585121 0.6
      vertex 35.83842672586441 9.158470006585121 0
      vertex 35.83 9.33 0
    endloop
  endfacet
  facet normal 0.9987954568766596 -0.04906766065897884 0
    outer loop
      vertex 35.83 9.33 0.6
      vertex 35.83 9.33 0
      vertex 35.83842672586441 9.501529993414879 0
    endloop
  endfacet
  facet normal 0.989176508616824 -0.14673048354254967 0
    outer loop
      vertex 35.83842672586441 9.501529993414879 0.6
      vertex 35.83842672586441 9.501529993414879 0
      vertex 35.86362575918436 9.67140806645155 0
    endloop
  endfacet
  facet normal 0.9700312517823311 -0.24298018554113393 0
    outer loop
      vertex 35.86362575918436 9.67140806645155 0.6
      vertex 35.86362575918436 9.67140806645155 0
      vertex 35.905354412198065 9.837998183369637 0
    endloop
  endfacet
  facet normal -0.9891765115520188 0.14673046375507337 0
    outer loop
      vertex 34.00013372480869 10.042079674005508 0.6
      vertex 34.00013372480869 10.042079674005508 0
      vertex 33.947575749754904 9.687762560248375 0
    endloop
  endfacet
  facet normal -0.9700312543774001 0.24298017518103762 0
    outer loop
      vertex 34.087167771458624 10.389539072215557 0.6
      vertex 34.087167771458624 10.389539072215557 0
      vertex 34.00013372480869 10.042079674005508 0
    endloop
  endfacet
  facet normal 0.9700312546892906 -0.24298017393590077 0
    outer loop
      vertex 34.686683425605295 9.905516447424889 0.6
      vertex 34.686683425605295 9.905516447424889 0
      vertex 34.757026011049746 10.186339797377586 0
    endloop
  endfacet
  facet normal -0.9700312539777707 0.24298017677644732 0
    outer loop
      vertex 35.235496180057524 10.041197458207607 0.6
      vertex 35.235496180057524 10.041197458207607 0
      vertex 35.177076065838335 9.807971285581589 0
    endloop
  endfacet
  facet normal 0.9415440671982408 -0.3368898477600572 0
    outer loop
      vertex 34.757026011049746 10.186339797377586 0.6
      vertex 34.757026011049746 10.186339797377586 0
      vertex 34.85455537766218 10.458916122019291 0
    endloop
  endfacet
  facet normal -0.9415440698547024 0.3368898403357443 0
    outer loop
      vertex 35.31649514466524 10.267574408948422 0.6
      vertex 35.31649514466524 10.267574408948422 0
      vertex 35.235496180057524 10.041197458207607 0
    endloop
  endfacet
  facet normal -0.941544061784377 0.3368898628907928 0
    outer loop
      vertex 34.20783970683813 10.726794527769089 0.6
      vertex 34.20783970683813 10.726794527769089 0
      vertex 34.087167771458624 10.389539072215557 0
    endloop
  endfacet
  facet normal -0.9039892959209109 0.42755508751553384 0
    outer loop
      vertex 34.36098738193512 11.050598086714745 0.6
      vertex 34.36098738193512 11.050598086714745 0
      vertex 34.20783970683813 10.726794527769089 0
    endloop
  endfacet
  facet normal 0.9039892960166089 -0.4275550873131972 0
    outer loop
      vertex 34.85455537766218 10.458916122019291 0.6
      vertex 34.85455537766218 10.458916122019291 0
      vertex 34.97833226799965 10.72062037318945 0
    endloop
  endfacet
  facet normal 0.8577286027614085 -0.5141027562705357 0
    outer loop
      vertex 34.97833226799965 10.72062037318945 0.6
      vertex 34.97833226799965 10.72062037318945 0
      vertex 35.097222873866556 10.918977359235287 0
    endloop
  endfacet
  facet normal 0.941544068447896 -0.33688984426750546 0
    outer loop
      vertex 35.905354412198065 9.837998183369637 0.6
      vertex 35.905354412198065 9.837998183369637 0
      vertex 35.96321081548929 9.999696003198624 0
    endloop
  endfacet
  facet normal 0.9039892946109568 -0.42755509028519917 0
    outer loop
      vertex 35.96321081548929 9.999696003198624 0.6
      vertex 35.96321081548929 9.999696003198624 0
      vertex 36.036637784838675 10.154944287538529 0
    endloop
  endfacet
  facet normal 0.8577285888030848 -0.5141027795585905 0
    outer loop
      vertex 36.036637784838675 10.154944287538529 0.6
      vertex 36.036637784838675 10.154944287538529 0
      vertex 36.107166113257406 10.272613683640957 0
    endloop
  endfacet
  facet normal -0.9039893005347766 0.42755507776033397 0
    outer loop
      vertex 35.419292898774145 10.484922008514404 0.6
      vertex 35.419292898774145 10.484922008514404 0
      vertex 35.31649514466524 10.267574408948422 0
    endloop
  endfacet
  facet normal -0.8577285894830616 0.5141027784241178 0
    outer loop
      vertex 35.518032560050486 10.649659166038036 0.6
      vertex 35.518032560050486 10.649659166038036 0
      vertex 35.419292898774145 10.484922008514404 0
    endloop
  endfacet
  facet normal 0.5390537048868779 0.8422713952448646 0
    outer loop
      vertex 36.107166113257406 10.272613683640957 0.6
      vertex 36.107166113257406 10.272613683640957 0
      vertex 35.518032560050486 10.649659166038036 0
    endloop
  endfacet
  facet normal -0.8577286005408924 0.5141027599752428 0
    outer loop
      vertex 34.508089320659636 11.296022834181786 0.6
      vertex 34.508089320659636 11.296022834181786 0
      vertex 34.36098738193512 11.050598086714745 0
    endloop
  endfacet
  facet normal 0.539053697330172 0.8422714000811564 0
    outer loop
      vertex 35.097222873866556 10.918977359235287 0.6
      vertex 35.097222873866556 10.918977359235287 0
      vertex 34.508089320659636 11.296022834181786 0
    endloop
  endfacet
  facet normal -0.8577286164896021 -0.5141027333664285 0
    outer loop
      vertex 37.050847241580485 9.04716196089983 0.6
      vertex 37.050847241580485 9.04716196089983 0
      vertex 37.08111823529005 8.996657857596874 0
    endloop
  endfacet
  facet normal -0.9039892749353476 -0.42755513188577743 0
    outer loop
      vertex 37.02567228108644 9.100389936864376 0.6
      vertex 37.02567228108644 9.100389936864376 0
      vertex 37.050847241580485 9.04716196089983 0
    endloop
  endfacet
  facet normal -0.9415440524880385 -0.33688988887231636 0
    outer loop
      vertex 37.00583579570055 9.155829192996025 0.6
      vertex 37.00583579570055 9.155829192996025 0
      vertex 37.02567228108644 9.100389936864376 0
    endloop
  endfacet
  facet normal -0.5956993107737627 -0.8032075268220934 0
    outer loop
      vertex 37.1993640306592 8.86619372844696 0.6
      vertex 37.1993640306592 8.86619372844696 0
      vertex 37.24665785759687 8.83111823529005 0
    endloop
  endfacet
  facet normal -0.42755513188577743 -0.9039892749353476 0
    outer loop
      vertex 37.29716196089983 8.800847241580486 0.6
      vertex 37.29716196089983 8.800847241580486 0
      vertex 37.350389936864374 8.775672281086445 0
    endloop
  endfacet
  facet normal -0.33688988887231636 -0.9415440524880385 0
    outer loop
      vertex 37.350389936864374 8.775672281086445 0.6
      vertex 37.350389936864374 8.775672281086445 0
      vertex 37.40582919299602 8.75583579570055 0
    endloop
  endfacet
  facet normal -0.5141027333664285 -0.8577286164896021 0
    outer loop
      vertex 37.24665785759687 8.83111823529005 0.6
      vertex 37.24665785759687 8.83111823529005 0
      vertex 37.29716196089983 8.800847241580486 0
    endloop
  endfacet
  facet normal -0.24298011239113992 -0.9700312701054483 0
    outer loop
      vertex 37.40582919299602 8.75583579570055 0.6
      vertex 37.40582919299602 8.75583579570055 0
      vertex 37.46294580578804 8.741528833210468 0
    endloop
  endfacet
  facet normal -0.1467305292762822 -0.9891765018328641 0
    outer loop
      vertex 37.46294580578804 8.741528833210468 0.6
      vertex 37.46294580578804 8.741528833210468 0
      vertex 37.52118971377611 8.732889162302017 0
    endloop
  endfacet
  facet normal -0.04906766917543716 -0.9987954564582731 0
    outer loop
      vertex 37.52118971377611 8.732889162302017 0.6
      vertex 37.52118971377611 8.732889162302017 0
      vertex 37.58 8.729999998509884 0
    endloop
  endfacet
  facet normal 0.04906766917543716 -0.9987954564582731 0
    outer loop
      vertex 37.58 8.729999998509884 0.6
      vertex 37.58 8.729999998509884 0
      vertex 37.63881028622389 8.732889162302017 0
    endloop
  endfacet
  facet normal 0.1467305292762822 -0.9891765018328641 0
    outer loop
      vertex 37.63881028622389 8.732889162302017 0.6
      vertex 37.63881028622389 8.732889162302017 0
      vertex 37.69705419421196 8.741528833210468 0
    endloop
  endfacet
  facet normal -0.7409510931887576 -0.671558990336951 0
    outer loop
      vertex 37.11619372844696 8.949364030659199 0.6
      vertex 37.11619372844696 8.949364030659199 0
      vertex 37.15573593407869 8.905735934078693 0
    endloop
  endfacet
  facet normal -0.671558990336951 -0.7409510931887576 0
    outer loop
      vertex 37.15573593407869 8.905735934078693 0.6
      vertex 37.15573593407869 8.905735934078693 0
      vertex 37.1993640306592 8.86619372844696 0
    endloop
  endfacet
  facet normal -0.8032075268220934 -0.5956993107737627 0
    outer loop
      vertex 37.08111823529005 8.996657857596874 0.6
      vertex 37.08111823529005 8.996657857596874 0
      vertex 37.11619372844696 8.949364030659199 0
    endloop
  endfacet
  facet normal -0.9700312701054483 -0.24298011239113992 0
    outer loop
      vertex 36.99152883321047 9.21294580578804 0.6
      vertex 36.99152883321047 9.21294580578804 0
      vertex 37.00583579570055 9.155829192996025 0
    endloop
  endfacet
  facet normal -0.9891765018328641 -0.1467305292762822 0
    outer loop
      vertex 36.982889162302016 9.271189713776112 0.6
      vertex 36.982889162302016 9.271189713776112 0
      vertex 36.99152883321047 9.21294580578804 0
    endloop
  endfacet
  facet normal -0.9987954564582731 -0.04906766917543716 0
    outer loop
      vertex 36.97999999850988 9.33 0.6
      vertex 36.97999999850988 9.33 0
      vertex 36.982889162302016 9.271189713776112 0
    endloop
  endfacet
  facet normal -0.9987954564582731 0.04906766917543716 0
    outer loop
      vertex 36.982889162302016 9.388810286223888 0.6
      vertex 36.982889162302016 9.388810286223888 0
      vertex 36.97999999850988 9.33 0
    endloop
  endfacet
  facet normal -0.9891765018328641 0.1467305292762822 0
    outer loop
      vertex 36.99152883321047 9.44705419421196 0.6
      vertex 36.99152883321047 9.44705419421196 0
      vertex 36.982889162302016 9.388810286223888 0
    endloop
  endfacet
  facet normal -0.9700312701054483 0.24298011239113992 0
    outer loop
      vertex 37.00583579570055 9.504170807003975 0.6
      vertex 37.00583579570055 9.504170807003975 0
      vertex 36.99152883321047 9.44705419421196 0
    endloop
  endfacet
  facet normal -0.9415440524880385 0.33688988887231636 0
    outer loop
      vertex 37.02567228108644 9.559610063135624 0.6
      vertex 37.02567228108644 9.559610063135624 0
      vertex 37.00583579570055 9.504170807003975 0
    endloop
  endfacet
  facet normal -0.9039892749353476 0.42755513188577743 0
    outer loop
      vertex 37.050847241580485 9.61283803910017 0.6
      vertex 37.050847241580485 9.61283803910017 0
      vertex 37.02567228108644 9.559610063135624 0
    endloop
  endfacet
  facet normal -0.8577286164896021 0.5141027333664285 0
    outer loop
      vertex 37.08111823529005 9.663342142403126 0.6
      vertex 37.08111823529005 9.663342142403126 0
      vertex 37.050847241580485 9.61283803910017 0
    endloop
  endfacet
  facet normal -0.8032075268220934 0.5956993107737627 0
    outer loop
      vertex 37.11619372844696 9.710635969340801 0.6
      vertex 37.11619372844696 9.710635969340801 0
      vertex 37.08111823529005 9.663342142403126 0
    endloop
  endfacet
  facet normal -0.7409510931887576 0.671558990336951 0
    outer loop
      vertex 37.15573593407869 9.754264065921307 0.6
      vertex 37.15573593407869 9.754264065921307 0
      vertex 37.11619372844696 9.710635969340801 0
    endloop
  endfacet
  facet normal 0.24298011239113992 -0.9700312701054483 0
    outer loop
      vertex 37.69705419421196 8.741528833210468 0.6
      vertex 37.69705419421196 8.741528833210468 0
      vertex 37.75417080700397 8.75583579570055 0
    endloop
  endfacet
  facet normal 0.33688988887231636 -0.9415440524880385 0
    outer loop
      vertex 37.75417080700397 8.75583579570055 0.6
      vertex 37.75417080700397 8.75583579570055 0
      vertex 37.80961006313562 8.775672281086445 0
    endloop
  endfacet
  facet normal 0.42755513188577743 -0.9039892749353476 0
    outer loop
      vertex 37.80961006313562 8.775672281086445 0.6
      vertex 37.80961006313562 8.775672281086445 0
      vertex 37.86283803910017 8.800847241580486 0
    endloop
  endfacet
  facet normal 0.5141027333664285 -0.8577286164896021 0
    outer loop
      vertex 37.86283803910017 8.800847241580486 0.6
      vertex 37.86283803910017 8.800847241580486 0
      vertex 37.913342142403124 8.83111823529005 0
    endloop
  endfacet
  facet normal 0.5956993107737627 -0.8032075268220934 0
    outer loop
      vertex 37.913342142403124 8.83111823529005 0.6
      vertex 37.913342142403124 8.83111823529005 0
      vertex 37.9606359693408 8.86619372844696 0
    endloop
  endfacet
  facet normal 0.671558990336951 -0.7409510931887576 0
    outer loop
      vertex 37.9606359693408 8.86619372844696 0.6
      vertex 37.9606359693408 8.86619372844696 0
      vertex 38.004264065921305 8.905735934078693 0
    endloop
  endfacet
  facet normal 0.7409510931887576 -0.671558990336951 0
    outer loop
      vertex 38.004264065921305 8.905735934078693 0.6
      vertex 38.004264065921305 8.905735934078693 0
      vertex 38.04380627155304 8.949364030659199 0
    endloop
  endfacet
  facet normal 0.8032075268220934 -0.5956993107737627 0
    outer loop
      vertex 38.04380627155304 8.949364030659199 0.6
      vertex 38.04380627155304 8.949364030659199 0
      vertex 38.07888176470995 8.996657857596874 0
    endloop
  endfacet
  facet normal 0.8577286164896021 -0.5141027333664285 0
    outer loop
      vertex 38.07888176470995 8.996657857596874 0.6
      vertex 38.07888176470995 8.996657857596874 0
      vertex 38.10915275841951 9.04716196089983 0
    endloop
  endfacet
  facet normal 0.9039892749353476 -0.42755513188577743 0
    outer loop
      vertex 38.10915275841951 9.04716196089983 0.6
      vertex 38.10915275841951 9.04716196089983 0
      vertex 38.13432771891355 9.100389936864376 0
    endloop
  endfacet
  facet normal 0.9415440524880385 -0.33688988887231636 0
    outer loop
      vertex 38.13432771891355 9.100389936864376 0.6
      vertex 38.13432771891355 9.100389936864376 0
      vertex 38.15416420429945 9.155829192996025 0
    endloop
  endfacet
  facet normal 0.9700312701054483 -0.24298011239113992 0
    outer loop
      vertex 38.15416420429945 9.155829192996025 0.6
      vertex 38.15416420429945 9.155829192996025 0
      vertex 38.16847116678953 9.21294580578804 0
    endloop
  endfacet
  facet normal 0.9891765018328641 -0.1467305292762822 0
    outer loop
      vertex 38.16847116678953 9.21294580578804 0.6
      vertex 38.16847116678953 9.21294580578804 0
      vertex 38.17711083769798 9.271189713776112 0
    endloop
  endfacet
  facet normal 0.9987954564582731 -0.04906766917543716 0
    outer loop
      vertex 38.17711083769798 9.271189713776112 0.6
      vertex 38.17711083769798 9.271189713776112 0
      vertex 38.180000001490114 9.33 0
    endloop
  endfacet
  facet normal 0.9987954564582731 0.04906766917543716 0
    outer loop
      vertex 38.180000001490114 9.33 0.6
      vertex 38.180000001490114 9.33 0
      vertex 38.17711083769798 9.388810286223888 0
    endloop
  endfacet
  facet normal 0.9891765018328641 0.1467305292762822 0
    outer loop
      vertex 38.17711083769798 9.388810286223888 0.6
      vertex 38.17711083769798 9.388810286223888 0
      vertex 38.16847116678953 9.44705419421196 0
    endloop
  endfacet
  facet normal 0.9700312701054483 0.24298011239113992 0
    outer loop
      vertex 38.16847116678953 9.44705419421196 0.6
      vertex 38.16847116678953 9.44705419421196 0
      vertex 38.15416420429945 9.504170807003975 0
    endloop
  endfacet
  facet normal 0.9415440524880385 0.33688988887231636 0
    outer loop
      vertex 38.15416420429945 9.504170807003975 0.6
      vertex 38.15416420429945 9.504170807003975 0
      vertex 38.13432771891355 9.559610063135624 0
    endloop
  endfacet
  facet normal 0.9039892749353476 0.42755513188577743 0
    outer loop
      vertex 38.13432771891355 9.559610063135624 0.6
      vertex 38.13432771891355 9.559610063135624 0
      vertex 38.10915275841951 9.61283803910017 0
    endloop
  endfacet
  facet normal 0.8577286164896021 0.5141027333664285 0
    outer loop
      vertex 38.10915275841951 9.61283803910017 0.6
      vertex 38.10915275841951 9.61283803910017 0
      vertex 38.07888176470995 9.663342142403126 0
    endloop
  endfacet
  facet normal 0.8032075268220934 0.5956993107737627 0
    outer loop
      vertex 38.07888176470995 9.663342142403126 0.6
      vertex 38.07888176470995 9.663342142403126 0
      vertex 38.04380627155304 9.710635969340801 0
    endloop
  endfacet
  facet normal 0.7409510931887576 0.671558990336951 0
    outer loop
      vertex 38.04380627155304 9.710635969340801 0.6
      vertex 38.04380627155304 9.710635969340801 0
      vertex 38.004264065921305 9.754264065921307 0
    endloop
  endfacet
  facet normal 0.671558990336951 0.7409510931887576 0
    outer loop
      vertex 38.004264065921305 9.754264065921307 0.6
      vertex 38.004264065921305 9.754264065921307 0
      vertex 37.9606359693408 9.79380627155304 0
    endloop
  endfacet
  facet normal -0.5390537048868779 -0.8422713952448646 0
    outer loop
      vertex 39.05283388674259 8.387386316359043 0.6
      vertex 39.05283388674259 8.387386316359043 0
      vertex 39.64196743994951 8.010340833961964 0
    endloop
  endfacet
  facet normal -0.8577285888030848 0.5141027795585905 0
    outer loop
      vertex 39.12336221516132 8.505055712461472 0.6
      vertex 39.12336221516132 8.505055712461472 0
      vertex 39.05283388674259 8.387386316359043 0
    endloop
  endfacet
  facet normal 0.8577285894830616 -0.5141027784241178 0
    outer loop
      vertex 39.64196743994951 8.010340833961964 0.6
      vertex 39.64196743994951 8.010340833961964 0
      vertex 39.74070710122585 8.175077991485596 0
    endloop
  endfacet
  facet normal 0.9039893005347766 -0.42755507776033397 0
    outer loop
      vertex 39.74070710122585 8.175077991485596 0.6
      vertex 39.74070710122585 8.175077991485596 0
      vertex 39.84350485533476 8.392425591051579 0
    endloop
  endfacet
  facet normal 0.9415440698547024 -0.3368898403357443 0
    outer loop
      vertex 39.84350485533476 8.392425591051579 0.6
      vertex 39.84350485533476 8.392425591051579 0
      vertex 39.92450381994247 8.618802541792393 0
    endloop
  endfacet
  facet normal -0.539053697330172 -0.8422714000811564 0
    outer loop
      vertex 40.06277712613344 7.741022640764713 0.6
      vertex 40.06277712613344 7.741022640764713 0
      vertex 40.65191067934036 7.3639771658182145 0
    endloop
  endfacet
  facet normal -0.8577286027614085 0.5141027562705357 0
    outer loop
      vertex 40.18166773200035 7.939379626810551 0.6
      vertex 40.18166773200035 7.939379626810551 0
      vertex 40.06277712613344 7.741022640764713 0
    endloop
  endfacet
  facet normal 0.8577286005408924 -0.5141027599752428 0
    outer loop
      vertex 40.65191067934036 7.3639771658182145 0.6
      vertex 40.65191067934036 7.3639771658182145 0
      vertex 40.79901261806488 7.6094019132852555 0
    endloop
  endfacet
  facet normal 0.9039892959209109 -0.42755508751553384 0
    outer loop
      vertex 40.79901261806488 7.6094019132852555 0.6
      vertex 40.79901261806488 7.6094019132852555 0
      vertex 40.95216029316187 7.933205472230911 0
    endloop
  endfacet
  facet normal -0.9039892960166089 0.4275550873131972 0
    outer loop
      vertex 40.305444622337816 8.20108387798071 0.6
      vertex 40.305444622337816 8.20108387798071 0
      vertex 40.18166773200035 7.939379626810551 0
    endloop
  endfacet
  facet normal -0.9415440671982408 0.3368898477600572 0
    outer loop
      vertex 40.40297398895025 8.473660202622414 0.6
      vertex 40.40297398895025 8.473660202622414 0
      vertex 40.305444622337816 8.20108387798071 0
    endloop
  endfacet
  facet normal 0.941544061784377 -0.3368898628907928 0
    outer loop
      vertex 40.95216029316187 7.933205472230911 0.6
      vertex 40.95216029316187 7.933205472230911 0
      vertex 41.07283222854137 8.270460927784443 0
    endloop
  endfacet
  facet normal 0.9700312543774001 -0.24298017518103762 0
    outer loop
      vertex 41.07283222854137 8.270460927784443 0.6
      vertex 41.07283222854137 8.270460927784443 0
      vertex 41.159866275191305 8.617920325994492 0
    endloop
  endfacet
  facet normal -0.9039892946109568 0.42755509028519917 0
    outer loop
      vertex 39.196789184510706 8.660303996801376 0.6
      vertex 39.196789184510706 8.660303996801376 0
      vertex 39.12336221516132 8.505055712461472 0
    endloop
  endfacet
  facet normal -0.941544068447896 0.33688984426750546 0
    outer loop
      vertex 39.25464558780193 8.822001816630364 0.6
      vertex 39.25464558780193 8.822001816630364 0
      vertex 39.196789184510706 8.660303996801376 0
    endloop
  endfacet
  facet normal -0.9700312517823311 0.24298018554113393 0
    outer loop
      vertex 39.29637424081564 8.98859193354845 0.6
      vertex 39.29637424081564 8.98859193354845 0
      vertex 39.25464558780193 8.822001816630364 0
    endloop
  endfacet
  facet normal -0.989176508616824 0.14673048354254967 0
    outer loop
      vertex 39.32157327413559 9.158470006585121 0.6
      vertex 39.32157327413559 9.158470006585121 0
      vertex 39.29637424081564 8.98859193354845 0
    endloop
  endfacet
  facet normal 0.9700312539777707 -0.24298017677644732 0
    outer loop
      vertex 39.92450381994247 8.618802541792393 0.6
      vertex 39.92450381994247 8.618802541792393 0
      vertex 39.98292393416166 8.852028714418411 0
    endloop
  endfacet
  facet normal 0.9891765066498005 -0.14673049680314343 0
    outer loop
      vertex 39.98292393416166 8.852028714418411 0.6
      vertex 39.98292393416166 8.852028714418411 0
      vertex 40.01820258229971 9.089858004748821 0
    endloop
  endfacet
  facet normal 0.9987954560102078 -0.049067678296011434 0
    outer loop
      vertex 40.01820258229971 9.089858004748821 0.6
      vertex 40.01820258229971 9.089858004748821 0
      vertex 40.03000000298023 9.33 0
    endloop
  endfacet
  facet normal -0.9987954568766596 0.04906766065897884 0
    outer loop
      vertex 39.33 9.33 0.6
      vertex 39.33 9.33 0
      vertex 39.32157327413559 9.158470006585121 0
    endloop
  endfacet
  facet normal -0.9987954568766596 -0.04906766065897884 0
    outer loop
      vertex 39.32157327413559 9.501529993414879 0.6
      vertex 39.32157327413559 9.501529993414879 0
      vertex 39.33 9.33 0
    endloop
  endfacet
  facet normal -0.989176508616824 -0.14673048354254967 0
    outer loop
      vertex 39.29637424081564 9.67140806645155 0.6
      vertex 39.29637424081564 9.67140806645155 0
      vertex 39.32157327413559 9.501529993414879 0
    endloop
  endfacet
  facet normal 0.9987954560102078 0.049067678296011434 0
    outer loop
      vertex 40.03000000298023 9.33 0.6
      vertex 40.03000000298023 9.33 0
      vertex 40.01820258229971 9.570141995251179 0
    endloop
  endfacet
  facet normal 0.9891765066498005 0.14673049680314343 0
    outer loop
      vertex 40.01820258229971 9.570141995251179 0.6
      vertex 40.01820258229971 9.570141995251179 0
      vertex 39.98292393416166 9.807971285581589 0
    endloop
  endfacet
  facet normal -0.9700312546892906 0.24298017393590077 0
    outer loop
      vertex 40.4733165743947 8.754483552575111 0.6
      vertex 40.4733165743947 8.754483552575111 0
      vertex 40.40297398895025 8.473660202622414 0
    endloop
  endfacet
  facet normal -0.9891765090385507 0.14673048069949882 0
    outer loop
      vertex 40.51579494208097 9.040849434137344 0.6
      vertex 40.51579494208097 9.040849434137344 0
      vertex 40.4733165743947 8.754483552575111 0
    endloop
  endfacet
  facet normal 0.9891765115520188 -0.14673046375507337 0
    outer loop
      vertex 41.159866275191305 8.617920325994492 0.6
      vertex 41.159866275191305 8.617920325994492 0
      vertex 41.21242425024509 8.972237439751625 0
    endloop
  endfacet
  facet normal 0.9987954561074371 -0.04906767631686453 0
    outer loop
      vertex 41.21242425024509 8.972237439751625 0.6
      vertex 41.21242425024509 8.972237439751625 0
      vertex 41.22999999850988 9.33 0
    endloop
  endfacet
  facet normal -0.9987954554451792 0.04906768979743145 0
    outer loop
      vertex 40.53000000298023 9.33 0.6
      vertex 40.53000000298023 9.33 0
      vertex 40.51579494208097 9.040849434137344 0
    endloop
  endfacet
  facet normal -0.9987954554451792 -0.04906768979743145 0
    outer loop
      vertex 40.51579494208097 9.619150565862656 0.6
      vertex 40.51579494208097 9.619150565862656 0
      vertex 40.53000000298023 9.33 0
    endloop
  endfacet
  facet normal 0.9987954561074371 0.04906767631686453 0
    outer loop
      vertex 41.22999999850988 9.33 0.6
      vertex 41.22999999850988 9.33 0
      vertex 41.21242425024509 9.687762560248375 0
    endloop
  endfacet
  facet normal -0.671558990336951 0.7409510931887576 0
    outer loop
      vertex 37.1993640306592 9.79380627155304 0.6
      vertex 37.1993640306592 9.79380627155304 0
      vertex 37.15573593407869 9.754264065921307 0
    endloop
  endfacet
  facet normal -0.5956993107737627 0.8032075268220934 0
    outer loop
      vertex 37.24665785759687 9.82888176470995 0.6
      vertex 37.24665785759687 9.82888176470995 0
      vertex 37.1993640306592 9.79380627155304 0
    endloop
  endfacet
  facet normal -0.5141027333664285 0.8577286164896021 0
    outer loop
      vertex 37.29716196089983 9.859152758419514 0.6
      vertex 37.29716196089983 9.859152758419514 0
      vertex 37.24665785759687 9.82888176470995 0
    endloop
  endfacet
  facet normal -0.42755513188577743 0.9039892749353476 0
    outer loop
      vertex 37.350389936864374 9.884327718913555 0.6
      vertex 37.350389936864374 9.884327718913555 0
      vertex 37.29716196089983 9.859152758419514 0
    endloop
  endfacet
  facet normal -0.33688988887231636 0.9415440524880385 0
    outer loop
      vertex 37.40582919299602 9.90416420429945 0.6
      vertex 37.40582919299602 9.90416420429945 0
      vertex 37.350389936864374 9.884327718913555 0
    endloop
  endfacet
  facet normal -0.24298011239113992 0.9700312701054483 0
    outer loop
      vertex 37.46294580578804 9.918471166789532 0.6
      vertex 37.46294580578804 9.918471166789532 0
      vertex 37.40582919299602 9.90416420429945 0
    endloop
  endfacet
  facet normal -0.1467305292762822 0.9891765018328641 0
    outer loop
      vertex 37.52118971377611 9.927110837697983 0.6
      vertex 37.52118971377611 9.927110837697983 0
      vertex 37.46294580578804 9.918471166789532 0
    endloop
  endfacet
  facet normal -0.04906766917543716 0.9987954564582731 0
    outer loop
      vertex 37.58 9.930000001490116 0.6
      vertex 37.58 9.930000001490116 0
      vertex 37.52118971377611 9.927110837697983 0
    endloop
  endfacet
  facet normal 0.04906766917543716 0.9987954564582731 0
    outer loop
      vertex 37.63881028622389 9.927110837697983 0.6
      vertex 37.63881028622389 9.927110837697983 0
      vertex 37.58 9.930000001490116 0
    endloop
  endfacet
  facet normal 0.1467305292762822 0.9891765018328641 0
    outer loop
      vertex 37.69705419421196 9.918471166789532 0.6
      vertex 37.69705419421196 9.918471166789532 0
      vertex 37.63881028622389 9.927110837697983 0
    endloop
  endfacet
  facet normal 0.24298011239113992 0.9700312701054483 0
    outer loop
      vertex 37.75417080700397 9.90416420429945 0.6
      vertex 37.75417080700397 9.90416420429945 0
      vertex 37.69705419421196 9.918471166789532 0
    endloop
  endfacet
  facet normal 0.33688988887231636 0.9415440524880385 0
    outer loop
      vertex 37.80961006313562 9.884327718913555 0.6
      vertex 37.80961006313562 9.884327718913555 0
      vertex 37.75417080700397 9.90416420429945 0
    endloop
  endfacet
  facet normal 0.5956993107737627 0.8032075268220934 0
    outer loop
      vertex 37.9606359693408 9.79380627155304 0.6
      vertex 37.9606359693408 9.79380627155304 0
      vertex 37.913342142403124 9.82888176470995 0
    endloop
  endfacet
  facet normal 0.5141027333664285 0.8577286164896021 0
    outer loop
      vertex 37.913342142403124 9.82888176470995 0.6
      vertex 37.913342142403124 9.82888176470995 0
      vertex 37.86283803910017 9.859152758419514 0
    endloop
  endfacet
  facet normal 0.42755513188577743 0.9039892749353476 0
    outer loop
      vertex 37.86283803910017 9.859152758419514 0.6
      vertex 37.86283803910017 9.859152758419514 0
      vertex 37.80961006313562 9.884327718913555 0
    endloop
  endfacet
  facet normal -0.9700312517823311 -0.24298018554113393 0
    outer loop
      vertex 39.25464558780193 9.837998183369637 0.6
      vertex 39.25464558780193 9.837998183369637 0
      vertex 39.29637424081564 9.67140806645155 0
    endloop
  endfacet
  facet normal -0.941544068447896 -0.33688984426750546 0
    outer loop
      vertex 39.196789184510706 9.999696003198624 0.6
      vertex 39.196789184510706 9.999696003198624 0
      vertex 39.25464558780193 9.837998183369637 0
    endloop
  endfacet
  facet normal -0.9039892946109568 -0.42755509028519917 0
    outer loop
      vertex 39.12336221516132 10.154944287538529 0.6
      vertex 39.12336221516132 10.154944287538529 0
      vertex 39.196789184510706 9.999696003198624 0
    endloop
  endfacet
  facet normal -0.8577285888030848 -0.5141027795585905 0
    outer loop
      vertex 39.05283388674259 10.272613683640957 0.6
      vertex 39.05283388674259 10.272613683640957 0
      vertex 39.12336221516132 10.154944287538529 0
    endloop
  endfacet
  facet normal 0.9700312539777707 0.24298017677644732 0
    outer loop
      vertex 39.98292393416166 9.807971285581589 0.6
      vertex 39.98292393416166 9.807971285581589 0
      vertex 39.92450381994247 10.041197458207607 0
    endloop
  endfacet
  facet normal 0.9415440698547024 0.3368898403357443 0
    outer loop
      vertex 39.92450381994247 10.041197458207607 0.6
      vertex 39.92450381994247 10.041197458207607 0
      vertex 39.84350485533476 10.267574408948422 0
    endloop
  endfacet
  facet normal 0.9039893005347766 0.42755507776033397 0
    outer loop
      vertex 39.84350485533476 10.267574408948422 0.6
      vertex 39.84350485533476 10.267574408948422 0
      vertex 39.74070710122585 10.484922008514404 0
    endloop
  endfacet
  facet normal -0.5390537048868779 0.8422713952448646 0
    outer loop
      vertex 39.64196743994951 10.649659166038036 0.6
      vertex 39.64196743994951 10.649659166038036 0
      vertex 39.05283388674259 10.272613683640957 0
    endloop
  endfacet
  facet normal 0.8577285894830616 0.5141027784241178 0
    outer loop
      vertex 39.74070710122585 10.484922008514404 0.6
      vertex 39.74070710122585 10.484922008514404 0
      vertex 39.64196743994951 10.649659166038036 0
    endloop
  endfacet
  facet normal -0.9891765090385507 -0.14673048069949882 0
    outer loop
      vertex 40.4733165743947 9.905516447424889 0.6
      vertex 40.4733165743947 9.905516447424889 0
      vertex 40.51579494208097 9.619150565862656 0
    endloop
  endfacet
  facet normal -0.9415440671982408 -0.3368898477600572 0
    outer loop
      vertex 40.305444622337816 10.458916122019291 0.6
      vertex 40.305444622337816 10.458916122019291 0
      vertex 40.40297398895025 10.186339797377586 0
    endloop
  endfacet
  facet normal -0.9700312546892906 -0.24298017393590077 0
    outer loop
      vertex 40.40297398895025 10.186339797377586 0.6
      vertex 40.40297398895025 10.186339797377586 0
      vertex 40.4733165743947 9.905516447424889 0
    endloop
  endfacet
  facet normal 0.9891765115520188 0.14673046375507337 0
    outer loop
      vertex 41.21242425024509 9.687762560248375 0.6
      vertex 41.21242425024509 9.687762560248375 0
      vertex 41.159866275191305 10.042079674005508 0
    endloop
  endfacet
  facet normal 0.9700312543774001 0.24298017518103762 0
    outer loop
      vertex 41.159866275191305 10.042079674005508 0.6
      vertex 41.159866275191305 10.042079674005508 0
      vertex 41.07283222854137 10.389539072215557 0
    endloop
  endfacet
  facet normal -0.9039892960166089 -0.4275550873131972 0
    outer loop
      vertex 40.18166773200035 10.72062037318945 0.6
      vertex 40.18166773200035 10.72062037318945 0
      vertex 40.305444622337816 10.458916122019291 0
    endloop
  endfacet
  facet normal -0.8577286027614085 -0.5141027562705357 0
    outer loop
      vertex 40.06277712613344 10.918977359235287 0.6
      vertex 40.06277712613344 10.918977359235287 0
      vertex 40.18166773200035 10.72062037318945 0
    endloop
  endfacet
  facet normal 0.941544061784377 0.3368898628907928 0
    outer loop
      vertex 41.07283222854137 10.389539072215557 0.6
      vertex 41.07283222854137 10.389539072215557 0
      vertex 40.95216029316187 10.726794527769089 0
    endloop
  endfacet
  facet normal 0.9039892959209109 0.42755508751553384 0
    outer loop
      vertex 40.95216029316187 10.726794527769089 0.6
      vertex 40.95216029316187 10.726794527769089 0
      vertex 40.79901261806488 11.050598086714745 0
    endloop
  endfacet
  facet normal -0.539053697330172 0.8422714000811564 0
    outer loop
      vertex 40.65191067934036 11.296022834181786 0.6
      vertex 40.65191067934036 11.296022834181786 0
      vertex 40.06277712613344 10.918977359235287 0
    endloop
  endfacet
  facet normal 0.8577286005408924 0.5141027599752428 0
    outer loop
      vertex 40.79901261806488 11.050598086714745 0.6
      vertex 40.79901261806488 11.050598086714745 0
      vertex 40.65191067934036 11.296022834181786 0
    endloop
  endfacet
  facet normal -0.9700312543774001 -0.24298017518103762 0
    outer loop
      vertex 34.087167771458624 8.270460927784443 0.6
      vertex 34.00013372480869 8.617920325994492 0.6
      vertex 34.087167771458624 8.270460927784443 0
    endloop
  endfacet
  facet normal -0.9891765115520188 -0.14673046375507337 0
    outer loop
      vertex 34.00013372480869 8.617920325994492 0.6
      vertex 33.947575749754904 8.972237439751625 0.6
      vertex 34.00013372480869 8.617920325994492 0
    endloop
  endfacet
  facet normal -0.9987954561074371 -0.04906767631686453 0
    outer loop
      vertex 33.947575749754904 8.972237439751625 0.6
      vertex 33.930000001490114 9.33 0.6
      vertex 33.947575749754904 8.972237439751625 0
    endloop
  endfacet
  facet normal -0.9987954561074371 0.04906767631686453 0
    outer loop
      vertex 33.930000001490114 9.33 0.6
      vertex 33.947575749754904 9.687762560248375 0.6
      vertex 33.930000001490114 9.33 0
    endloop
  endfacet
  facet normal -0.8577286005408924 -0.5141027599752428 0
    outer loop
      vertex 34.36098738193512 7.6094019132852555 0.6
      vertex 34.508089320659636 7.3639771658182145 0
      vertex 34.508089320659636 7.3639771658182145 0.6
    endloop
  endfacet
  facet normal -0.9039892959209109 -0.42755508751553384 0
    outer loop
      vertex 34.36098738193512 7.6094019132852555 0.6
      vertex 34.20783970683813 7.933205472230911 0.6
      vertex 34.36098738193512 7.6094019132852555 0
    endloop
  endfacet
  facet normal 0.539053697330172 -0.8422714000811564 0
    outer loop
      vertex 34.508089320659636 7.3639771658182145 0.6
      vertex 35.097222873866556 7.741022640764713 0
      vertex 35.097222873866556 7.741022640764713 0.6
    endloop
  endfacet
  facet normal 0.8577286027614085 0.5141027562705357 0
    outer loop
      vertex 34.97833226799965 7.939379626810551 0.6
      vertex 35.097222873866556 7.741022640764713 0.6
      vertex 34.97833226799965 7.939379626810551 0
    endloop
  endfacet
  facet normal -0.941544061784377 -0.3368898628907928 0
    outer loop
      vertex 34.087167771458624 8.270460927784443 0.6
      vertex 34.20783970683813 7.933205472230911 0
      vertex 34.20783970683813 7.933205472230911 0.6
    endloop
  endfacet
  facet normal 0.9039892960166089 0.4275550873131972 0
    outer loop
      vertex 34.97833226799965 7.939379626810551 0.6
      vertex 34.85455537766218 8.20108387798071 0
      vertex 34.85455537766218 8.20108387798071 0.6
    endloop
  endfacet
  facet normal 0.9415440671982408 0.3368898477600572 0
    outer loop
      vertex 34.85455537766218 8.20108387798071 0.6
      vertex 34.757026011049746 8.473660202622414 0
      vertex 34.757026011049746 8.473660202622414 0.6
    endloop
  endfacet
  facet normal -0.9415440698547024 -0.3368898403357443 0
    outer loop
      vertex 35.31649514466524 8.392425591051579 0.6
      vertex 35.235496180057524 8.618802541792393 0.6
      vertex 35.31649514466524 8.392425591051579 0
    endloop
  endfacet
  facet normal -0.8577285894830616 -0.5141027784241178 0
    outer loop
      vertex 35.518032560050486 8.010340833961964 0.6
      vertex 35.419292898774145 8.175077991485596 0.6
      vertex 35.518032560050486 8.010340833961964 0
    endloop
  endfacet
  facet normal -0.9039893005347766 -0.42755507776033397 0
    outer loop
      vertex 35.419292898774145 8.175077991485596 0.6
      vertex 35.31649514466524 8.392425591051579 0.6
      vertex 35.419292898774145 8.175077991485596 0
    endloop
  endfacet
  facet normal 0.5390537048868779 -0.8422713952448646 0
    outer loop
      vertex 35.518032560050486 8.010340833961964 0.6
      vertex 36.107166113257406 8.387386316359043 0
      vertex 36.107166113257406 8.387386316359043 0.6
    endloop
  endfacet
  facet normal 0.8577285888030848 0.5141027795585905 0
    outer loop
      vertex 36.107166113257406 8.387386316359043 0.6
      vertex 36.036637784838675 8.505055712461472 0
      vertex 36.036637784838675 8.505055712461472 0.6
    endloop
  endfacet
  facet normal 0.9891765090385507 0.14673048069949882 0
    outer loop
      vertex 34.686683425605295 8.754483552575111 0.6
      vertex 34.644205057919024 9.040849434137344 0
      vertex 34.644205057919024 9.040849434137344 0.6
    endloop
  endfacet
  facet normal 0.9700312546892906 0.24298017393590077 0
    outer loop
      vertex 34.757026011049746 8.473660202622414 0.6
      vertex 34.686683425605295 8.754483552575111 0
      vertex 34.686683425605295 8.754483552575111 0.6
    endloop
  endfacet
  facet normal -0.9700312539777707 -0.24298017677644732 0
    outer loop
      vertex 35.235496180057524 8.618802541792393 0.6
      vertex 35.177076065838335 8.852028714418411 0.6
      vertex 35.235496180057524 8.618802541792393 0
    endloop
  endfacet
  facet normal -0.9891765066498005 -0.14673049680314343 0
    outer loop
      vertex 35.177076065838335 8.852028714418411 0.6
      vertex 35.14179741770029 9.089858004748821 0.6
      vertex 35.177076065838335 8.852028714418411 0
    endloop
  endfacet
  facet normal -0.9987954560102078 -0.049067678296011434 0
    outer loop
      vertex 35.14179741770029 9.089858004748821 0.6
      vertex 35.129999997019766 9.33 0.6
      vertex 35.14179741770029 9.089858004748821 0
    endloop
  endfacet
  facet normal 0.9987954554451792 0.04906768979743145 0
    outer loop
      vertex 34.644205057919024 9.040849434137344 0.6
      vertex 34.629999997019766 9.33 0
      vertex 34.629999997019766 9.33 0.6
    endloop
  endfacet
  facet normal 0.9987954554451792 -0.04906768979743145 0
    outer loop
      vertex 34.629999997019766 9.33 0.6
      vertex 34.644205057919024 9.619150565862656 0
      vertex 34.644205057919024 9.619150565862656 0.6
    endloop
  endfacet
  facet normal -0.9987954560102078 0.049067678296011434 0
    outer loop
      vertex 35.129999997019766 9.33 0.6
      vertex 35.14179741770029 9.570141995251179 0.6
      vertex 35.129999997019766 9.33 0
    endloop
  endfacet
  facet normal -0.9891765066498005 0.14673049680314343 0
    outer loop
      vertex 35.14179741770029 9.570141995251179 0.6
      vertex 35.177076065838335 9.807971285581589 0.6
      vertex 35.14179741770029 9.570141995251179 0
    endloop
  endfacet
  facet normal 0.9700312517823311 0.24298018554113393 0
    outer loop
      vertex 35.86362575918436 8.98859193354845 0.6
      vertex 35.905354412198065 8.822001816630364 0.6
      vertex 35.86362575918436 8.98859193354845 0
    endloop
  endfacet
  facet normal 0.989176508616824 0.14673048354254967 0
    outer loop
      vertex 35.86362575918436 8.98859193354845 0.6
      vertex 35.83842672586441 9.158470006585121 0
      vertex 35.83842672586441 9.158470006585121 0.6
    endloop
  endfacet
  facet normal 0.9039892946109568 0.42755509028519917 0
    outer loop
      vertex 36.036637784838675 8.505055712461472 0.6
      vertex 35.96321081548929 8.660303996801376 0
      vertex 35.96321081548929 8.660303996801376 0.6
    endloop
  endfacet
  facet normal 0.941544068447896 0.33688984426750546 0
    outer loop
      vertex 35.96321081548929 8.660303996801376 0.6
      vertex 35.905354412198065 8.822001816630364 0
      vertex 35.905354412198065 8.822001816630364 0.6
    endloop
  endfacet
  facet normal 0.9987954568766596 0.04906766065897884 0
    outer loop
      vertex 35.83842672586441 9.158470006585121 0.6
      vertex 35.83 9.33 0
      vertex 35.83 9.33 0.6
    endloop
  endfacet
  facet normal 0.9987954568766596 -0.04906766065897884 0
    outer loop
      vertex 35.83 9.33 0.6
      vertex 35.83842672586441 9.501529993414879 0
      vertex 35.83842672586441 9.501529993414879 0.6
    endloop
  endfacet
  facet normal 0.989176508616824 -0.14673048354254967 0
    outer loop
      vertex 35.83842672586441 9.501529993414879 0.6
      vertex 35.86362575918436 9.67140806645155 0
      vertex 35.86362575918436 9.67140806645155 0.6
    endloop
  endfacet
  facet normal -0.9891765115520188 0.14673046375507337 0
    outer loop
      vertex 33.947575749754904 9.687762560248375 0.6
      vertex 34.00013372480869 10.042079674005508 0.6
      vertex 33.947575749754904 9.687762560248375 0
    endloop
  endfacet
  facet normal -0.9700312543774001 0.24298017518103762 0
    outer loop
      vertex 34.00013372480869 10.042079674005508 0.6
      vertex 34.087167771458624 10.389539072215557 0.6
      vertex 34.00013372480869 10.042079674005508 0
    endloop
  endfacet
  facet normal 0.9891765090385507 -0.14673048069949882 0
    outer loop
      vertex 34.644205057919024 9.619150565862656 0.6
      vertex 34.686683425605295 9.905516447424889 0
      vertex 34.686683425605295 9.905516447424889 0.6
    endloop
  endfacet
  facet normal -0.9700312539777707 0.24298017677644732 0
    outer loop
      vertex 35.177076065838335 9.807971285581589 0.6
      vertex 35.235496180057524 10.041197458207607 0.6
      vertex 35.177076065838335 9.807971285581589 0
    endloop
  endfacet
  facet normal 0.9700312546892906 -0.24298017393590077 0
    outer loop
      vertex 34.686683425605295 9.905516447424889 0.6
      vertex 34.757026011049746 10.186339797377586 0
      vertex 34.757026011049746 10.186339797377586 0.6
    endloop
  endfacet
  facet normal 0.9415440671982408 -0.3368898477600572 0
    outer loop
      vertex 34.757026011049746 10.186339797377586 0.6
      vertex 34.85455537766218 10.458916122019291 0
      vertex 34.85455537766218 10.458916122019291 0.6
    endloop
  endfacet
  facet normal -0.9415440698547024 0.3368898403357443 0
    outer loop
      vertex 35.235496180057524 10.041197458207607 0.6
      vertex 35.31649514466524 10.267574408948422 0.6
      vertex 35.235496180057524 10.041197458207607 0
    endloop
  endfacet
  facet normal -0.941544061784377 0.3368898628907928 0
    outer loop
      vertex 34.087167771458624 10.389539072215557 0.6
      vertex 34.20783970683813 10.726794527769089 0.6
      vertex 34.087167771458624 10.389539072215557 0
    endloop
  endfacet
  facet normal -0.9039892959209109 0.42755508751553384 0
    outer loop
      vertex 34.20783970683813 10.726794527769089 0.6
      vertex 34.36098738193512 11.050598086714745 0.6
      vertex 34.20783970683813 10.726794527769089 0
    endloop
  endfacet
  facet normal 0.9039892960166089 -0.4275550873131972 0
    outer loop
      vertex 34.85455537766218 10.458916122019291 0.6
      vertex 34.97833226799965 10.72062037318945 0
      vertex 34.97833226799965 10.72062037318945 0.6
    endloop
  endfacet
  facet normal 0.8577286027614085 -0.5141027562705357 0
    outer loop
      vertex 34.97833226799965 10.72062037318945 0.6
      vertex 35.097222873866556 10.918977359235287 0
      vertex 35.097222873866556 10.918977359235287 0.6
    endloop
  endfacet
  facet normal -0.9039893005347766 0.42755507776033397 0
    outer loop
      vertex 35.31649514466524 10.267574408948422 0.6
      vertex 35.419292898774145 10.484922008514404 0.6
      vertex 35.31649514466524 10.267574408948422 0
    endloop
  endfacet
  facet normal 0.9700312517823311 -0.24298018554113393 0
    outer loop
      vertex 35.86362575918436 9.67140806645155 0.6
      vertex 35.905354412198065 9.837998183369637 0
      vertex 35.905354412198065 9.837998183369637 0.6
    endloop
  endfacet
  facet normal 0.941544068447896 -0.33688984426750546 0
    outer loop
      vertex 35.905354412198065 9.837998183369637 0.6
      vertex 35.96321081548929 9.999696003198624 0
      vertex 35.96321081548929 9.999696003198624 0.6
    endloop
  endfacet
  facet normal 0.9039892946109568 -0.42755509028519917 0
    outer loop
      vertex 35.96321081548929 9.999696003198624 0.6
      vertex 36.036637784838675 10.154944287538529 0
      vertex 36.036637784838675 10.154944287538529 0.6
    endloop
  endfacet
  facet normal 0.8577285888030848 -0.5141027795585905 0
    outer loop
      vertex 36.036637784838675 10.154944287538529 0.6
      vertex 36.107166113257406 10.272613683640957 0
      vertex 36.107166113257406 10.272613683640957 0.6
    endloop
  endfacet
  facet normal -0.8577285894830616 0.5141027784241178 0
    outer loop
      vertex 35.419292898774145 10.484922008514404 0.6
      vertex 35.518032560050486 10.649659166038036 0.6
      vertex 35.419292898774145 10.484922008514404 0
    endloop
  endfacet
  facet normal 0.5390537048868779 0.8422713952448646 0
    outer loop
      vertex 36.107166113257406 10.272613683640957 0.6
      vertex 35.518032560050486 10.649659166038036 0
      vertex 35.518032560050486 10.649659166038036 0.6
    endloop
  endfacet
  facet normal -0.8577286005408924 0.5141027599752428 0
    outer loop
      vertex 34.36098738193512 11.050598086714745 0.6
      vertex 34.508089320659636 11.296022834181786 0.6
      vertex 34.36098738193512 11.050598086714745 0
    endloop
  endfacet
  facet normal 0.539053697330172 0.8422714000811564 0
    outer loop
      vertex 35.097222873866556 10.918977359235287 0.6
      vertex 34.508089320659636 11.296022834181786 0
      vertex 34.508089320659636 11.296022834181786 0.6
    endloop
  endfacet
  facet normal -0.8577286164896021 -0.5141027333664285 0
    outer loop
      vertex 37.050847241580485 9.04716196089983 0.6
      vertex 37.08111823529005 8.996657857596874 0
      vertex 37.08111823529005 8.996657857596874 0.6
    endloop
  endfacet
  facet normal -0.9039892749353476 -0.42755513188577743 0
    outer loop
      vertex 37.050847241580485 9.04716196089983 0.6
      vertex 37.02567228108644 9.100389936864376 0.6
      vertex 37.050847241580485 9.04716196089983 0
    endloop
  endfacet
  facet normal -0.9700312701054483 -0.24298011239113992 0
    outer loop
      vertex 37.00583579570055 9.155829192996025 0.6
      vertex 36.99152883321047 9.21294580578804 0.6
      vertex 37.00583579570055 9.155829192996025 0
    endloop
  endfacet
  facet normal -0.9415440524880385 -0.33688988887231636 0
    outer loop
      vertex 37.02567228108644 9.100389936864376 0.6
      vertex 37.00583579570055 9.155829192996025 0.6
      vertex 37.02567228108644 9.100389936864376 0
    endloop
  endfacet
  facet normal -0.42755513188577743 -0.9039892749353476 0
    outer loop
      vertex 37.350389936864374 8.775672281086445 0.6
      vertex 37.29716196089983 8.800847241580486 0.6
      vertex 37.350389936864374 8.775672281086445 0
    endloop
  endfacet
  facet normal -0.5141027333664285 -0.8577286164896021 0
    outer loop
      vertex 37.24665785759687 8.83111823529005 0.6
      vertex 37.29716196089983 8.800847241580486 0
      vertex 37.29716196089983 8.800847241580486 0.6
    endloop
  endfacet
  facet normal -0.5956993107737627 -0.8032075268220934 0
    outer loop
      vertex 37.1993640306592 8.86619372844696 0.6
      vertex 37.24665785759687 8.83111823529005 0
      vertex 37.24665785759687 8.83111823529005 0.6
    endloop
  endfacet
  facet normal -0.24298011239113992 -0.9700312701054483 0
    outer loop
      vertex 37.40582919299602 8.75583579570055 0.6
      vertex 37.46294580578804 8.741528833210468 0
      vertex 37.46294580578804 8.741528833210468 0.6
    endloop
  endfacet
  facet normal -0.33688988887231636 -0.9415440524880385 0
    outer loop
      vertex 37.350389936864374 8.775672281086445 0.6
      vertex 37.40582919299602 8.75583579570055 0
      vertex 37.40582919299602 8.75583579570055 0.6
    endloop
  endfacet
  facet normal -0.1467305292762822 -0.9891765018328641 0
    outer loop
      vertex 37.46294580578804 8.741528833210468 0.6
      vertex 37.52118971377611 8.732889162302017 0
      vertex 37.52118971377611 8.732889162302017 0.6
    endloop
  endfacet
  facet normal -0.04906766917543716 -0.9987954564582731 0
    outer loop
      vertex 37.52118971377611 8.732889162302017 0.6
      vertex 37.58 8.729999998509884 0
      vertex 37.58 8.729999998509884 0.6
    endloop
  endfacet
  facet normal 0.04906766917543716 -0.9987954564582731 0
    outer loop
      vertex 37.58 8.729999998509884 0.6
      vertex 37.63881028622389 8.732889162302017 0
      vertex 37.63881028622389 8.732889162302017 0.6
    endloop
  endfacet
  facet normal -0.7409510931887576 -0.671558990336951 0
    outer loop
      vertex 37.15573593407869 8.905735934078693 0.6
      vertex 37.11619372844696 8.949364030659199 0.6
      vertex 37.15573593407869 8.905735934078693 0
    endloop
  endfacet
  facet normal -0.671558990336951 -0.7409510931887576 0
    outer loop
      vertex 37.1993640306592 8.86619372844696 0.6
      vertex 37.15573593407869 8.905735934078693 0.6
      vertex 37.1993640306592 8.86619372844696 0
    endloop
  endfacet
  facet normal -0.8032075268220934 -0.5956993107737627 0
    outer loop
      vertex 37.11619372844696 8.949364030659199 0.6
      vertex 37.08111823529005 8.996657857596874 0.6
      vertex 37.11619372844696 8.949364030659199 0
    endloop
  endfacet
  facet normal -0.9891765018328641 -0.1467305292762822 0
    outer loop
      vertex 36.99152883321047 9.21294580578804 0.6
      vertex 36.982889162302016 9.271189713776112 0.6
      vertex 36.99152883321047 9.21294580578804 0
    endloop
  endfacet
  facet normal -0.9987954564582731 -0.04906766917543716 0
    outer loop
      vertex 36.982889162302016 9.271189713776112 0.6
      vertex 36.97999999850988 9.33 0.6
      vertex 36.982889162302016 9.271189713776112 0
    endloop
  endfacet
  facet normal -0.9987954564582731 0.04906766917543716 0
    outer loop
      vertex 36.97999999850988 9.33 0.6
      vertex 36.982889162302016 9.388810286223888 0.6
      vertex 36.97999999850988 9.33 0
    endloop
  endfacet
  facet normal -0.9891765018328641 0.1467305292762822 0
    outer loop
      vertex 36.982889162302016 9.388810286223888 0.6
      vertex 36.99152883321047 9.44705419421196 0.6
      vertex 36.982889162302016 9.388810286223888 0
    endloop
  endfacet
  facet normal -0.9700312701054483 0.24298011239113992 0
    outer loop
      vertex 36.99152883321047 9.44705419421196 0.6
      vertex 37.00583579570055 9.504170807003975 0.6
      vertex 36.99152883321047 9.44705419421196 0
    endloop
  endfacet
  facet normal -0.9415440524880385 0.33688988887231636 0
    outer loop
      vertex 37.00583579570055 9.504170807003975 0.6
      vertex 37.02567228108644 9.559610063135624 0.6
      vertex 37.00583579570055 9.504170807003975 0
    endloop
  endfacet
  facet normal -0.9039892749353476 0.42755513188577743 0
    outer loop
      vertex 37.02567228108644 9.559610063135624 0.6
      vertex 37.050847241580485 9.61283803910017 0.6
      vertex 37.02567228108644 9.559610063135624 0
    endloop
  endfacet
  facet normal -0.8577286164896021 0.5141027333664285 0
    outer loop
      vertex 37.050847241580485 9.61283803910017 0.6
      vertex 37.08111823529005 9.663342142403126 0.6
      vertex 37.050847241580485 9.61283803910017 0
    endloop
  endfacet
  facet normal -0.8032075268220934 0.5956993107737627 0
    outer loop
      vertex 37.08111823529005 9.663342142403126 0.6
      vertex 37.11619372844696 9.710635969340801 0.6
      vertex 37.08111823529005 9.663342142403126 0
    endloop
  endfacet
  facet normal -0.7409510931887576 0.671558990336951 0
    outer loop
      vertex 37.11619372844696 9.710635969340801 0.6
      vertex 37.15573593407869 9.754264065921307 0.6
      vertex 37.11619372844696 9.710635969340801 0
    endloop
  endfacet
  facet normal -0.671558990336951 0.7409510931887576 0
    outer loop
      vertex 37.15573593407869 9.754264065921307 0.6
      vertex 37.1993640306592 9.79380627155304 0.6
      vertex 37.15573593407869 9.754264065921307 0
    endloop
  endfacet
  facet normal 0.1467305292762822 -0.9891765018328641 0
    outer loop
      vertex 37.63881028622389 8.732889162302017 0.6
      vertex 37.69705419421196 8.741528833210468 0
      vertex 37.69705419421196 8.741528833210468 0.6
    endloop
  endfacet
  facet normal 0.24298011239113992 -0.9700312701054483 0
    outer loop
      vertex 37.69705419421196 8.741528833210468 0.6
      vertex 37.75417080700397 8.75583579570055 0
      vertex 37.75417080700397 8.75583579570055 0.6
    endloop
  endfacet
  facet normal 0.33688988887231636 -0.9415440524880385 0
    outer loop
      vertex 37.75417080700397 8.75583579570055 0.6
      vertex 37.80961006313562 8.775672281086445 0
      vertex 37.80961006313562 8.775672281086445 0.6
    endloop
  endfacet
  facet normal 0.42755513188577743 -0.9039892749353476 0
    outer loop
      vertex 37.80961006313562 8.775672281086445 0.6
      vertex 37.86283803910017 8.800847241580486 0
      vertex 37.86283803910017 8.800847241580486 0.6
    endloop
  endfacet
  facet normal 0.5141027333664285 -0.8577286164896021 0
    outer loop
      vertex 37.86283803910017 8.800847241580486 0.6
      vertex 37.913342142403124 8.83111823529005 0
      vertex 37.913342142403124 8.83111823529005 0.6
    endloop
  endfacet
  facet normal 0.5956993107737627 -0.8032075268220934 0
    outer loop
      vertex 37.913342142403124 8.83111823529005 0.6
      vertex 37.9606359693408 8.86619372844696 0
      vertex 37.9606359693408 8.86619372844696 0.6
    endloop
  endfacet
  facet normal 0.671558990336951 -0.7409510931887576 0
    outer loop
      vertex 37.9606359693408 8.86619372844696 0.6
      vertex 38.004264065921305 8.905735934078693 0
      vertex 38.004264065921305 8.905735934078693 0.6
    endloop
  endfacet
  facet normal 0.7409510931887576 -0.671558990336951 0
    outer loop
      vertex 38.004264065921305 8.905735934078693 0.6
      vertex 38.04380627155304 8.949364030659199 0
      vertex 38.04380627155304 8.949364030659199 0.6
    endloop
  endfacet
  facet normal 0.8032075268220934 -0.5956993107737627 0
    outer loop
      vertex 38.04380627155304 8.949364030659199 0.6
      vertex 38.07888176470995 8.996657857596874 0
      vertex 38.07888176470995 8.996657857596874 0.6
    endloop
  endfacet
  facet normal 0.8577286164896021 -0.5141027333664285 0
    outer loop
      vertex 38.07888176470995 8.996657857596874 0.6
      vertex 38.10915275841951 9.04716196089983 0
      vertex 38.10915275841951 9.04716196089983 0.6
    endloop
  endfacet
  facet normal 0.9039892749353476 -0.42755513188577743 0
    outer loop
      vertex 38.10915275841951 9.04716196089983 0.6
      vertex 38.13432771891355 9.100389936864376 0
      vertex 38.13432771891355 9.100389936864376 0.6
    endloop
  endfacet
  facet normal 0.9415440524880385 -0.33688988887231636 0
    outer loop
      vertex 38.13432771891355 9.100389936864376 0.6
      vertex 38.15416420429945 9.155829192996025 0
      vertex 38.15416420429945 9.155829192996025 0.6
    endloop
  endfacet
  facet normal 0.9700312701054483 -0.24298011239113992 0
    outer loop
      vertex 38.15416420429945 9.155829192996025 0.6
      vertex 38.16847116678953 9.21294580578804 0
      vertex 38.16847116678953 9.21294580578804 0.6
    endloop
  endfacet
  facet normal 0.9891765018328641 -0.1467305292762822 0
    outer loop
      vertex 38.16847116678953 9.21294580578804 0.6
      vertex 38.17711083769798 9.271189713776112 0
      vertex 38.17711083769798 9.271189713776112 0.6
    endloop
  endfacet
  facet normal 0.9987954564582731 -0.04906766917543716 0
    outer loop
      vertex 38.17711083769798 9.271189713776112 0.6
      vertex 38.180000001490114 9.33 0
      vertex 38.180000001490114 9.33 0.6
    endloop
  endfacet
  facet normal 0.9987954564582731 0.04906766917543716 0
    outer loop
      vertex 38.180000001490114 9.33 0.6
      vertex 38.17711083769798 9.388810286223888 0
      vertex 38.17711083769798 9.388810286223888 0.6
    endloop
  endfacet
  facet normal 0.9891765018328641 0.1467305292762822 0
    outer loop
      vertex 38.17711083769798 9.388810286223888 0.6
      vertex 38.16847116678953 9.44705419421196 0
      vertex 38.16847116678953 9.44705419421196 0.6
    endloop
  endfacet
  facet normal 0.9700312701054483 0.24298011239113992 0
    outer loop
      vertex 38.16847116678953 9.44705419421196 0.6
      vertex 38.15416420429945 9.504170807003975 0
      vertex 38.15416420429945 9.504170807003975 0.6
    endloop
  endfacet
  facet normal 0.9415440524880385 0.33688988887231636 0
    outer loop
      vertex 38.15416420429945 9.504170807003975 0.6
      vertex 38.13432771891355 9.559610063135624 0
      vertex 38.13432771891355 9.559610063135624 0.6
    endloop
  endfacet
  facet normal 0.9039892749353476 0.42755513188577743 0
    outer loop
      vertex 38.10915275841951 9.61283803910017 0.6
      vertex 38.13432771891355 9.559610063135624 0.6
      vertex 38.10915275841951 9.61283803910017 0
    endloop
  endfacet
  facet normal 0.8577286164896021 0.5141027333664285 0
    outer loop
      vertex 38.10915275841951 9.61283803910017 0.6
      vertex 38.07888176470995 9.663342142403126 0
      vertex 38.07888176470995 9.663342142403126 0.6
    endloop
  endfacet
  facet normal 0.8032075268220934 0.5956993107737627 0
    outer loop
      vertex 38.07888176470995 9.663342142403126 0.6
      vertex 38.04380627155304 9.710635969340801 0
      vertex 38.04380627155304 9.710635969340801 0.6
    endloop
  endfacet
  facet normal 0.7409510931887576 0.671558990336951 0
    outer loop
      vertex 38.004264065921305 9.754264065921307 0.6
      vertex 38.04380627155304 9.710635969340801 0.6
      vertex 38.004264065921305 9.754264065921307 0
    endloop
  endfacet
  facet normal -0.5390537048868779 -0.8422713952448646 0
    outer loop
      vertex 39.05283388674259 8.387386316359043 0.6
      vertex 39.64196743994951 8.010340833961964 0
      vertex 39.64196743994951 8.010340833961964 0.6
    endloop
  endfacet
  facet normal -0.8577285888030848 0.5141027795585905 0
    outer loop
      vertex 39.05283388674259 8.387386316359043 0.6
      vertex 39.12336221516132 8.505055712461472 0.6
      vertex 39.05283388674259 8.387386316359043 0
    endloop
  endfacet
  facet normal -0.9039892946109568 0.42755509028519917 0
    outer loop
      vertex 39.12336221516132 8.505055712461472 0.6
      vertex 39.196789184510706 8.660303996801376 0.6
      vertex 39.12336221516132 8.505055712461472 0
    endloop
  endfacet
  facet normal 0.8577285894830616 -0.5141027784241178 0
    outer loop
      vertex 39.64196743994951 8.010340833961964 0.6
      vertex 39.74070710122585 8.175077991485596 0
      vertex 39.74070710122585 8.175077991485596 0.6
    endloop
  endfacet
  facet normal 0.9039893005347766 -0.42755507776033397 0
    outer loop
      vertex 39.74070710122585 8.175077991485596 0.6
      vertex 39.84350485533476 8.392425591051579 0
      vertex 39.84350485533476 8.392425591051579 0.6
    endloop
  endfacet
  facet normal 0.9415440698547024 -0.3368898403357443 0
    outer loop
      vertex 39.84350485533476 8.392425591051579 0.6
      vertex 39.92450381994247 8.618802541792393 0
      vertex 39.92450381994247 8.618802541792393 0.6
    endloop
  endfacet
  facet normal -0.539053697330172 -0.8422714000811564 0
    outer loop
      vertex 40.06277712613344 7.741022640764713 0.6
      vertex 40.65191067934036 7.3639771658182145 0
      vertex 40.65191067934036 7.3639771658182145 0.6
    endloop
  endfacet
  facet normal -0.8577286027614085 0.5141027562705357 0
    outer loop
      vertex 40.06277712613344 7.741022640764713 0.6
      vertex 40.18166773200035 7.939379626810551 0.6
      vertex 40.06277712613344 7.741022640764713 0
    endloop
  endfacet
  facet normal 0.8577286005408924 -0.5141027599752428 0
    outer loop
      vertex 40.65191067934036 7.3639771658182145 0.6
      vertex 40.79901261806488 7.6094019132852555 0
      vertex 40.79901261806488 7.6094019132852555 0.6
    endloop
  endfacet
  facet normal 0.9039892959209109 -0.42755508751553384 0
    outer loop
      vertex 40.79901261806488 7.6094019132852555 0.6
      vertex 40.95216029316187 7.933205472230911 0
      vertex 40.95216029316187 7.933205472230911 0.6
    endloop
  endfacet
  facet normal -0.9039892960166089 0.4275550873131972 0
    outer loop
      vertex 40.18166773200035 7.939379626810551 0.6
      vertex 40.305444622337816 8.20108387798071 0.6
      vertex 40.18166773200035 7.939379626810551 0
    endloop
  endfacet
  facet normal -0.9415440671982408 0.3368898477600572 0
    outer loop
      vertex 40.305444622337816 8.20108387798071 0.6
      vertex 40.40297398895025 8.473660202622414 0.6
      vertex 40.305444622337816 8.20108387798071 0
    endloop
  endfacet
  facet normal -0.9700312546892906 0.24298017393590077 0
    outer loop
      vertex 40.40297398895025 8.473660202622414 0.6
      vertex 40.4733165743947 8.754483552575111 0.6
      vertex 40.40297398895025 8.473660202622414 0
    endloop
  endfacet
  facet normal 0.941544061784377 -0.3368898628907928 0
    outer loop
      vertex 40.95216029316187 7.933205472230911 0.6
      vertex 41.07283222854137 8.270460927784443 0
      vertex 41.07283222854137 8.270460927784443 0.6
    endloop
  endfacet
  facet normal 0.9700312543774001 -0.24298017518103762 0
    outer loop
      vertex 41.07283222854137 8.270460927784443 0.6
      vertex 41.159866275191305 8.617920325994492 0
      vertex 41.159866275191305 8.617920325994492 0.6
    endloop
  endfacet
  facet normal -0.941544068447896 0.33688984426750546 0
    outer loop
      vertex 39.196789184510706 8.660303996801376 0.6
      vertex 39.25464558780193 8.822001816630364 0.6
      vertex 39.196789184510706 8.660303996801376 0
    endloop
  endfacet
  facet normal -0.9700312517823311 0.24298018554113393 0
    outer loop
      vertex 39.25464558780193 8.822001816630364 0.6
      vertex 39.29637424081564 8.98859193354845 0.6
      vertex 39.25464558780193 8.822001816630364 0
    endloop
  endfacet
  facet normal -0.989176508616824 0.14673048354254967 0
    outer loop
      vertex 39.29637424081564 8.98859193354845 0.6
      vertex 39.32157327413559 9.158470006585121 0.6
      vertex 39.29637424081564 8.98859193354845 0
    endloop
  endfacet
  facet normal 0.9700312539777707 -0.24298017677644732 0
    outer loop
      vertex 39.92450381994247 8.618802541792393 0.6
      vertex 39.98292393416166 8.852028714418411 0
      vertex 39.98292393416166 8.852028714418411 0.6
    endloop
  endfacet
  facet normal 0.9891765066498005 -0.14673049680314343 0
    outer loop
      vertex 39.98292393416166 8.852028714418411 0.6
      vertex 40.01820258229971 9.089858004748821 0
      vertex 40.01820258229971 9.089858004748821 0.6
    endloop
  endfacet
  facet normal -0.9987954568766596 0.04906766065897884 0
    outer loop
      vertex 39.32157327413559 9.158470006585121 0.6
      vertex 39.33 9.33 0.6
      vertex 39.32157327413559 9.158470006585121 0
    endloop
  endfacet
  facet normal -0.9987954568766596 -0.04906766065897884 0
    outer loop
      vertex 39.33 9.33 0.6
      vertex 39.32157327413559 9.501529993414879 0.6
      vertex 39.33 9.33 0
    endloop
  endfacet
  facet normal -0.989176508616824 -0.14673048354254967 0
    outer loop
      vertex 39.32157327413559 9.501529993414879 0.6
      vertex 39.29637424081564 9.67140806645155 0.6
      vertex 39.32157327413559 9.501529993414879 0
    endloop
  endfacet
  facet normal -0.9700312517823311 -0.24298018554113393 0
    outer loop
      vertex 39.29637424081564 9.67140806645155 0.6
      vertex 39.25464558780193 9.837998183369637 0.6
      vertex 39.29637424081564 9.67140806645155 0
    endloop
  endfacet
  facet normal 0.9987954560102078 -0.049067678296011434 0
    outer loop
      vertex 40.01820258229971 9.089858004748821 0.6
      vertex 40.03000000298023 9.33 0
      vertex 40.03000000298023 9.33 0.6
    endloop
  endfacet
  facet normal 0.9987954560102078 0.049067678296011434 0
    outer loop
      vertex 40.03000000298023 9.33 0.6
      vertex 40.01820258229971 9.570141995251179 0
      vertex 40.01820258229971 9.570141995251179 0.6
    endloop
  endfacet
  facet normal 0.9891765066498005 0.14673049680314343 0
    outer loop
      vertex 40.01820258229971 9.570141995251179 0.6
      vertex 39.98292393416166 9.807971285581589 0
      vertex 39.98292393416166 9.807971285581589 0.6
    endloop
  endfacet
  facet normal -0.9891765090385507 0.14673048069949882 0
    outer loop
      vertex 40.4733165743947 8.754483552575111 0.6
      vertex 40.51579494208097 9.040849434137344 0.6
      vertex 40.4733165743947 8.754483552575111 0
    endloop
  endfacet
  facet normal -0.9987954554451792 0.04906768979743145 0
    outer loop
      vertex 40.51579494208097 9.040849434137344 0.6
      vertex 40.53000000298023 9.33 0.6
      vertex 40.51579494208097 9.040849434137344 0
    endloop
  endfacet
  facet normal 0.9891765115520188 -0.14673046375507337 0
    outer loop
      vertex 41.159866275191305 8.617920325994492 0.6
      vertex 41.21242425024509 8.972237439751625 0
      vertex 41.21242425024509 8.972237439751625 0.6
    endloop
  endfacet
  facet normal -0.9987954554451792 -0.04906768979743145 0
    outer loop
      vertex 40.53000000298023 9.33 0.6
      vertex 40.51579494208097 9.619150565862656 0.6
      vertex 40.53000000298023 9.33 0
    endloop
  endfacet
  facet normal -0.9891765090385507 -0.14673048069949882 0
    outer loop
      vertex 40.51579494208097 9.619150565862656 0.6
      vertex 40.4733165743947 9.905516447424889 0.6
      vertex 40.51579494208097 9.619150565862656 0
    endloop
  endfacet
  facet normal 0.9987954561074371 -0.04906767631686453 0
    outer loop
      vertex 41.21242425024509 8.972237439751625 0.6
      vertex 41.22999999850988 9.33 0
      vertex 41.22999999850988 9.33 0.6
    endloop
  endfacet
  facet normal 0.9987954561074371 0.04906767631686453 0
    outer loop
      vertex 41.22999999850988 9.33 0.6
      vertex 41.21242425024509 9.687762560248375 0
      vertex 41.21242425024509 9.687762560248375 0.6
    endloop
  endfacet
  facet normal -0.5956993107737627 0.8032075268220934 0
    outer loop
      vertex 37.1993640306592 9.79380627155304 0.6
      vertex 37.24665785759687 9.82888176470995 0.6
      vertex 37.1993640306592 9.79380627155304 0
    endloop
  endfacet
  facet normal -0.5141027333664285 0.8577286164896021 0
    outer loop
      vertex 37.24665785759687 9.82888176470995 0.6
      vertex 37.29716196089983 9.859152758419514 0.6
      vertex 37.24665785759687 9.82888176470995 0
    endloop
  endfacet
  facet normal -0.42755513188577743 0.9039892749353476 0
    outer loop
      vertex 37.29716196089983 9.859152758419514 0.6
      vertex 37.350389936864374 9.884327718913555 0.6
      vertex 37.29716196089983 9.859152758419514 0
    endloop
  endfacet
  facet normal -0.33688988887231636 0.9415440524880385 0
    outer loop
      vertex 37.350389936864374 9.884327718913555 0.6
      vertex 37.40582919299602 9.90416420429945 0.6
      vertex 37.350389936864374 9.884327718913555 0
    endloop
  endfacet
  facet normal -0.24298011239113992 0.9700312701054483 0
    outer loop
      vertex 37.40582919299602 9.90416420429945 0.6
      vertex 37.46294580578804 9.918471166789532 0.6
      vertex 37.40582919299602 9.90416420429945 0
    endloop
  endfacet
  facet normal -0.1467305292762822 0.9891765018328641 0
    outer loop
      vertex 37.46294580578804 9.918471166789532 0.6
      vertex 37.52118971377611 9.927110837697983 0.6
      vertex 37.46294580578804 9.918471166789532 0
    endloop
  endfacet
  facet normal -0.04906766917543716 0.9987954564582731 0
    outer loop
      vertex 37.52118971377611 9.927110837697983 0.6
      vertex 37.58 9.930000001490116 0.6
      vertex 37.52118971377611 9.927110837697983 0
    endloop
  endfacet
  facet normal 0.04906766917543716 0.9987954564582731 0
    outer loop
      vertex 37.58 9.930000001490116 0.6
      vertex 37.63881028622389 9.927110837697983 0.6
      vertex 37.58 9.930000001490116 0
    endloop
  endfacet
  facet normal 0.1467305292762822 0.9891765018328641 0
    outer loop
      vertex 37.63881028622389 9.927110837697983 0.6
      vertex 37.69705419421196 9.918471166789532 0.6
      vertex 37.63881028622389 9.927110837697983 0
    endloop
  endfacet
  facet normal 0.24298011239113992 0.9700312701054483 0
    outer loop
      vertex 37.69705419421196 9.918471166789532 0.6
      vertex 37.75417080700397 9.90416420429945 0.6
      vertex 37.69705419421196 9.918471166789532 0
    endloop
  endfacet
  facet normal 0.33688988887231636 0.9415440524880385 0
    outer loop
      vertex 37.80961006313562 9.884327718913555 0.6
      vertex 37.75417080700397 9.90416420429945 0
      vertex 37.75417080700397 9.90416420429945 0.6
    endloop
  endfacet
  facet normal 0.5141027333664285 0.8577286164896021 0
    outer loop
      vertex 37.913342142403124 9.82888176470995 0.6
      vertex 37.86283803910017 9.859152758419514 0
      vertex 37.86283803910017 9.859152758419514 0.6
    endloop
  endfacet
  facet normal 0.5956993107737627 0.8032075268220934 0
    outer loop
      vertex 37.9606359693408 9.79380627155304 0.6
      vertex 37.913342142403124 9.82888176470995 0
      vertex 37.913342142403124 9.82888176470995 0.6
    endloop
  endfacet
  facet normal 0.42755513188577743 0.9039892749353476 0
    outer loop
      vertex 37.80961006313562 9.884327718913555 0.6
      vertex 37.86283803910017 9.859152758419514 0.6
      vertex 37.80961006313562 9.884327718913555 0
    endloop
  endfacet
  facet normal 0.671558990336951 0.7409510931887576 0
    outer loop
      vertex 38.004264065921305 9.754264065921307 0.6
      vertex 37.9606359693408 9.79380627155304 0
      vertex 37.9606359693408 9.79380627155304 0.6
    endloop
  endfacet
  facet normal -0.941544068447896 -0.33688984426750546 0
    outer loop
      vertex 39.25464558780193 9.837998183369637 0.6
      vertex 39.196789184510706 9.999696003198624 0.6
      vertex 39.25464558780193 9.837998183369637 0
    endloop
  endfacet
  facet normal -0.9039892946109568 -0.42755509028519917 0
    outer loop
      vertex 39.196789184510706 9.999696003198624 0.6
      vertex 39.12336221516132 10.154944287538529 0.6
      vertex 39.196789184510706 9.999696003198624 0
    endloop
  endfacet
  facet normal -0.8577285888030848 -0.5141027795585905 0
    outer loop
      vertex 39.12336221516132 10.154944287538529 0.6
      vertex 39.05283388674259 10.272613683640957 0.6
      vertex 39.12336221516132 10.154944287538529 0
    endloop
  endfacet
  facet normal 0.9700312539777707 0.24298017677644732 0
    outer loop
      vertex 39.98292393416166 9.807971285581589 0.6
      vertex 39.92450381994247 10.041197458207607 0
      vertex 39.92450381994247 10.041197458207607 0.6
    endloop
  endfacet
  facet normal 0.9415440698547024 0.3368898403357443 0
    outer loop
      vertex 39.92450381994247 10.041197458207607 0.6
      vertex 39.84350485533476 10.267574408948422 0
      vertex 39.84350485533476 10.267574408948422 0.6
    endloop
  endfacet
  facet normal -0.5390537048868779 0.8422713952448646 0
    outer loop
      vertex 39.05283388674259 10.272613683640957 0.6
      vertex 39.64196743994951 10.649659166038036 0.6
      vertex 39.05283388674259 10.272613683640957 0
    endloop
  endfacet
  facet normal 0.8577285894830616 0.5141027784241178 0
    outer loop
      vertex 39.74070710122585 10.484922008514404 0.6
      vertex 39.64196743994951 10.649659166038036 0
      vertex 39.64196743994951 10.649659166038036 0.6
    endloop
  endfacet
  facet normal 0.9039893005347766 0.42755507776033397 0
    outer loop
      vertex 39.84350485533476 10.267574408948422 0.6
      vertex 39.74070710122585 10.484922008514404 0
      vertex 39.74070710122585 10.484922008514404 0.6
    endloop
  endfacet
  facet normal -0.9700312546892906 -0.24298017393590077 0
    outer loop
      vertex 40.4733165743947 9.905516447424889 0.6
      vertex 40.40297398895025 10.186339797377586 0.6
      vertex 40.4733165743947 9.905516447424889 0
    endloop
  endfacet
  facet normal -0.9415440671982408 -0.3368898477600572 0
    outer loop
      vertex 40.40297398895025 10.186339797377586 0.6
      vertex 40.305444622337816 10.458916122019291 0.6
      vertex 40.40297398895025 10.186339797377586 0
    endloop
  endfacet
  facet normal 0.9891765115520188 0.14673046375507337 0
    outer loop
      vertex 41.21242425024509 9.687762560248375 0.6
      vertex 41.159866275191305 10.042079674005508 0
      vertex 41.159866275191305 10.042079674005508 0.6
    endloop
  endfacet
  facet normal 0.9700312543774001 0.24298017518103762 0
    outer loop
      vertex 41.159866275191305 10.042079674005508 0.6
      vertex 41.07283222854137 10.389539072215557 0
      vertex 41.07283222854137 10.389539072215557 0.6
    endloop
  endfacet
  facet normal -0.9039892960166089 -0.4275550873131972 0
    outer loop
      vertex 40.305444622337816 10.458916122019291 0.6
      vertex 40.18166773200035 10.72062037318945 0.6
      vertex 40.305444622337816 10.458916122019291 0
    endloop
  endfacet
  facet normal -0.8577286027614085 -0.5141027562705357 0
    outer loop
      vertex 40.18166773200035 10.72062037318945 0.6
      vertex 40.06277712613344 10.918977359235287 0.6
      vertex 40.18166773200035 10.72062037318945 0
    endloop
  endfacet
  facet normal 0.941544061784377 0.3368898628907928 0
    outer loop
      vertex 41.07283222854137 10.389539072215557 0.6
      vertex 40.95216029316187 10.726794527769089 0
      vertex 40.95216029316187 10.726794527769089 0.6
    endloop
  endfacet
  facet normal 0.9039892959209109 0.42755508751553384 0
    outer loop
      vertex 40.95216029316187 10.726794527769089 0.6
      vertex 40.79901261806488 11.050598086714745 0
      vertex 40.79901261806488 11.050598086714745 0.6
    endloop
  endfacet
  facet normal -0.539053697330172 0.8422714000811564 0
    outer loop
      vertex 40.06277712613344 10.918977359235287 0.6
      vertex 40.65191067934036 11.296022834181786 0.6
      vertex 40.06277712613344 10.918977359235287 0
    endloop
  endfacet
  facet normal 0.8577286005408924 0.5141027599752428 0
    outer loop
      vertex 40.79901261806488 11.050598086714745 0.6
      vertex 40.65191067934036 11.296022834181786 0
      vertex 40.65191067934036 11.296022834181786 0.6
    endloop
  endfacet
  facet normal 0 0 1
    outer loop
      vertex 34.36098738193512 7.6094019132852555 0.6
      vertex 34.508089320659636 7.3639771658182145 0.6
      vertex 34.97833226799965 7.939379626810551 0.6
    endloop
  endfacet
  facet normal 0 0 1
    outer loop
      vertex 34.36098738193512 7.6094019132852555 0.6
      vertex 34.85455537766218 8.20108387798071 0.6
      vertex 34.20783970683813 7.933205472230911 0.6
    endloop
  endfacet
  facet normal 0 0 1
    outer loop
      vertex 34.508089320659636 7.3639771658182145 0.6
      vertex 35.097222873866556 7.741022640764713 0.6
      vertex 34.97833226799965 7.939379626810551 0.6
    endloop
  endfacet
  facet normal 0 0 1
    outer loop
      vertex 34.36098738193512 7.6094019132852555 0.6
      vertex 34.97833226799965 7.939379626810551 0.6
      vertex 34.85455537766218 8.20108387798071 0.6
    endloop
  endfacet
  facet normal 0 0 1
    outer loop
      vertex 34.087167771458624 8.270460927784443 0.6
      vertex 34.20783970683813 7.933205472230911 0.6
      vertex 34.757026011049746 8.473660202622414 0.6
    endloop
  endfacet
  facet normal 0 0 1
    outer loop
      vertex 34.20783970683813 7.933205472230911 0.6
      vertex 34.85455537766218 8.20108387798071 0.6
      vertex 34.757026011049746 8.473660202622414 0.6
    endloop
  endfacet
  facet normal 0 0 1
    outer loop
      vertex 34.087167771458624 8.270460927784443 0.6
      vertex 34.686683425605295 8.754483552575111 0.6
      vertex 34.00013372480869 8.617920325994492 0.6
    endloop
  endfacet
  facet normal 0 0 1
    outer loop
      vertex 34.087167771458624 8.270460927784443 0.6
      vertex 34.757026011049746 8.473660202622414 0.6
      vertex 34.686683425605295 8.754483552575111 0.6
    endloop
  endfacet
  facet normal 0 0 1
    outer loop
      vertex 35.518032560050486 8.010340833961964 0.6
      vertex 36.036637784838675 8.505055712461472 0.6
      vertex 35.419292898774145 8.175077991485596 0.6
    endloop
  endfacet
  facet normal 0 0 1
    outer loop
      vertex 35.419292898774145 8.175077991485596 0.6
      vertex 36.036637784838675 8.505055712461472 0.6
      vertex 35.31649514466524 8.392425591051579 0.6
    endloop
  endfacet
  facet normal 0 0 1
    outer loop
      vertex 35.31649514466524 8.392425591051579 0.6
      vertex 35.96321081548929 8.660303996801376 0.6
      vertex 35.235496180057524 8.618802541792393 0.6
    endloop
  endfacet
  facet normal 0 0 1
    outer loop
      vertex 35.518032560050486 8.010340833961964 0.6
      vertex 36.107166113257406 8.387386316359043 0.6
      vertex 36.036637784838675 8.505055712461472 0.6
    endloop
  endfacet
  facet normal 0 0 1
    outer loop
      vertex 35.31649514466524 8.392425591051579 0.6
      vertex 36.036637784838675 8.505055712461472 0.6
      vertex 35.96321081548929 8.660303996801376 0.6
    endloop
  endfacet
  facet normal 0 0 1
    outer loop
      vertex 34.00013372480869 8.617920325994492 0.6
      vertex 34.686683425605295 8.754483552575111 0.6
      vertex 34.644205057919024 9.040849434137344 0.6
    endloop
  endfacet
  facet normal 0 0 1
    outer loop
      vertex 34.00013372480869 8.617920325994492 0.6
      vertex 34.644205057919024 9.040849434137344 0.6
      vertex 33.947575749754904 8.972237439751625 0.6
    endloop
  endfacet
  facet normal 0 0 1
    outer loop
      vertex 33.947575749754904 8.972237439751625 0.6
      vertex 34.644205057919024 9.040849434137344 0.6
      vertex 34.629999997019766 9.33 0.6
    endloop
  endfacet
  facet normal 0 0 1
    outer loop
      vertex 33.947575749754904 8.972237439751625 0.6
      vertex 34.629999997019766 9.33 0.6
      vertex 33.930000001490114 9.33 0.6
    endloop
  endfacet
  facet normal 0 0 1
    outer loop
      vertex 33.930000001490114 9.33 0.6
      vertex 34.629999997019766 9.33 0.6
      vertex 33.947575749754904 9.687762560248375 0.6
    endloop
  endfacet
  facet normal 0 0 1
    outer loop
      vertex 33.947575749754904 9.687762560248375 0.6
      vertex 34.629999997019766 9.33 0.6
      vertex 34.644205057919024 9.619150565862656 0.6
    endloop
  endfacet
  facet normal 0 0 1
    outer loop
      vertex 35.235496180057524 8.618802541792393 0.6
      vertex 35.905354412198065 8.822001816630364 0.6
      vertex 35.177076065838335 8.852028714418411 0.6
    endloop
  endfacet
  facet normal 0 0 1
    outer loop
      vertex 35.235496180057524 8.618802541792393 0.6
      vertex 35.96321081548929 8.660303996801376 0.6
      vertex 35.905354412198065 8.822001816630364 0.6
    endloop
  endfacet
  facet normal 0 0 1
    outer loop
      vertex 35.177076065838335 8.852028714418411 0.6
      vertex 35.86362575918436 8.98859193354845 0.6
      vertex 35.14179741770029 9.089858004748821 0.6
    endloop
  endfacet
  facet normal 0 0 1
    outer loop
      vertex 35.177076065838335 8.852028714418411 0.6
      vertex 35.905354412198065 8.822001816630364 0.6
      vertex 35.86362575918436 8.98859193354845 0.6
    endloop
  endfacet
  facet normal 0 0 1
    outer loop
      vertex 35.14179741770029 9.089858004748821 0.6
      vertex 35.86362575918436 8.98859193354845 0.6
      vertex 35.83842672586441 9.158470006585121 0.6
    endloop
  endfacet
  facet normal 0 0 1
    outer loop
      vertex 35.14179741770029 9.089858004748821 0.6
      vertex 35.83842672586441 9.158470006585121 0.6
      vertex 35.129999997019766 9.33 0.6
    endloop
  endfacet
  facet normal 0 0 1
    outer loop
      vertex 35.129999997019766 9.33 0.6
      vertex 35.83842672586441 9.501529993414879 0.6
      vertex 35.14179741770029 9.570141995251179 0.6
    endloop
  endfacet
  facet normal 0 0 1
    outer loop
      vertex 35.129999997019766 9.33 0.6
      vertex 35.83842672586441 9.158470006585121 0.6
      vertex 35.83 9.33 0.6
    endloop
  endfacet
  facet normal 0 0 1
    outer loop
      vertex 35.129999997019766 9.33 0.6
      vertex 35.83 9.33 0.6
      vertex 35.83842672586441 9.501529993414879 0.6
    endloop
  endfacet
  facet normal 0 0 1
    outer loop
      vertex 35.14179741770029 9.570141995251179 0.6
      vertex 35.86362575918436 9.67140806645155 0.6
      vertex 35.177076065838335 9.807971285581589 0.6
    endloop
  endfacet
  facet normal 0 0 1
    outer loop
      vertex 35.14179741770029 9.570141995251179 0.6
      vertex 35.83842672586441 9.501529993414879 0.6
      vertex 35.86362575918436 9.67140806645155 0.6
    endloop
  endfacet
  facet normal 0 0 1
    outer loop
      vertex 35.86362575918436 9.67140806645155 0.6
      vertex 35.905354412198065 9.837998183369637 0.6
      vertex 35.177076065838335 9.807971285581589 0.6
    endloop
  endfacet
  facet normal 0 0 1
    outer loop
      vertex 33.947575749754904 9.687762560248375 0.6
      vertex 34.644205057919024 9.619150565862656 0.6
      vertex 34.00013372480869 10.042079674005508 0.6
    endloop
  endfacet
  facet normal 0 0 1
    outer loop
      vertex 34.644205057919024 9.619150565862656 0.6
      vertex 34.686683425605295 9.905516447424889 0.6
      vertex 34.00013372480869 10.042079674005508 0.6
    endloop
  endfacet
  facet normal 0 0 1
    outer loop
      vertex 34.00013372480869 10.042079674005508 0.6
      vertex 34.686683425605295 9.905516447424889 0.6
      vertex 34.087167771458624 10.389539072215557 0.6
    endloop
  endfacet
  facet normal 0 0 1
    outer loop
      vertex 34.087167771458624 10.389539072215557 0.6
      vertex 34.686683425605295 9.905516447424889 0.6
      vertex 34.757026011049746 10.186339797377586 0.6
    endloop
  endfacet
  facet normal 0 0 1
    outer loop
      vertex 34.087167771458624 10.389539072215557 0.6
      vertex 34.757026011049746 10.186339797377586 0.6
      vertex 34.20783970683813 10.726794527769089 0.6
    endloop
  endfacet
  facet normal 0 0 1
    outer loop
      vertex 34.757026011049746 10.186339797377586 0.6
      vertex 34.85455537766218 10.458916122019291 0.6
      vertex 34.20783970683813 10.726794527769089 0.6
    endloop
  endfacet
  facet normal 0 0 1
    outer loop
      vertex 34.20783970683813 10.726794527769089 0.6
      vertex 34.85455537766218 10.458916122019291 0.6
      vertex 34.36098738193512 11.050598086714745 0.6
    endloop
  endfacet
  facet normal 0 0 1
    outer loop
      vertex 34.85455537766218 10.458916122019291 0.6
      vertex 34.97833226799965 10.72062037318945 0.6
      vertex 34.36098738193512 11.050598086714745 0.6
    endloop
  endfacet
  facet normal 0 0 1
    outer loop
      vertex 34.97833226799965 10.72062037318945 0.6
      vertex 35.097222873866556 10.918977359235287 0.6
      vertex 34.508089320659636 11.296022834181786 0.6
    endloop
  endfacet
  facet normal 0 0 1
    outer loop
      vertex 35.177076065838335 9.807971285581589 0.6
      vertex 35.905354412198065 9.837998183369637 0.6
      vertex 35.235496180057524 10.041197458207607 0.6
    endloop
  endfacet
  facet normal 0 0 1
    outer loop
      vertex 35.235496180057524 10.041197458207607 0.6
      vertex 35.905354412198065 9.837998183369637 0.6
      vertex 35.96321081548929 9.999696003198624 0.6
    endloop
  endfacet
  facet normal 0 0 1
    outer loop
      vertex 35.235496180057524 10.041197458207607 0.6
      vertex 35.96321081548929 9.999696003198624 0.6
      vertex 35.31649514466524 10.267574408948422 0.6
    endloop
  endfacet
  facet normal 0 0 1
    outer loop
      vertex 35.31649514466524 10.267574408948422 0.6
      vertex 36.036637784838675 10.154944287538529 0.6
      vertex 35.419292898774145 10.484922008514404 0.6
    endloop
  endfacet
  facet normal 0 0 1
    outer loop
      vertex 35.31649514466524 10.267574408948422 0.6
      vertex 35.96321081548929 9.999696003198624 0.6
      vertex 36.036637784838675 10.154944287538529 0.6
    endloop
  endfacet
  facet normal 0 0 1
    outer loop
      vertex 36.036637784838675 10.154944287538529 0.6
      vertex 36.107166113257406 10.272613683640957 0.6
      vertex 35.518032560050486 10.649659166038036 0.6
    endloop
  endfacet
  facet normal 0 0 1
    outer loop
      vertex 36.036637784838675 10.154944287538529 0.6
      vertex 35.518032560050486 10.649659166038036 0.6
      vertex 35.419292898774145 10.484922008514404 0.6
    endloop
  endfacet
  facet normal 0 0 1
    outer loop
      vertex 34.97833226799965 10.72062037318945 0.6
      vertex 34.508089320659636 11.296022834181786 0.6
      vertex 34.36098738193512 11.050598086714745 0.6
    endloop
  endfacet
  facet normal 0 0 1
    outer loop
      vertex 37.46294580578804 8.741528833210468 0.6
      vertex 37.52118971377611 8.732889162302017 0.6
      vertex 38.004264065921305 8.905735934078693 0.6
    endloop
  endfacet
  facet normal 0 0 1
    outer loop
      vertex 37.350389936864374 8.775672281086445 0.6
      vertex 38.16847116678953 9.44705419421196 0.6
      vertex 37.29716196089983 8.800847241580486 0.6
    endloop
  endfacet
  facet normal 0 0 1
    outer loop
      vertex 37.350389936864374 8.775672281086445 0.6
      vertex 37.40582919299602 8.75583579570055 0.6
      vertex 38.16847116678953 9.44705419421196 0.6
    endloop
  endfacet
  facet normal 0 0 1
    outer loop
      vertex 37.1993640306592 8.86619372844696 0.6
      vertex 38.16847116678953 9.44705419421196 0.6
      vertex 37.15573593407869 8.905735934078693 0.6
    endloop
  endfacet
  facet normal 0 0 1
    outer loop
      vertex 37.050847241580485 9.04716196089983 0.6
      vertex 37.08111823529005 8.996657857596874 0.6
      vertex 38.16847116678953 9.44705419421196 0.6
    endloop
  endfacet
  facet normal 0 0 1
    outer loop
      vertex 37.15573593407869 8.905735934078693 0.6
      vertex 38.16847116678953 9.44705419421196 0.6
      vertex 37.11619372844696 8.949364030659199 0.6
    endloop
  endfacet
  facet normal 0 0 1
    outer loop
      vertex 37.11619372844696 8.949364030659199 0.6
      vertex 38.16847116678953 9.44705419421196 0.6
      vertex 37.08111823529005 8.996657857596874 0.6
    endloop
  endfacet
  facet normal 0 0 1
    outer loop
      vertex 37.1993640306592 8.86619372844696 0.6
      vertex 37.24665785759687 8.83111823529005 0.6
      vertex 38.16847116678953 9.44705419421196 0.6
    endloop
  endfacet
  facet normal 0 0 1
    outer loop
      vertex 37.24665785759687 8.83111823529005 0.6
      vertex 37.29716196089983 8.800847241580486 0.6
      vertex 38.16847116678953 9.44705419421196 0.6
    endloop
  endfacet
  facet normal 0 0 1
    outer loop
      vertex 37.050847241580485 9.04716196089983 0.6
      vertex 38.16847116678953 9.44705419421196 0.6
      vertex 37.02567228108644 9.100389936864376 0.6
    endloop
  endfacet
  facet normal 0 0 1
    outer loop
      vertex 37.02567228108644 9.100389936864376 0.6
      vertex 38.16847116678953 9.44705419421196 0.6
      vertex 37.00583579570055 9.155829192996025 0.6
    endloop
  endfacet
  facet normal 0 0 1
    outer loop
      vertex 37.00583579570055 9.155829192996025 0.6
      vertex 38.16847116678953 9.44705419421196 0.6
      vertex 36.99152883321047 9.21294580578804 0.6
    endloop
  endfacet
  facet normal 0 0 1
    outer loop
      vertex 36.99152883321047 9.21294580578804 0.6
      vertex 38.16847116678953 9.44705419421196 0.6
      vertex 36.982889162302016 9.271189713776112 0.6
    endloop
  endfacet
  facet normal 0 0 1
    outer loop
      vertex 36.982889162302016 9.271189713776112 0.6
      vertex 38.16847116678953 9.44705419421196 0.6
      vertex 36.97999999850988 9.33 0.6
    endloop
  endfacet
  facet normal 0 0 1
    outer loop
      vertex 36.97999999850988 9.33 0.6
      vertex 38.16847116678953 9.44705419421196 0.6
      vertex 36.982889162302016 9.388810286223888 0.6
    endloop
  endfacet
  facet normal 0 0 1
    outer loop
      vertex 36.982889162302016 9.388810286223888 0.6
      vertex 38.16847116678953 9.44705419421196 0.6
      vertex 36.99152883321047 9.44705419421196 0.6
    endloop
  endfacet
  facet normal 0 0 1
    outer loop
      vertex 36.99152883321047 9.44705419421196 0.6
      vertex 38.16847116678953 9.44705419421196 0.6
      vertex 37.00583579570055 9.504170807003975 0.6
    endloop
  endfacet
  facet normal 0 0 1
    outer loop
      vertex 37.00583579570055 9.504170807003975 0.6
      vertex 38.16847116678953 9.44705419421196 0.6
      vertex 37.02567228108644 9.559610063135624 0.6
    endloop
  endfacet
  facet normal 0 0 1
    outer loop
      vertex 37.02567228108644 9.559610063135624 0.6
      vertex 38.16847116678953 9.44705419421196 0.6
      vertex 37.050847241580485 9.61283803910017 0.6
    endloop
  endfacet
  facet normal 0 0 1
    outer loop
      vertex 37.050847241580485 9.61283803910017 0.6
      vertex 38.10915275841951 9.61283803910017 0.6
      vertex 37.08111823529005 9.663342142403126 0.6
    endloop
  endfacet
  facet normal 0 0 1
    outer loop
      vertex 37.08111823529005 9.663342142403126 0.6
      vertex 38.10915275841951 9.61283803910017 0.6
      vertex 37.11619372844696 9.710635969340801 0.6
    endloop
  endfacet
  facet normal 0 0 1
    outer loop
      vertex 37.11619372844696 9.710635969340801 0.6
      vertex 38.10915275841951 9.61283803910017 0.6
      vertex 37.15573593407869 9.754264065921307 0.6
    endloop
  endfacet
  facet normal 0 0 1
    outer loop
      vertex 37.15573593407869 9.754264065921307 0.6
      vertex 38.004264065921305 9.754264065921307 0.6
      vertex 37.1993640306592 9.79380627155304 0.6
    endloop
  endfacet
  facet normal 0 0 1
    outer loop
      vertex 37.52118971377611 8.732889162302017 0.6
      vertex 37.58 8.729999998509884 0.6
      vertex 38.004264065921305 8.905735934078693 0.6
    endloop
  endfacet
  facet normal 0 0 1
    outer loop
      vertex 37.58 8.729999998509884 0.6
      vertex 37.63881028622389 8.732889162302017 0.6
      vertex 38.004264065921305 8.905735934078693 0.6
    endloop
  endfacet
  facet normal 0 0 1
    outer loop
      vertex 37.69705419421196 8.741528833210468 0.6
      vertex 37.75417080700397 8.75583579570055 0.6
      vertex 37.80961006313562 8.775672281086445 0.6
    endloop
  endfacet
  facet normal 0 0 1
    outer loop
      vertex 37.63881028622389 8.732889162302017 0.6
      vertex 37.69705419421196 8.741528833210468 0.6
      vertex 38.004264065921305 8.905735934078693 0.6
    endloop
  endfacet
  facet normal 0 0 1
    outer loop
      vertex 37.69705419421196 8.741528833210468 0.6
      vertex 37.80961006313562 8.775672281086445 0.6
      vertex 37.86283803910017 8.800847241580486 0.6
    endloop
  endfacet
  facet normal 0 0 1
    outer loop
      vertex 37.69705419421196 8.741528833210468 0.6
      vertex 37.86283803910017 8.800847241580486 0.6
      vertex 37.913342142403124 8.83111823529005 0.6
    endloop
  endfacet
  facet normal 0 0 1
    outer loop
      vertex 37.69705419421196 8.741528833210468 0.6
      vertex 37.913342142403124 8.83111823529005 0.6
      vertex 37.9606359693408 8.86619372844696 0.6
    endloop
  endfacet
  facet normal 0 0 1
    outer loop
      vertex 37.46294580578804 8.741528833210468 0.6
      vertex 38.004264065921305 8.905735934078693 0.6
      vertex 38.04380627155304 8.949364030659199 0.6
    endloop
  endfacet
  facet normal 0 0 1
    outer loop
      vertex 37.69705419421196 8.741528833210468 0.6
      vertex 37.9606359693408 8.86619372844696 0.6
      vertex 38.004264065921305 8.905735934078693 0.6
    endloop
  endfacet
  facet normal 0 0 1
    outer loop
      vertex 37.40582919299602 8.75583579570055 0.6
      vertex 37.46294580578804 8.741528833210468 0.6
      vertex 38.16847116678953 9.44705419421196 0.6
    endloop
  endfacet
  facet normal 0 0 1
    outer loop
      vertex 37.46294580578804 8.741528833210468 0.6
      vertex 38.04380627155304 8.949364030659199 0.6
      vertex 38.07888176470995 8.996657857596874 0.6
    endloop
  endfacet
  facet normal 0 0 1
    outer loop
      vertex 37.46294580578804 8.741528833210468 0.6
      vertex 38.07888176470995 8.996657857596874 0.6
      vertex 38.10915275841951 9.04716196089983 0.6
    endloop
  endfacet
  facet normal 0 0 1
    outer loop
      vertex 37.46294580578804 8.741528833210468 0.6
      vertex 38.10915275841951 9.04716196089983 0.6
      vertex 38.13432771891355 9.100389936864376 0.6
    endloop
  endfacet
  facet normal 0 0 1
    outer loop
      vertex 37.46294580578804 8.741528833210468 0.6
      vertex 38.13432771891355 9.100389936864376 0.6
      vertex 38.15416420429945 9.155829192996025 0.6
    endloop
  endfacet
  facet normal 0 0 1
    outer loop
      vertex 37.46294580578804 8.741528833210468 0.6
      vertex 38.15416420429945 9.155829192996025 0.6
      vertex 38.16847116678953 9.21294580578804 0.6
    endloop
  endfacet
  facet normal 0 0 1
    outer loop
      vertex 37.46294580578804 8.741528833210468 0.6
      vertex 38.16847116678953 9.21294580578804 0.6
      vertex 38.17711083769798 9.271189713776112 0.6
    endloop
  endfacet
  facet normal 0 0 1
    outer loop
      vertex 37.46294580578804 8.741528833210468 0.6
      vertex 38.17711083769798 9.271189713776112 0.6
      vertex 38.180000001490114 9.33 0.6
    endloop
  endfacet
  facet normal 0 0 1
    outer loop
      vertex 37.46294580578804 8.741528833210468 0.6
      vertex 38.180000001490114 9.33 0.6
      vertex 38.17711083769798 9.388810286223888 0.6
    endloop
  endfacet
  facet normal 0 0 1
    outer loop
      vertex 37.46294580578804 8.741528833210468 0.6
      vertex 38.17711083769798 9.388810286223888 0.6
      vertex 38.16847116678953 9.44705419421196 0.6
    endloop
  endfacet
  facet normal 0 0 1
    outer loop
      vertex 37.050847241580485 9.61283803910017 0.6
      vertex 38.16847116678953 9.44705419421196 0.6
      vertex 38.15416420429945 9.504170807003975 0.6
    endloop
  endfacet
  facet normal 0 0 1
    outer loop
      vertex 37.050847241580485 9.61283803910017 0.6
      vertex 38.15416420429945 9.504170807003975 0.6
      vertex 38.13432771891355 9.559610063135624 0.6
    endloop
  endfacet
  facet normal 0 0 1
    outer loop
      vertex 37.050847241580485 9.61283803910017 0.6
      vertex 38.13432771891355 9.559610063135624 0.6
      vertex 38.10915275841951 9.61283803910017 0.6
    endloop
  endfacet
  facet normal 0 0 1
    outer loop
      vertex 37.15573593407869 9.754264065921307 0.6
      vertex 38.10915275841951 9.61283803910017 0.6
      vertex 38.07888176470995 9.663342142403126 0.6
    endloop
  endfacet
  facet normal 0 0 1
    outer loop
      vertex 37.15573593407869 9.754264065921307 0.6
      vertex 38.04380627155304 9.710635969340801 0.6
      vertex 38.004264065921305 9.754264065921307 0.6
    endloop
  endfacet
  facet normal 0 0 1
    outer loop
      vertex 37.15573593407869 9.754264065921307 0.6
      vertex 38.07888176470995 9.663342142403126 0.6
      vertex 38.04380627155304 9.710635969340801 0.6
    endloop
  endfacet
  facet normal 0 0 1
    outer loop
      vertex 39.05283388674259 8.387386316359043 0.6
      vertex 39.64196743994951 8.010340833961964 0.6
      vertex 39.12336221516132 8.505055712461472 0.6
    endloop
  endfacet
  facet normal 0 0 1
    outer loop
      vertex 39.12336221516132 8.505055712461472 0.6
      vertex 39.84350485533476 8.392425591051579 0.6
      vertex 39.196789184510706 8.660303996801376 0.6
    endloop
  endfacet
  facet normal 0 0 1
    outer loop
      vertex 39.12336221516132 8.505055712461472 0.6
      vertex 39.64196743994951 8.010340833961964 0.6
      vertex 39.74070710122585 8.175077991485596 0.6
    endloop
  endfacet
  facet normal 0 0 1
    outer loop
      vertex 39.12336221516132 8.505055712461472 0.6
      vertex 39.74070710122585 8.175077991485596 0.6
      vertex 39.84350485533476 8.392425591051579 0.6
    endloop
  endfacet
  facet normal 0 0 1
    outer loop
      vertex 39.84350485533476 8.392425591051579 0.6
      vertex 39.92450381994247 8.618802541792393 0.6
      vertex 39.196789184510706 8.660303996801376 0.6
    endloop
  endfacet
  facet normal 0 0 1
    outer loop
      vertex 40.18166773200035 7.939379626810551 0.6
      vertex 40.65191067934036 7.3639771658182145 0.6
      vertex 40.79901261806488 7.6094019132852555 0.6
    endloop
  endfacet
  facet normal 0 0 1
    outer loop
      vertex 40.06277712613344 7.741022640764713 0.6
      vertex 40.65191067934036 7.3639771658182145 0.6
      vertex 40.18166773200035 7.939379626810551 0.6
    endloop
  endfacet
  facet normal 0 0 1
    outer loop
      vertex 40.18166773200035 7.939379626810551 0.6
      vertex 40.79901261806488 7.6094019132852555 0.6
      vertex 40.305444622337816 8.20108387798071 0.6
    endloop
  endfacet
  facet normal 0 0 1
    outer loop
      vertex 40.79901261806488 7.6094019132852555 0.6
      vertex 40.95216029316187 7.933205472230911 0.6
      vertex 40.305444622337816 8.20108387798071 0.6
    endloop
  endfacet
  facet normal 0 0 1
    outer loop
      vertex 40.95216029316187 7.933205472230911 0.6
      vertex 40.40297398895025 8.473660202622414 0.6
      vertex 40.305444622337816 8.20108387798071 0.6
    endloop
  endfacet
  facet normal 0 0 1
    outer loop
      vertex 40.95216029316187 7.933205472230911 0.6
      vertex 41.07283222854137 8.270460927784443 0.6
      vertex 40.40297398895025 8.473660202622414 0.6
    endloop
  endfacet
  facet normal 0 0 1
    outer loop
      vertex 40.40297398895025 8.473660202622414 0.6
      vertex 41.07283222854137 8.270460927784443 0.6
      vertex 40.4733165743947 8.754483552575111 0.6
    endloop
  endfacet
  facet normal 0 0 1
    outer loop
      vertex 41.07283222854137 8.270460927784443 0.6
      vertex 41.159866275191305 8.617920325994492 0.6
      vertex 40.4733165743947 8.754483552575111 0.6
    endloop
  endfacet
  facet normal 0 0 1
    outer loop
      vertex 39.196789184510706 8.660303996801376 0.6
      vertex 39.92450381994247 8.618802541792393 0.6
      vertex 39.25464558780193 8.822001816630364 0.6
    endloop
  endfacet
  facet normal 0 0 1
    outer loop
      vertex 39.25464558780193 8.822001816630364 0.6
      vertex 39.92450381994247 8.618802541792393 0.6
      vertex 39.98292393416166 8.852028714418411 0.6
    endloop
  endfacet
  facet normal 0 0 1
    outer loop
      vertex 39.25464558780193 8.822001816630364 0.6
      vertex 39.98292393416166 8.852028714418411 0.6
      vertex 39.29637424081564 8.98859193354845 0.6
    endloop
  endfacet
  facet normal 0 0 1
    outer loop
      vertex 39.29637424081564 8.98859193354845 0.6
      vertex 40.01820258229971 9.089858004748821 0.6
      vertex 39.32157327413559 9.158470006585121 0.6
    endloop
  endfacet
  facet normal 0 0 1
    outer loop
      vertex 39.29637424081564 8.98859193354845 0.6
      vertex 39.98292393416166 8.852028714418411 0.6
      vertex 40.01820258229971 9.089858004748821 0.6
    endloop
  endfacet
  facet normal 0 0 1
    outer loop
      vertex 39.32157327413559 9.158470006585121 0.6
      vertex 40.03000000298023 9.33 0.6
      vertex 39.33 9.33 0.6
    endloop
  endfacet
  facet normal 0 0 1
    outer loop
      vertex 39.33 9.33 0.6
      vertex 40.03000000298023 9.33 0.6
      vertex 39.32157327413559 9.501529993414879 0.6
    endloop
  endfacet
  facet normal 0 0 1
    outer loop
      vertex 39.32157327413559 9.158470006585121 0.6
      vertex 40.01820258229971 9.089858004748821 0.6
      vertex 40.03000000298023 9.33 0.6
    endloop
  endfacet
  facet normal 0 0 1
    outer loop
      vertex 39.32157327413559 9.501529993414879 0.6
      vertex 40.03000000298023 9.33 0.6
      vertex 40.01820258229971 9.570141995251179 0.6
    endloop
  endfacet
  facet normal 0 0 1
    outer loop
      vertex 39.32157327413559 9.501529993414879 0.6
      vertex 40.01820258229971 9.570141995251179 0.6
      vertex 39.29637424081564 9.67140806645155 0.6
    endloop
  endfacet
  facet normal 0 0 1
    outer loop
      vertex 39.29637424081564 9.67140806645155 0.6
      vertex 39.98292393416166 9.807971285581589 0.6
      vertex 39.25464558780193 9.837998183369637 0.6
    endloop
  endfacet
  facet normal 0 0 1
    outer loop
      vertex 39.29637424081564 9.67140806645155 0.6
      vertex 40.01820258229971 9.570141995251179 0.6
      vertex 39.98292393416166 9.807971285581589 0.6
    endloop
  endfacet
  facet normal 0 0 1
    outer loop
      vertex 40.4733165743947 8.754483552575111 0.6
      vertex 41.159866275191305 8.617920325994492 0.6
      vertex 40.51579494208097 9.040849434137344 0.6
    endloop
  endfacet
  facet normal 0 0 1
    outer loop
      vertex 40.51579494208097 9.040849434137344 0.6
      vertex 41.21242425024509 8.972237439751625 0.6
      vertex 40.53000000298023 9.33 0.6
    endloop
  endfacet
  facet normal 0 0 1
    outer loop
      vertex 40.51579494208097 9.040849434137344 0.6
      vertex 41.159866275191305 8.617920325994492 0.6
      vertex 41.21242425024509 8.972237439751625 0.6
    endloop
  endfacet
  facet normal 0 0 1
    outer loop
      vertex 41.21242425024509 8.972237439751625 0.6
      vertex 41.22999999850988 9.33 0.6
      vertex 40.53000000298023 9.33 0.6
    endloop
  endfacet
  facet normal 0 0 1
    outer loop
      vertex 40.53000000298023 9.33 0.6
      vertex 41.22999999850988 9.33 0.6
      vertex 41.21242425024509 9.687762560248375 0.6
    endloop
  endfacet
  facet normal 0 0 1
    outer loop
      vertex 40.53000000298023 9.33 0.6
      vertex 41.21242425024509 9.687762560248375 0.6
      vertex 40.51579494208097 9.619150565862656 0.6
    endloop
  endfacet
  facet normal 0 0 1
    outer loop
      vertex 38.004264065921305 9.754264065921307 0.6
      vertex 37.24665785759687 9.82888176470995 0.6
      vertex 37.1993640306592 9.79380627155304 0.6
    endloop
  endfacet
  facet normal 0 0 1
    outer loop
      vertex 37.24665785759687 9.82888176470995 0.6
      vertex 37.913342142403124 9.82888176470995 0.6
      vertex 37.29716196089983 9.859152758419514 0.6
    endloop
  endfacet
  facet normal 0 0 1
    outer loop
      vertex 37.29716196089983 9.859152758419514 0.6
      vertex 37.913342142403124 9.82888176470995 0.6
      vertex 37.350389936864374 9.884327718913555 0.6
    endloop
  endfacet
  facet normal 0 0 1
    outer loop
      vertex 37.350389936864374 9.884327718913555 0.6
      vertex 37.80961006313562 9.884327718913555 0.6
      vertex 37.40582919299602 9.90416420429945 0.6
    endloop
  endfacet
  facet normal 0 0 1
    outer loop
      vertex 37.40582919299602 9.90416420429945 0.6
      vertex 37.80961006313562 9.884327718913555 0.6
      vertex 37.46294580578804 9.918471166789532 0.6
    endloop
  endfacet
  facet normal 0 0 1
    outer loop
      vertex 37.46294580578804 9.918471166789532 0.6
      vertex 37.69705419421196 9.918471166789532 0.6
      vertex 37.52118971377611 9.927110837697983 0.6
    endloop
  endfacet
  facet normal 0 0 1
    outer loop
      vertex 37.52118971377611 9.927110837697983 0.6
      vertex 37.69705419421196 9.918471166789532 0.6
      vertex 37.58 9.930000001490116 0.6
    endloop
  endfacet
  facet normal 0 0 1
    outer loop
      vertex 37.46294580578804 9.918471166789532 0.6
      vertex 37.75417080700397 9.90416420429945 0.6
      vertex 37.69705419421196 9.918471166789532 0.6
    endloop
  endfacet
  facet normal 0 0 1
    outer loop
      vertex 37.58 9.930000001490116 0.6
      vertex 37.69705419421196 9.918471166789532 0.6
      vertex 37.63881028622389 9.927110837697983 0.6
    endloop
  endfacet
  facet normal 0 0 1
    outer loop
      vertex 38.004264065921305 9.754264065921307 0.6
      vertex 37.9606359693408 9.79380627155304 0.6
      vertex 37.24665785759687 9.82888176470995 0.6
    endloop
  endfacet
  facet normal 0 0 1
    outer loop
      vertex 37.24665785759687 9.82888176470995 0.6
      vertex 37.9606359693408 9.79380627155304 0.6
      vertex 37.913342142403124 9.82888176470995 0.6
    endloop
  endfacet
  facet normal 0 0 1
    outer loop
      vertex 37.350389936864374 9.884327718913555 0.6
      vertex 37.86283803910017 9.859152758419514 0.6
      vertex 37.80961006313562 9.884327718913555 0.6
    endloop
  endfacet
  facet normal 0 0 1
    outer loop
      vertex 37.350389936864374 9.884327718913555 0.6
      vertex 37.913342142403124 9.82888176470995 0.6
      vertex 37.86283803910017 9.859152758419514 0.6
    endloop
  endfacet
  facet normal 0 0 1
    outer loop
      vertex 37.46294580578804 9.918471166789532 0.6
      vertex 37.80961006313562 9.884327718913555 0.6
      vertex 37.75417080700397 9.90416420429945 0.6
    endloop
  endfacet
  facet normal 0 0 1
    outer loop
      vertex 39.196789184510706 9.999696003198624 0.6
      vertex 39.84350485533476 10.267574408948422 0.6
      vertex 39.12336221516132 10.154944287538529 0.6
    endloop
  endfacet
  facet normal 0 0 1
    outer loop
      vertex 39.12336221516132 10.154944287538529 0.6
      vertex 39.64196743994951 10.649659166038036 0.6
      vertex 39.05283388674259 10.272613683640957 0.6
    endloop
  endfacet
  facet normal 0 0 1
    outer loop
      vertex 39.25464558780193 9.837998183369637 0.6
      vertex 39.98292393416166 9.807971285581589 0.6
      vertex 39.92450381994247 10.041197458207607 0.6
    endloop
  endfacet
  facet normal 0 0 1
    outer loop
      vertex 39.25464558780193 9.837998183369637 0.6
      vertex 39.92450381994247 10.041197458207607 0.6
      vertex 39.196789184510706 9.999696003198624 0.6
    endloop
  endfacet
  facet normal 0 0 1
    outer loop
      vertex 39.196789184510706 9.999696003198624 0.6
      vertex 39.92450381994247 10.041197458207607 0.6
      vertex 39.84350485533476 10.267574408948422 0.6
    endloop
  endfacet
  facet normal 0 0 1
    outer loop
      vertex 39.12336221516132 10.154944287538529 0.6
      vertex 39.84350485533476 10.267574408948422 0.6
      vertex 39.74070710122585 10.484922008514404 0.6
    endloop
  endfacet
  facet normal 0 0 1
    outer loop
      vertex 39.12336221516132 10.154944287538529 0.6
      vertex 39.74070710122585 10.484922008514404 0.6
      vertex 39.64196743994951 10.649659166038036 0.6
    endloop
  endfacet
  facet normal 0 0 1
    outer loop
      vertex 40.51579494208097 9.619150565862656 0.6
      vertex 41.159866275191305 10.042079674005508 0.6
      vertex 40.4733165743947 9.905516447424889 0.6
    endloop
  endfacet
  facet normal 0 0 1
    outer loop
      vertex 40.51579494208097 9.619150565862656 0.6
      vertex 41.21242425024509 9.687762560248375 0.6
      vertex 41.159866275191305 10.042079674005508 0.6
    endloop
  endfacet
  facet normal 0 0 1
    outer loop
      vertex 40.4733165743947 9.905516447424889 0.6
      vertex 41.07283222854137 10.389539072215557 0.6
      vertex 40.40297398895025 10.186339797377586 0.6
    endloop
  endfacet
  facet normal 0 0 1
    outer loop
      vertex 40.4733165743947 9.905516447424889 0.6
      vertex 41.159866275191305 10.042079674005508 0.6
      vertex 41.07283222854137 10.389539072215557 0.6
    endloop
  endfacet
  facet normal 0 0 1
    outer loop
      vertex 40.40297398895025 10.186339797377586 0.6
      vertex 40.95216029316187 10.726794527769089 0.6
      vertex 40.305444622337816 10.458916122019291 0.6
    endloop
  endfacet
  facet normal 0 0 1
    outer loop
      vertex 40.18166773200035 10.72062037318945 0.6
      vertex 40.65191067934036 11.296022834181786 0.6
      vertex 40.06277712613344 10.918977359235287 0.6
    endloop
  endfacet
  facet normal 0 0 1
    outer loop
      vertex 40.305444622337816 10.458916122019291 0.6
      vertex 40.79901261806488 11.050598086714745 0.6
      vertex 40.18166773200035 10.72062037318945 0.6
    endloop
  endfacet
  facet normal 0 0 1
    outer loop
      vertex 40.40297398895025 10.186339797377586 0.6
      vertex 41.07283222854137 10.389539072215557 0.6
      vertex 40.95216029316187 10.726794527769089 0.6
    endloop
  endfacet
  facet normal 0 0 1
    outer loop
      vertex 40.305444622337816 10.458916122019291 0.6
      vertex 40.95216029316187 10.726794527769089 0.6
      vertex 40.79901261806488 11.050598086714745 0.6
    endloop
  endfacet
  facet normal 0 0 1
    outer loop
      vertex 40.18166773200035 10.72062037318945 0.6
      vertex 40.79901261806488 11.050598086714745 0.6
      vertex 40.65191067934036 11.296022834181786 0.6
    endloop
  endfacet
  facet normal -0.8577286005408924 -0.5141027599752428 0
    outer loop
      vertex 3.685987381935119 22.999401913285254 0.6
      vertex 3.685987381935119 22.999401913285254 0
      vertex 3.833089320659637 22.753977165818213 0
    endloop
  endfacet
  facet normal 0.539053697330172 -0.8422714000811564 0
    outer loop
      vertex 3.833089320659637 22.753977165818213 0.6
      vertex 3.833089320659637 22.753977165818213 0
      vertex 4.422222873866557 23.131022640764712 0
    endloop
  endfacet
  facet normal -0.9039892959209109 -0.42755508751553384 0
    outer loop
      vertex 3.5328397068381303 23.32320547223091 0.6
      vertex 3.5328397068381303 23.32320547223091 0
      vertex 3.685987381935119 22.999401913285254 0
    endloop
  endfacet
  facet normal -0.941544061784377 -0.3368898628907928 0
    outer loop
      vertex 3.412167771458625 23.66046092778444 0.6
      vertex 3.412167771458625 23.66046092778444 0
      vertex 3.5328397068381303 23.32320547223091 0
    endloop
  endfacet
  facet normal 0.8577286027614085 0.5141027562705357 0
    outer loop
      vertex 4.422222873866557 23.131022640764712 0.6
      vertex 4.422222873866557 23.131022640764712 0
      vertex 4.303332267999648 23.32937962681055 0
    endloop
  endfacet
  facet normal 0.9039892960166089 0.4275550873131972 0
    outer loop
      vertex 4.303332267999648 23.32937962681055 0.6
      vertex 4.303332267999648 23.32937962681055 0
      vertex 4.179555377662181 23.591083877980708 0
    endloop
  endfacet
  facet normal -0.9700312543774001 -0.24298017518103762 0
    outer loop
      vertex 3.3251337248086923 24.00792032599449 0.6
      vertex 3.3251337248086923 24.00792032599449 0
      vertex 3.412167771458625 23.66046092778444 0
    endloop
  endfacet
  facet normal -0.9891765115520188 -0.14673046375507337 0
    outer loop
      vertex 3.272575749754905 24.362237439751624 0.6
      vertex 3.272575749754905 24.362237439751624 0
      vertex 3.3251337248086923 24.00792032599449 0
    endloop
  endfacet
  facet normal 0.9700312546892906 0.24298017393590077 0
    outer loop
      vertex 4.082026011049747 23.863660202622412 0.6
      vertex 4.082026011049747 23.863660202622412 0
      vertex 4.0116834256052964 24.14448355257511 0
    endloop
  endfacet
  facet normal 0.9415440671982408 0.3368898477600572 0
    outer loop
      vertex 4.179555377662181 23.591083877980708 0.6
      vertex 4.179555377662181 23.591083877980708 0
      vertex 4.082026011049747 23.863660202622412 0
    endloop
  endfacet
  facet normal 0.9891765090385507 0.14673048069949882 0
    outer loop
      vertex 4.0116834256052964 24.14448355257511 0.6
      vertex 4.0116834256052964 24.14448355257511 0
      vertex 3.969205057919025 24.430849434137343 0
    endloop
  endfacet
  facet normal -0.8577285894830616 -0.5141027784241178 0
    outer loop
      vertex 4.744292898774146 23.565077991485595 0.6
      vertex 4.744292898774146 23.565077991485595 0
      vertex 4.843032560050487 23.400340833961963 0
    endloop
  endfacet
  facet normal 0.5390537048868779 -0.8422713952448646 0
    outer loop
      vertex 4.843032560050487 23.400340833961963 0.6
      vertex 4.843032560050487 23.400340833961963 0
      vertex 5.4321661132574075 23.777386316359042 0
    endloop
  endfacet
  facet normal -0.9039893005347766 -0.42755507776033397 0
    outer loop
      vertex 4.641495144665241 23.782425591051577 0.6
      vertex 4.641495144665241 23.782425591051577 0
      vertex 4.744292898774146 23.565077991485595 0
    endloop
  endfacet
  facet normal -0.9415440698547024 -0.3368898403357443 0
    outer loop
      vertex 4.560496180057525 24.00880254179239 0.6
      vertex 4.560496180057525 24.00880254179239 0
      vertex 4.641495144665241 23.782425591051577 0
    endloop
  endfacet
  facet normal -0.9700312539777707 -0.24298017677644732 0
    outer loop
      vertex 4.502076065838336 24.24202871441841 0.6
      vertex 4.502076065838336 24.24202871441841 0
      vertex 4.560496180057525 24.00880254179239 0
    endloop
  endfacet
  facet normal 0.8577285888030848 0.5141027795585905 0
    outer loop
      vertex 5.4321661132574075 23.777386316359042 0.6
      vertex 5.4321661132574075 23.777386316359042 0
      vertex 5.361637784838676 23.89505571246147 0
    endloop
  endfacet
  facet normal 0.9039892946109568 0.42755509028519917 0
    outer loop
      vertex 5.361637784838676 23.89505571246147 0.6
      vertex 5.361637784838676 23.89505571246147 0
      vertex 5.2882108154892915 24.050303996801375 0
    endloop
  endfacet
  facet normal 0.941544068447896 0.33688984426750546 0
    outer loop
      vertex 5.2882108154892915 24.050303996801375 0.6
      vertex 5.2882108154892915 24.050303996801375 0
      vertex 5.230354412198066 24.212001816630362 0
    endloop
  endfacet
  facet normal 0.9700312517823311 0.24298018554113393 0
    outer loop
      vertex 5.230354412198066 24.212001816630362 0.6
      vertex 5.230354412198066 24.212001816630362 0
      vertex 5.18862575918436 24.37859193354845 0
    endloop
  endfacet
  facet normal -0.42755513188577743 -0.9039892749353476 0
    outer loop
      vertex 6.622161960899829 24.190847241580485 0.6
      vertex 6.622161960899829 24.190847241580485 0
      vertex 6.675389936864375 24.165672281086444 0
    endloop
  endfacet
  facet normal -0.5141027333664285 -0.8577286164896021 0
    outer loop
      vertex 6.571657857596874 24.22111823529005 0.6
      vertex 6.571657857596874 24.22111823529005 0
      vertex 6.622161960899829 24.190847241580485 0
    endloop
  endfacet
  facet normal -0.5956993107737627 -0.8032075268220934 0
    outer loop
      vertex 6.524364030659198 24.25619372844696 0.6
      vertex 6.524364030659198 24.25619372844696 0
      vertex 6.571657857596874 24.22111823529005 0
    endloop
  endfacet
  facet normal -0.33688988887231636 -0.9415440524880385 0
    outer loop
      vertex 6.675389936864375 24.165672281086444 0.6
      vertex 6.675389936864375 24.165672281086444 0
      vertex 6.7308291929960244 24.14583579570055 0
    endloop
  endfacet
  facet normal -0.24298011239113992 -0.9700312701054483 0
    outer loop
      vertex 6.7308291929960244 24.14583579570055 0.6
      vertex 6.7308291929960244 24.14583579570055 0
      vertex 6.7879458057880395 24.131528833210467 0
    endloop
  endfacet
  facet normal -0.1467305292762822 -0.9891765018328641 0
    outer loop
      vertex 6.7879458057880395 24.131528833210467 0.6
      vertex 6.7879458057880395 24.131528833210467 0
      vertex 6.846189713776111 24.122889162302016 0
    endloop
  endfacet
  facet normal -0.04906766917543716 -0.9987954564582731 0
    outer loop
      vertex 6.846189713776111 24.122889162302016 0.6
      vertex 6.846189713776111 24.122889162302016 0
      vertex 6.904999999999999 24.119999998509883 0
    endloop
  endfacet
  facet normal 0.04906766917543716 -0.9987954564582731 0
    outer loop
      vertex 6.904999999999999 24.119999998509883 0.6
      vertex 6.904999999999999 24.119999998509883 0
      vertex 6.963810286223888 24.122889162302016 0
    endloop
  endfacet
  facet normal 0.1467305292762822 -0.9891765018328641 0
    outer loop
      vertex 6.963810286223888 24.122889162302016 0.6
      vertex 6.963810286223888 24.122889162302016 0
      vertex 7.022054194211959 24.131528833210467 0
    endloop
  endfacet
  facet normal 0.24298011239113992 -0.9700312701054483 0
    outer loop
      vertex 7.022054194211959 24.131528833210467 0.6
      vertex 7.022054194211959 24.131528833210467 0
      vertex 7.079170807003974 24.14583579570055 0
    endloop
  endfacet
  facet normal 0.33688988887231636 -0.9415440524880385 0
    outer loop
      vertex 7.079170807003974 24.14583579570055 0.6
      vertex 7.079170807003974 24.14583579570055 0
      vertex 7.134610063135623 24.165672281086444 0
    endloop
  endfacet
  facet normal 0.42755513188577743 -0.9039892749353476 0
    outer loop
      vertex 7.134610063135623 24.165672281086444 0.6
      vertex 7.134610063135623 24.165672281086444 0
      vertex 7.1878380391001695 24.190847241580485 0
    endloop
  endfacet
  facet normal 0.5141027333664285 -0.8577286164896021 0
    outer loop
      vertex 7.1878380391001695 24.190847241580485 0.6
      vertex 7.1878380391001695 24.190847241580485 0
      vertex 7.238342142403125 24.22111823529005 0
    endloop
  endfacet
  facet normal 0.5956993107737627 -0.8032075268220934 0
    outer loop
      vertex 7.238342142403125 24.22111823529005 0.6
      vertex 7.238342142403125 24.22111823529005 0
      vertex 7.285635969340801 24.25619372844696 0
    endloop
  endfacet
  facet normal 0.671558990336951 -0.7409510931887576 0
    outer loop
      vertex 7.285635969340801 24.25619372844696 0.6
      vertex 7.285635969340801 24.25619372844696 0
      vertex 7.329264065921306 24.295735934078692 0
    endloop
  endfacet
  facet normal -0.9987954561074371 -0.04906767631686453 0
    outer loop
      vertex 3.2550000014901155 24.72 0.6
      vertex 3.2550000014901155 24.72 0
      vertex 3.272575749754905 24.362237439751624 0
    endloop
  endfacet
  facet normal 0.9987954554451792 0.04906768979743145 0
    outer loop
      vertex 3.969205057919025 24.430849434137343 0.6
      vertex 3.969205057919025 24.430849434137343 0
      vertex 3.954999997019767 24.72 0
    endloop
  endfacet
  facet normal 0.9987954554451792 -0.04906768979743145 0
    outer loop
      vertex 3.954999997019767 24.72 0.6
      vertex 3.954999997019767 24.72 0
      vertex 3.969205057919025 25.009150565862655 0
    endloop
  endfacet
  facet normal -0.9987954561074371 0.04906767631686453 0
    outer loop
      vertex 3.272575749754905 25.077762560248374 0.6
      vertex 3.272575749754905 25.077762560248374 0
      vertex 3.2550000014901155 24.72 0
    endloop
  endfacet
  facet normal -0.9891765115520188 0.14673046375507337 0
    outer loop
      vertex 3.3251337248086923 25.432079674005507 0.6
      vertex 3.3251337248086923 25.432079674005507 0
      vertex 3.272575749754905 25.077762560248374 0
    endloop
  endfacet
  facet normal 0.9891765090385507 -0.14673048069949882 0
    outer loop
      vertex 3.969205057919025 25.009150565862655 0.6
      vertex 3.969205057919025 25.009150565862655 0
      vertex 4.0116834256052964 25.295516447424887 0
    endloop
  endfacet
  facet normal 0.9700312546892906 -0.24298017393590077 0
    outer loop
      vertex 4.0116834256052964 25.295516447424887 0.6
      vertex 4.0116834256052964 25.295516447424887 0
      vertex 4.082026011049747 25.576339797377585 0
    endloop
  endfacet
  facet normal -0.9891765066498005 -0.14673049680314343 0
    outer loop
      vertex 4.46679741770029 24.47985800474882 0.6
      vertex 4.46679741770029 24.47985800474882 0
      vertex 4.502076065838336 24.24202871441841 0
    endloop
  endfacet
  facet normal -0.9987954560102078 -0.049067678296011434 0
    outer loop
      vertex 4.454999997019767 24.72 0.6
      vertex 4.454999997019767 24.72 0
      vertex 4.46679741770029 24.47985800474882 0
    endloop
  endfacet
  facet normal 0.989176508616824 0.14673048354254967 0
    outer loop
      vertex 5.18862575918436 24.37859193354845 0.6
      vertex 5.18862575918436 24.37859193354845 0
      vertex 5.16342672586441 24.54847000658512 0
    endloop
  endfacet
  facet normal 0.9987954568766596 0.04906766065897884 0
    outer loop
      vertex 5.16342672586441 24.54847000658512 0.6
      vertex 5.16342672586441 24.54847000658512 0
      vertex 5.154999999999999 24.72 0
    endloop
  endfacet
  facet normal 0.9987954568766596 -0.04906766065897884 0
    outer loop
      vertex 5.154999999999999 24.72 0.6
      vertex 5.154999999999999 24.72 0
      vertex 5.16342672586441 24.891529993414878 0
    endloop
  endfacet
  facet normal -0.9987954560102078 0.049067678296011434 0
    outer loop
      vertex 4.46679741770029 24.960141995251178 0.6
      vertex 4.46679741770029 24.960141995251178 0
      vertex 4.454999997019767 24.72 0
    endloop
  endfacet
  facet normal -0.9891765066498005 0.14673049680314343 0
    outer loop
      vertex 4.502076065838336 25.197971285581588 0.6
      vertex 4.502076065838336 25.197971285581588 0
      vertex 4.46679741770029 24.960141995251178 0
    endloop
  endfacet
  facet normal -0.9700312539777707 0.24298017677644732 0
    outer loop
      vertex 4.560496180057525 25.431197458207606 0.6
      vertex 4.560496180057525 25.431197458207606 0
      vertex 4.502076065838336 25.197971285581588 0
    endloop
  endfacet
  facet normal 0.989176508616824 -0.14673048354254967 0
    outer loop
      vertex 5.16342672586441 24.891529993414878 0.6
      vertex 5.16342672586441 24.891529993414878 0
      vertex 5.18862575918436 25.06140806645155 0
    endloop
  endfacet
  facet normal 0.9700312517823311 -0.24298018554113393 0
    outer loop
      vertex 5.18862575918436 25.06140806645155 0.6
      vertex 5.18862575918436 25.06140806645155 0
      vertex 5.230354412198066 25.227998183369635 0
    endloop
  endfacet
  facet normal 0.941544068447896 -0.33688984426750546 0
    outer loop
      vertex 5.230354412198066 25.227998183369635 0.6
      vertex 5.230354412198066 25.227998183369635 0
      vertex 5.2882108154892915 25.389696003198623 0
    endloop
  endfacet
  facet normal 0.9039892946109568 -0.42755509028519917 0
    outer loop
      vertex 5.2882108154892915 25.389696003198623 0.6
      vertex 5.2882108154892915 25.389696003198623 0
      vertex 5.361637784838676 25.544944287538527 0
    endloop
  endfacet
  facet normal -0.9700312543774001 0.24298017518103762 0
    outer loop
      vertex 3.412167771458625 25.779539072215556 0.6
      vertex 3.412167771458625 25.779539072215556 0
      vertex 3.3251337248086923 25.432079674005507 0
    endloop
  endfacet
  facet normal -0.941544061784377 0.3368898628907928 0
    outer loop
      vertex 3.5328397068381303 26.116794527769088 0.6
      vertex 3.5328397068381303 26.116794527769088 0
      vertex 3.412167771458625 25.779539072215556 0
    endloop
  endfacet
  facet normal 0.9415440671982408 -0.3368898477600572 0
    outer loop
      vertex 4.082026011049747 25.576339797377585 0.6
      vertex 4.082026011049747 25.576339797377585 0
      vertex 4.179555377662181 25.84891612201929 0
    endloop
  endfacet
  facet normal 0.9039892960166089 -0.4275550873131972 0
    outer loop
      vertex 4.179555377662181 25.84891612201929 0.6
      vertex 4.179555377662181 25.84891612201929 0
      vertex 4.303332267999648 26.110620373189448 0
    endloop
  endfacet
  facet normal -0.9039892959209109 0.42755508751553384 0
    outer loop
      vertex 3.685987381935119 26.440598086714743 0.6
      vertex 3.685987381935119 26.440598086714743 0
      vertex 3.5328397068381303 26.116794527769088 0
    endloop
  endfacet
  facet normal -0.8577286005408924 0.5141027599752428 0
    outer loop
      vertex 3.833089320659637 26.686022834181784 0.6
      vertex 3.833089320659637 26.686022834181784 0
      vertex 3.685987381935119 26.440598086714743 0
    endloop
  endfacet
  facet normal 0.8577286027614085 -0.5141027562705357 0
    outer loop
      vertex 4.303332267999648 26.110620373189448 0.6
      vertex 4.303332267999648 26.110620373189448 0
      vertex 4.422222873866557 26.308977359235286 0
    endloop
  endfacet
  facet normal 0.539053697330172 0.8422714000811564 0
    outer loop
      vertex 4.422222873866557 26.308977359235286 0.6
      vertex 4.422222873866557 26.308977359235286 0
      vertex 3.833089320659637 26.686022834181784 0
    endloop
  endfacet
  facet normal -0.9415440698547024 0.3368898403357443 0
    outer loop
      vertex 4.641495144665241 25.65757440894842 0.6
      vertex 4.641495144665241 25.65757440894842 0
      vertex 4.560496180057525 25.431197458207606 0
    endloop
  endfacet
  facet normal -0.9039893005347766 0.42755507776033397 0
    outer loop
      vertex 4.744292898774146 25.874922008514403 0.6
      vertex 4.744292898774146 25.874922008514403 0
      vertex 4.641495144665241 25.65757440894842 0
    endloop
  endfacet
  facet normal -0.8577285894830616 0.5141027784241178 0
    outer loop
      vertex 4.843032560050487 26.039659166038035 0.6
      vertex 4.843032560050487 26.039659166038035 0
      vertex 4.744292898774146 25.874922008514403 0
    endloop
  endfacet
  facet normal 0.8577285888030848 -0.5141027795585905 0
    outer loop
      vertex 5.361637784838676 25.544944287538527 0.6
      vertex 5.361637784838676 25.544944287538527 0
      vertex 5.4321661132574075 25.662613683640956 0
    endloop
  endfacet
  facet normal 0.5390537048868779 0.8422713952448646 0
    outer loop
      vertex 5.4321661132574075 25.662613683640956 0.6
      vertex 5.4321661132574075 25.662613683640956 0
      vertex 4.843032560050487 26.039659166038035 0
    endloop
  endfacet
  facet normal -0.671558990336951 -0.7409510931887576 0
    outer loop
      vertex 6.480735934078693 24.295735934078692 0.6
      vertex 6.480735934078693 24.295735934078692 0
      vertex 6.524364030659198 24.25619372844696 0
    endloop
  endfacet
  facet normal -0.7409510931887576 -0.671558990336951 0
    outer loop
      vertex 6.44119372844696 24.339364030659198 0.6
      vertex 6.44119372844696 24.339364030659198 0
      vertex 6.480735934078693 24.295735934078692 0
    endloop
  endfacet
  facet normal -0.8032075268220934 -0.5956993107737627 0
    outer loop
      vertex 6.40611823529005 24.386657857596873 0.6
      vertex 6.40611823529005 24.386657857596873 0
      vertex 6.44119372844696 24.339364030659198 0
    endloop
  endfacet
  facet normal -0.8577286164896021 -0.5141027333664285 0
    outer loop
      vertex 6.375847241580486 24.43716196089983 0.6
      vertex 6.375847241580486 24.43716196089983 0
      vertex 6.40611823529005 24.386657857596873 0
    endloop
  endfacet
  facet normal -0.9039892749353476 -0.42755513188577743 0
    outer loop
      vertex 6.350672281086444 24.490389936864375 0.6
      vertex 6.350672281086444 24.490389936864375 0
      vertex 6.375847241580486 24.43716196089983 0
    endloop
  endfacet
  facet normal -0.9415440524880385 -0.33688988887231636 0
    outer loop
      vertex 6.330835795700549 24.545829192996024 0.6
      vertex 6.330835795700549 24.545829192996024 0
      vertex 6.350672281086444 24.490389936864375 0
    endloop
  endfacet
  facet normal -0.9700312701054483 -0.24298011239113992 0
    outer loop
      vertex 6.316528833210468 24.60294580578804 0.6
      vertex 6.316528833210468 24.60294580578804 0
      vertex 6.330835795700549 24.545829192996024 0
    endloop
  endfacet
  facet normal -0.9891765018328641 -0.1467305292762822 0
    outer loop
      vertex 6.307889162302017 24.66118971377611 0.6
      vertex 6.307889162302017 24.66118971377611 0
      vertex 6.316528833210468 24.60294580578804 0
    endloop
  endfacet
  facet normal -0.9987954564582731 -0.04906766917543716 0
    outer loop
      vertex 6.304999998509883 24.72 0.6
      vertex 6.304999998509883 24.72 0
      vertex 6.307889162302017 24.66118971377611 0
    endloop
  endfacet
  facet normal -0.9987954564582731 0.04906766917543716 0
    outer loop
      vertex 6.307889162302017 24.778810286223887 0.6
      vertex 6.307889162302017 24.778810286223887 0
      vertex 6.304999998509883 24.72 0
    endloop
  endfacet
  facet normal -0.9891765018328641 0.1467305292762822 0
    outer loop
      vertex 6.316528833210468 24.83705419421196 0.6
      vertex 6.316528833210468 24.83705419421196 0
      vertex 6.307889162302017 24.778810286223887 0
    endloop
  endfacet
  facet normal -0.9700312701054483 0.24298011239113992 0
    outer loop
      vertex 6.330835795700549 24.894170807003974 0.6
      vertex 6.330835795700549 24.894170807003974 0
      vertex 6.316528833210468 24.83705419421196 0
    endloop
  endfacet
  facet normal -0.9415440524880385 0.33688988887231636 0
    outer loop
      vertex 6.350672281086444 24.949610063135623 0.6
      vertex 6.350672281086444 24.949610063135623 0
      vertex 6.330835795700549 24.894170807003974 0
    endloop
  endfacet
  facet normal -0.9039892749353476 0.42755513188577743 0
    outer loop
      vertex 6.375847241580486 25.00283803910017 0.6
      vertex 6.375847241580486 25.00283803910017 0
      vertex 6.350672281086444 24.949610063135623 0
    endloop
  endfacet
  facet normal -0.8577286164896021 0.5141027333664285 0
    outer loop
      vertex 6.40611823529005 25.053342142403125 0.6
      vertex 6.40611823529005 25.053342142403125 0
      vertex 6.375847241580486 25.00283803910017 0
    endloop
  endfacet
  facet normal -0.8032075268220934 0.5956993107737627 0
    outer loop
      vertex 6.44119372844696 25.1006359693408 0.6
      vertex 6.44119372844696 25.1006359693408 0
      vertex 6.40611823529005 25.053342142403125 0
    endloop
  endfacet
  facet normal -0.7409510931887576 0.671558990336951 0
    outer loop
      vertex 6.480735934078693 25.144264065921305 0.6
      vertex 6.480735934078693 25.144264065921305 0
      vertex 6.44119372844696 25.1006359693408 0
    endloop
  endfacet
  facet normal -0.671558990336951 0.7409510931887576 0
    outer loop
      vertex 6.524364030659198 25.18380627155304 0.6
      vertex 6.524364030659198 25.18380627155304 0
      vertex 6.480735934078693 25.144264065921305 0
    endloop
  endfacet
  facet normal -0.5956993107737627 0.8032075268220934 0
    outer loop
      vertex 6.571657857596874 25.21888176470995 0.6
      vertex 6.571657857596874 25.21888176470995 0
      vertex 6.524364030659198 25.18380627155304 0
    endloop
  endfacet
  facet normal -0.5141027333664285 0.8577286164896021 0
    outer loop
      vertex 6.622161960899829 25.249152758419513 0.6
      vertex 6.622161960899829 25.249152758419513 0
      vertex 6.571657857596874 25.21888176470995 0
    endloop
  endfacet
  facet normal -0.42755513188577743 0.9039892749353476 0
    outer loop
      vertex 6.675389936864375 25.274327718913554 0.6
      vertex 6.675389936864375 25.274327718913554 0
      vertex 6.622161960899829 25.249152758419513 0
    endloop
  endfacet
  facet normal -0.33688988887231636 0.9415440524880385 0
    outer loop
      vertex 6.7308291929960244 25.29416420429945 0.6
      vertex 6.7308291929960244 25.29416420429945 0
      vertex 6.675389936864375 25.274327718913554 0
    endloop
  endfacet
  facet normal -0.24298011239113992 0.9700312701054483 0
    outer loop
      vertex 6.7879458057880395 25.30847116678953 0.6
      vertex 6.7879458057880395 25.30847116678953 0
      vertex 6.7308291929960244 25.29416420429945 0
    endloop
  endfacet
  facet normal 0.7409510931887576 -0.671558990336951 0
    outer loop
      vertex 7.329264065921306 24.295735934078692 0.6
      vertex 7.329264065921306 24.295735934078692 0
      vertex 7.368806271553039 24.339364030659198 0
    endloop
  endfacet
  facet normal 0.8032075268220934 -0.5956993107737627 0
    outer loop
      vertex 7.368806271553039 24.339364030659198 0.6
      vertex 7.368806271553039 24.339364030659198 0
      vertex 7.403881764709949 24.386657857596873 0
    endloop
  endfacet
  facet normal 0.8577286164896021 -0.5141027333664285 0
    outer loop
      vertex 7.403881764709949 24.386657857596873 0.6
      vertex 7.403881764709949 24.386657857596873 0
      vertex 7.434152758419513 24.43716196089983 0
    endloop
  endfacet
  facet normal 0.9039892749353476 -0.42755513188577743 0
    outer loop
      vertex 7.434152758419513 24.43716196089983 0.6
      vertex 7.434152758419513 24.43716196089983 0
      vertex 7.4593277189135545 24.490389936864375 0
    endloop
  endfacet
  facet normal 0.9415440524880385 -0.33688988887231636 0
    outer loop
      vertex 7.4593277189135545 24.490389936864375 0.6
      vertex 7.4593277189135545 24.490389936864375 0
      vertex 7.479164204299449 24.545829192996024 0
    endloop
  endfacet
  facet normal 0.9700312701054483 -0.24298011239113992 0
    outer loop
      vertex 7.479164204299449 24.545829192996024 0.6
      vertex 7.479164204299449 24.545829192996024 0
      vertex 7.493471166789531 24.60294580578804 0
    endloop
  endfacet
  facet normal 0.9891765018328641 -0.1467305292762822 0
    outer loop
      vertex 7.493471166789531 24.60294580578804 0.6
      vertex 7.493471166789531 24.60294580578804 0
      vertex 7.502110837697982 24.66118971377611 0
    endloop
  endfacet
  facet normal 0.9987954564582731 -0.04906766917543716 0
    outer loop
      vertex 7.502110837697982 24.66118971377611 0.6
      vertex 7.502110837697982 24.66118971377611 0
      vertex 7.5050000014901155 24.72 0
    endloop
  endfacet
  facet normal 0.9987954564582731 0.04906766917543716 0
    outer loop
      vertex 7.5050000014901155 24.72 0.6
      vertex 7.5050000014901155 24.72 0
      vertex 7.502110837697982 24.778810286223887 0
    endloop
  endfacet
  facet normal 0.9891765018328641 0.1467305292762822 0
    outer loop
      vertex 7.502110837697982 24.778810286223887 0.6
      vertex 7.502110837697982 24.778810286223887 0
      vertex 7.493471166789531 24.83705419421196 0
    endloop
  endfacet
  facet normal 0.9700312701054483 0.24298011239113992 0
    outer loop
      vertex 7.493471166789531 24.83705419421196 0.6
      vertex 7.493471166789531 24.83705419421196 0
      vertex 7.479164204299449 24.894170807003974 0
    endloop
  endfacet
  facet normal 0.8032075268220934 0.5956993107737627 0
    outer loop
      vertex 7.403881764709949 25.053342142403125 0.6
      vertex 7.403881764709949 25.053342142403125 0
      vertex 7.368806271553039 25.1006359693408 0
    endloop
  endfacet
  facet normal 0.671558990336951 0.7409510931887576 0
    outer loop
      vertex 7.329264065921306 25.144264065921305 0.6
      vertex 7.329264065921306 25.144264065921305 0
      vertex 7.285635969340801 25.18380627155304 0
    endloop
  endfacet
  facet normal 0.7409510931887576 0.671558990336951 0
    outer loop
      vertex 7.368806271553039 25.1006359693408 0.6
      vertex 7.368806271553039 25.1006359693408 0
      vertex 7.329264065921306 25.144264065921305 0
    endloop
  endfacet
  facet normal -0.1467305292762822 0.9891765018328641 0
    outer loop
      vertex 6.846189713776111 25.31711083769798 0.6
      vertex 6.846189713776111 25.31711083769798 0
      vertex 6.7879458057880395 25.30847116678953 0
    endloop
  endfacet
  facet normal -0.04906766917543716 0.9987954564582731 0
    outer loop
      vertex 6.904999999999999 25.320000001490115 0.6
      vertex 6.904999999999999 25.320000001490115 0
      vertex 6.846189713776111 25.31711083769798 0
    endloop
  endfacet
  facet normal 0.04906766917543716 0.9987954564582731 0
    outer loop
      vertex 6.963810286223888 25.31711083769798 0.6
      vertex 6.963810286223888 25.31711083769798 0
      vertex 6.904999999999999 25.320000001490115 0
    endloop
  endfacet
  facet normal 0.1467305292762822 0.9891765018328641 0
    outer loop
      vertex 7.022054194211959 25.30847116678953 0.6
      vertex 7.022054194211959 25.30847116678953 0
      vertex 6.963810286223888 25.31711083769798 0
    endloop
  endfacet
  facet normal 0.24298011239113992 0.9700312701054483 0
    outer loop
      vertex 7.079170807003974 25.29416420429945 0.6
      vertex 7.079170807003974 25.29416420429945 0
      vertex 7.022054194211959 25.30847116678953 0
    endloop
  endfacet
  facet normal 0.5141027333664285 0.8577286164896021 0
    outer loop
      vertex 7.238342142403125 25.21888176470995 0.6
      vertex 7.238342142403125 25.21888176470995 0
      vertex 7.1878380391001695 25.249152758419513 0
    endloop
  endfacet
  facet normal 0.33688988887231636 0.9415440524880385 0
    outer loop
      vertex 7.134610063135623 25.274327718913554 0.6
      vertex 7.134610063135623 25.274327718913554 0
      vertex 7.079170807003974 25.29416420429945 0
    endloop
  endfacet
  facet normal 0.42755513188577743 0.9039892749353476 0
    outer loop
      vertex 7.1878380391001695 25.249152758419513 0.6
      vertex 7.1878380391001695 25.249152758419513 0
      vertex 7.134610063135623 25.274327718913554 0
    endloop
  endfacet
  facet normal 0.5956993107737627 0.8032075268220934 0
    outer loop
      vertex 7.285635969340801 25.18380627155304 0.6
      vertex 7.285635969340801 25.18380627155304 0
      vertex 7.238342142403125 25.21888176470995 0
    endloop
  endfacet
  facet normal 0.9415440524880385 0.33688988887231636 0
    outer loop
      vertex 7.479164204299449 24.894170807003974 0.6
      vertex 7.479164204299449 24.894170807003974 0
      vertex 7.4593277189135545 24.949610063135623 0
    endloop
  endfacet
  facet normal 0.9039892749353476 0.42755513188577743 0
    outer loop
      vertex 7.4593277189135545 24.949610063135623 0.6
      vertex 7.4593277189135545 24.949610063135623 0
      vertex 7.434152758419513 25.00283803910017 0
    endloop
  endfacet
  facet normal 0.8577286164896021 0.5141027333664285 0
    outer loop
      vertex 7.434152758419513 25.00283803910017 0.6
      vertex 7.434152758419513 25.00283803910017 0
      vertex 7.403881764709949 25.053342142403125 0
    endloop
  endfacet
  facet normal -0.539053697330172 -0.8422714000811564 0
    outer loop
      vertex 9.387777126133441 23.131022640764712 0.6
      vertex 9.387777126133441 23.131022640764712 0
      vertex 9.976910679340362 22.753977165818213 0
    endloop
  endfacet
  facet normal 0.8577286005408924 -0.5141027599752428 0
    outer loop
      vertex 9.976910679340362 22.753977165818213 0.6
      vertex 9.976910679340362 22.753977165818213 0
      vertex 10.12401261806488 22.999401913285254 0
    endloop
  endfacet
  facet normal -0.5390537048868779 -0.8422713952448646 0
    outer loop
      vertex 8.377833886742591 23.777386316359042 0.6
      vertex 8.377833886742591 23.777386316359042 0
      vertex 8.966967439949512 23.400340833961963 0
    endloop
  endfacet
  facet normal 0.8577285894830616 -0.5141027784241178 0
    outer loop
      vertex 8.966967439949512 23.400340833961963 0.6
      vertex 8.966967439949512 23.400340833961963 0
      vertex 9.065707101225852 23.565077991485595 0
    endloop
  endfacet
  facet normal 0.9039893005347766 -0.42755507776033397 0
    outer loop
      vertex 9.065707101225852 23.565077991485595 0.6
      vertex 9.065707101225852 23.565077991485595 0
      vertex 9.168504855334758 23.782425591051577 0
    endloop
  endfacet
  facet normal -0.8577285888030848 0.5141027795585905 0
    outer loop
      vertex 8.448362215161323 23.89505571246147 0.6
      vertex 8.448362215161323 23.89505571246147 0
      vertex 8.377833886742591 23.777386316359042 0
    endloop
  endfacet
  facet normal -0.9039892946109568 0.42755509028519917 0
    outer loop
      vertex 8.521789184510707 24.050303996801375 0.6
      vertex 8.521789184510707 24.050303996801375 0
      vertex 8.448362215161323 23.89505571246147 0
    endloop
  endfacet
  facet normal -0.941544068447896 0.33688984426750546 0
    outer loop
      vertex 8.579645587801933 24.212001816630362 0.6
      vertex 8.579645587801933 24.212001816630362 0
      vertex 8.521789184510707 24.050303996801375 0
    endloop
  endfacet
  facet normal -0.8577286027614085 0.5141027562705357 0
    outer loop
      vertex 9.50666773200035 23.32937962681055 0.6
      vertex 9.50666773200035 23.32937962681055 0
      vertex 9.387777126133441 23.131022640764712 0
    endloop
  endfacet
  facet normal -0.9039892960166089 0.4275550873131972 0
    outer loop
      vertex 9.630444622337818 23.591083877980708 0.6
      vertex 9.630444622337818 23.591083877980708 0
      vertex 9.50666773200035 23.32937962681055 0
    endloop
  endfacet
  facet normal 0.9039892959209109 -0.42755508751553384 0
    outer loop
      vertex 10.12401261806488 22.999401913285254 0.6
      vertex 10.12401261806488 22.999401913285254 0
      vertex 10.277160293161868 23.32320547223091 0
    endloop
  endfacet
  facet normal 0.941544061784377 -0.3368898628907928 0
    outer loop
      vertex 10.277160293161868 23.32320547223091 0.6
      vertex 10.277160293161868 23.32320547223091 0
      vertex 10.397832228541374 23.66046092778444 0
    endloop
  endfacet
  facet normal 0.9415440698547024 -0.3368898403357443 0
    outer loop
      vertex 9.168504855334758 23.782425591051577 0.6
      vertex 9.168504855334758 23.782425591051577 0
      vertex 9.249503819942474 24.00880254179239 0
    endloop
  endfacet
  facet normal -0.9415440671982408 0.3368898477600572 0
    outer loop
      vertex 9.727973988950252 23.863660202622412 0.6
      vertex 9.727973988950252 23.863660202622412 0
      vertex 9.630444622337818 23.591083877980708 0
    endloop
  endfacet
  facet normal 0.9700312539777707 -0.24298017677644732 0
    outer loop
      vertex 9.249503819942474 24.00880254179239 0.6
      vertex 9.249503819942474 24.00880254179239 0
      vertex 9.307923934161662 24.24202871441841 0
    endloop
  endfacet
  facet normal -0.9700312546892906 0.24298017393590077 0
    outer loop
      vertex 9.798316574394702 24.14448355257511 0.6
      vertex 9.798316574394702 24.14448355257511 0
      vertex 9.727973988950252 23.863660202622412 0
    endloop
  endfacet
  facet normal 0.9700312543774001 -0.24298017518103762 0
    outer loop
      vertex 10.397832228541374 23.66046092778444 0.6
      vertex 10.397832228541374 23.66046092778444 0
      vertex 10.484866275191306 24.00792032599449 0
    endloop
  endfacet
  facet normal 0.9891765115520188 -0.14673046375507337 0
    outer loop
      vertex 10.484866275191306 24.00792032599449 0.6
      vertex 10.484866275191306 24.00792032599449 0
      vertex 10.537424250245094 24.362237439751624 0
    endloop
  endfacet
  facet normal -0.9700312517823311 0.24298018554113393 0
    outer loop
      vertex 8.621374240815639 24.37859193354845 0.6
      vertex 8.621374240815639 24.37859193354845 0
      vertex 8.579645587801933 24.212001816630362 0
    endloop
  endfacet
  facet normal -0.989176508616824 0.14673048354254967 0
    outer loop
      vertex 8.646573274135589 24.54847000658512 0.6
      vertex 8.646573274135589 24.54847000658512 0
      vertex 8.621374240815639 24.37859193354845 0
    endloop
  endfacet
  facet normal -0.9987954568766596 0.04906766065897884 0
    outer loop
      vertex 8.655 24.72 0.6
      vertex 8.655 24.72 0
      vertex 8.646573274135589 24.54847000658512 0
    endloop
  endfacet
  facet normal -0.9987954568766596 -0.04906766065897884 0
    outer loop
      vertex 8.646573274135589 24.891529993414878 0.6
      vertex 8.646573274135589 24.891529993414878 0
      vertex 8.655 24.72 0
    endloop
  endfacet
  facet normal -0.9700312517823311 -0.24298018554113393 0
    outer loop
      vertex 8.579645587801933 25.227998183369635 0.6
      vertex 8.579645587801933 25.227998183369635 0
      vertex 8.621374240815639 25.06140806645155 0
    endloop
  endfacet
  facet normal -0.941544068447896 -0.33688984426750546 0
    outer loop
      vertex 8.521789184510707 25.389696003198623 0.6
      vertex 8.521789184510707 25.389696003198623 0
      vertex 8.579645587801933 25.227998183369635 0
    endloop
  endfacet
  facet normal -0.989176508616824 -0.14673048354254967 0
    outer loop
      vertex 8.621374240815639 25.06140806645155 0.6
      vertex 8.621374240815639 25.06140806645155 0
      vertex 8.646573274135589 24.891529993414878 0
    endloop
  endfacet
  facet normal 0.9891765066498005 -0.14673049680314343 0
    outer loop
      vertex 9.307923934161662 24.24202871441841 0.6
      vertex 9.307923934161662 24.24202871441841 0
      vertex 9.343202582299709 24.47985800474882 0
    endloop
  endfacet
  facet normal 0.9987954560102078 -0.049067678296011434 0
    outer loop
      vertex 9.343202582299709 24.47985800474882 0.6
      vertex 9.343202582299709 24.47985800474882 0
      vertex 9.355000002980232 24.72 0
    endloop
  endfacet
  facet normal 0.9987954560102078 0.049067678296011434 0
    outer loop
      vertex 9.355000002980232 24.72 0.6
      vertex 9.355000002980232 24.72 0
      vertex 9.343202582299709 24.960141995251178 0
    endloop
  endfacet
  facet normal -0.9891765090385507 0.14673048069949882 0
    outer loop
      vertex 9.840794942080974 24.430849434137343 0.6
      vertex 9.840794942080974 24.430849434137343 0
      vertex 9.798316574394702 24.14448355257511 0
    endloop
  endfacet
  facet normal -0.9987954554451792 0.04906768979743145 0
    outer loop
      vertex 9.855000002980232 24.72 0.6
      vertex 9.855000002980232 24.72 0
      vertex 9.840794942080974 24.430849434137343 0
    endloop
  endfacet
  facet normal 0.9891765066498005 0.14673049680314343 0
    outer loop
      vertex 9.343202582299709 24.960141995251178 0.6
      vertex 9.343202582299709 24.960141995251178 0
      vertex 9.307923934161662 25.197971285581588 0
    endloop
  endfacet
  facet normal 0.9700312539777707 0.24298017677644732 0
    outer loop
      vertex 9.307923934161662 25.197971285581588 0.6
      vertex 9.307923934161662 25.197971285581588 0
      vertex 9.249503819942474 25.431197458207606 0
    endloop
  endfacet
  facet normal -0.9987954554451792 -0.04906768979743145 0
    outer loop
      vertex 9.840794942080974 25.009150565862655 0.6
      vertex 9.840794942080974 25.009150565862655 0
      vertex 9.855000002980232 24.72 0
    endloop
  endfacet
  facet normal -0.9891765090385507 -0.14673048069949882 0
    outer loop
      vertex 9.798316574394702 25.295516447424887 0.6
      vertex 9.798316574394702 25.295516447424887 0
      vertex 9.840794942080974 25.009150565862655 0
    endloop
  endfacet
  facet normal -0.8577285888030848 -0.5141027795585905 0
    outer loop
      vertex 8.377833886742591 25.662613683640956 0.6
      vertex 8.377833886742591 25.662613683640956 0
      vertex 8.448362215161323 25.544944287538527 0
    endloop
  endfacet
  facet normal -0.9039892946109568 -0.42755509028519917 0
    outer loop
      vertex 8.448362215161323 25.544944287538527 0.6
      vertex 8.448362215161323 25.544944287538527 0
      vertex 8.521789184510707 25.389696003198623 0
    endloop
  endfacet
  facet normal 0.9039893005347766 0.42755507776033397 0
    outer loop
      vertex 9.168504855334758 25.65757440894842 0.6
      vertex 9.168504855334758 25.65757440894842 0
      vertex 9.065707101225852 25.874922008514403 0
    endloop
  endfacet
  facet normal -0.5390537048868779 0.8422713952448646 0
    outer loop
      vertex 8.966967439949512 26.039659166038035 0.6
      vertex 8.966967439949512 26.039659166038035 0
      vertex 8.377833886742591 25.662613683640956 0
    endloop
  endfacet
  facet normal 0.8577285894830616 0.5141027784241178 0
    outer loop
      vertex 9.065707101225852 25.874922008514403 0.6
      vertex 9.065707101225852 25.874922008514403 0
      vertex 8.966967439949512 26.039659166038035 0
    endloop
  endfacet
  facet normal 0.9415440698547024 0.3368898403357443 0
    outer loop
      vertex 9.249503819942474 25.431197458207606 0.6
      vertex 9.249503819942474 25.431197458207606 0
      vertex 9.168504855334758 25.65757440894842 0
    endloop
  endfacet
  facet normal -0.9700312546892906 -0.24298017393590077 0
    outer loop
      vertex 9.727973988950252 25.576339797377585 0.6
      vertex 9.727973988950252 25.576339797377585 0
      vertex 9.798316574394702 25.295516447424887 0
    endloop
  endfacet
  facet normal -0.9415440671982408 -0.3368898477600572 0
    outer loop
      vertex 9.630444622337818 25.84891612201929 0.6
      vertex 9.630444622337818 25.84891612201929 0
      vertex 9.727973988950252 25.576339797377585 0
    endloop
  endfacet
  facet normal -0.9039892960166089 -0.4275550873131972 0
    outer loop
      vertex 9.50666773200035 26.110620373189448 0.6
      vertex 9.50666773200035 26.110620373189448 0
      vertex 9.630444622337818 25.84891612201929 0
    endloop
  endfacet
  facet normal 0.941544061784377 0.3368898628907928 0
    outer loop
      vertex 10.397832228541374 25.779539072215556 0.6
      vertex 10.397832228541374 25.779539072215556 0
      vertex 10.277160293161868 26.116794527769088 0
    endloop
  endfacet
  facet normal -0.8577286027614085 -0.5141027562705357 0
    outer loop
      vertex 9.387777126133441 26.308977359235286 0.6
      vertex 9.387777126133441 26.308977359235286 0
      vertex 9.50666773200035 26.110620373189448 0
    endloop
  endfacet
  facet normal -0.539053697330172 0.8422714000811564 0
    outer loop
      vertex 9.976910679340362 26.686022834181784 0.6
      vertex 9.976910679340362 26.686022834181784 0
      vertex 9.387777126133441 26.308977359235286 0
    endloop
  endfacet
  facet normal 0.9039892959209109 0.42755508751553384 0
    outer loop
      vertex 10.277160293161868 26.116794527769088 0.6
      vertex 10.277160293161868 26.116794527769088 0
      vertex 10.12401261806488 26.440598086714743 0
    endloop
  endfacet
  facet normal 0.8577286005408924 0.5141027599752428 0
    outer loop
      vertex 10.12401261806488 26.440598086714743 0.6
      vertex 10.12401261806488 26.440598086714743 0
      vertex 9.976910679340362 26.686022834181784 0
    endloop
  endfacet
  facet normal 0.9987954561074371 -0.04906767631686453 0
    outer loop
      vertex 10.537424250245094 24.362237439751624 0.6
      vertex 10.537424250245094 24.362237439751624 0
      vertex 10.554999998509883 24.72 0
    endloop
  endfacet
  facet normal 0.9987954561074371 0.04906767631686453 0
    outer loop
      vertex 10.554999998509883 24.72 0.6
      vertex 10.554999998509883 24.72 0
      vertex 10.537424250245094 25.077762560248374 0
    endloop
  endfacet
  facet normal 0.9891765115520188 0.14673046375507337 0
    outer loop
      vertex 10.537424250245094 25.077762560248374 0.6
      vertex 10.537424250245094 25.077762560248374 0
      vertex 10.484866275191306 25.432079674005507 0
    endloop
  endfacet
  facet normal 0.9700312543774001 0.24298017518103762 0
    outer loop
      vertex 10.484866275191306 25.432079674005507 0.6
      vertex 10.484866275191306 25.432079674005507 0
      vertex 10.397832228541374 25.779539072215556 0
    endloop
  endfacet
  facet normal -0.8577286005408924 -0.5141027599752428 0
    outer loop
      vertex 3.833089320659637 22.753977165818213 0.6
      vertex 3.685987381935119 22.999401913285254 0.6
      vertex 3.833089320659637 22.753977165818213 0
    endloop
  endfacet
  facet normal 0.539053697330172 -0.8422714000811564 0
    outer loop
      vertex 3.833089320659637 22.753977165818213 0.6
      vertex 4.422222873866557 23.131022640764712 0
      vertex 4.422222873866557 23.131022640764712 0.6
    endloop
  endfacet
  facet normal -0.9039892959209109 -0.42755508751553384 0
    outer loop
      vertex 3.685987381935119 22.999401913285254 0.6
      vertex 3.5328397068381303 23.32320547223091 0.6
      vertex 3.685987381935119 22.999401913285254 0
    endloop
  endfacet
  facet normal -0.941544061784377 -0.3368898628907928 0
    outer loop
      vertex 3.5328397068381303 23.32320547223091 0.6
      vertex 3.412167771458625 23.66046092778444 0.6
      vertex 3.5328397068381303 23.32320547223091 0
    endloop
  endfacet
  facet normal 0.8577286027614085 0.5141027562705357 0
    outer loop
      vertex 4.422222873866557 23.131022640764712 0.6
      vertex 4.303332267999648 23.32937962681055 0
      vertex 4.303332267999648 23.32937962681055 0.6
    endloop
  endfacet
  facet normal 0.9039892960166089 0.4275550873131972 0
    outer loop
      vertex 4.303332267999648 23.32937962681055 0.6
      vertex 4.179555377662181 23.591083877980708 0
      vertex 4.179555377662181 23.591083877980708 0.6
    endloop
  endfacet
  facet normal -0.9700312543774001 -0.24298017518103762 0
    outer loop
      vertex 3.412167771458625 23.66046092778444 0.6
      vertex 3.3251337248086923 24.00792032599449 0.6
      vertex 3.412167771458625 23.66046092778444 0
    endloop
  endfacet
  facet normal -0.9891765115520188 -0.14673046375507337 0
    outer loop
      vertex 3.3251337248086923 24.00792032599449 0.6
      vertex 3.272575749754905 24.362237439751624 0.6
      vertex 3.3251337248086923 24.00792032599449 0
    endloop
  endfacet
  facet normal 0.9415440671982408 0.3368898477600572 0
    outer loop
      vertex 4.179555377662181 23.591083877980708 0.6
      vertex 4.082026011049747 23.863660202622412 0
      vertex 4.082026011049747 23.863660202622412 0.6
    endloop
  endfacet
  facet normal 0.9700312546892906 0.24298017393590077 0
    outer loop
      vertex 4.082026011049747 23.863660202622412 0.6
      vertex 4.0116834256052964 24.14448355257511 0
      vertex 4.0116834256052964 24.14448355257511 0.6
    endloop
  endfacet
  facet normal -0.9039893005347766 -0.42755507776033397 0
    outer loop
      vertex 4.744292898774146 23.565077991485595 0.6
      vertex 4.641495144665241 23.782425591051577 0.6
      vertex 4.744292898774146 23.565077991485595 0
    endloop
  endfacet
  facet normal -0.8577285894830616 -0.5141027784241178 0
    outer loop
      vertex 4.843032560050487 23.400340833961963 0.6
      vertex 4.744292898774146 23.565077991485595 0.6
      vertex 4.843032560050487 23.400340833961963 0
    endloop
  endfacet
  facet normal 0.5390537048868779 -0.8422713952448646 0
    outer loop
      vertex 4.843032560050487 23.400340833961963 0.6
      vertex 5.4321661132574075 23.777386316359042 0
      vertex 5.4321661132574075 23.777386316359042 0.6
    endloop
  endfacet
  facet normal -0.9415440698547024 -0.3368898403357443 0
    outer loop
      vertex 4.641495144665241 23.782425591051577 0.6
      vertex 4.560496180057525 24.00880254179239 0.6
      vertex 4.641495144665241 23.782425591051577 0
    endloop
  endfacet
  facet normal -0.9700312539777707 -0.24298017677644732 0
    outer loop
      vertex 4.560496180057525 24.00880254179239 0.6
      vertex 4.502076065838336 24.24202871441841 0.6
      vertex 4.560496180057525 24.00880254179239 0
    endloop
  endfacet
  facet normal 0.8577285888030848 0.5141027795585905 0
    outer loop
      vertex 5.4321661132574075 23.777386316359042 0.6
      vertex 5.361637784838676 23.89505571246147 0
      vertex 5.361637784838676 23.89505571246147 0.6
    endloop
  endfacet
  facet normal 0.9039892946109568 0.42755509028519917 0
    outer loop
      vertex 5.361637784838676 23.89505571246147 0.6
      vertex 5.2882108154892915 24.050303996801375 0
      vertex 5.2882108154892915 24.050303996801375 0.6
    endloop
  endfacet
  facet normal 0.941544068447896 0.33688984426750546 0
    outer loop
      vertex 5.2882108154892915 24.050303996801375 0.6
      vertex 5.230354412198066 24.212001816630362 0
      vertex 5.230354412198066 24.212001816630362 0.6
    endloop
  endfacet
  facet normal -0.671558990336951 -0.7409510931887576 0
    outer loop
      vertex 6.524364030659198 24.25619372844696 0.6
      vertex 6.480735934078693 24.295735934078692 0.6
      vertex 6.524364030659198 24.25619372844696 0
    endloop
  endfacet
  facet normal -0.42755513188577743 -0.9039892749353476 0
    outer loop
      vertex 6.622161960899829 24.190847241580485 0.6
      vertex 6.675389936864375 24.165672281086444 0
      vertex 6.675389936864375 24.165672281086444 0.6
    endloop
  endfacet
  facet normal -0.5956993107737627 -0.8032075268220934 0
    outer loop
      vertex 6.571657857596874 24.22111823529005 0.6
      vertex 6.524364030659198 24.25619372844696 0.6
      vertex 6.571657857596874 24.22111823529005 0
    endloop
  endfacet
  facet normal -0.5141027333664285 -0.8577286164896021 0
    outer loop
      vertex 6.622161960899829 24.190847241580485 0.6
      vertex 6.571657857596874 24.22111823529005 0.6
      vertex 6.622161960899829 24.190847241580485 0
    endloop
  endfacet
  facet normal -0.33688988887231636 -0.9415440524880385 0
    outer loop
      vertex 6.7308291929960244 24.14583579570055 0.6
      vertex 6.675389936864375 24.165672281086444 0.6
      vertex 6.7308291929960244 24.14583579570055 0
    endloop
  endfacet
  facet normal -0.24298011239113992 -0.9700312701054483 0
    outer loop
      vertex 6.7308291929960244 24.14583579570055 0.6
      vertex 6.7879458057880395 24.131528833210467 0
      vertex 6.7879458057880395 24.131528833210467 0.6
    endloop
  endfacet
  facet normal -0.1467305292762822 -0.9891765018328641 0
    outer loop
      vertex 6.7879458057880395 24.131528833210467 0.6
      vertex 6.846189713776111 24.122889162302016 0
      vertex 6.846189713776111 24.122889162302016 0.6
    endloop
  endfacet
  facet normal -0.04906766917543716 -0.9987954564582731 0
    outer loop
      vertex 6.846189713776111 24.122889162302016 0.6
      vertex 6.904999999999999 24.119999998509883 0
      vertex 6.904999999999999 24.119999998509883 0.6
    endloop
  endfacet
  facet normal 0.04906766917543716 -0.9987954564582731 0
    outer loop
      vertex 6.904999999999999 24.119999998509883 0.6
      vertex 6.963810286223888 24.122889162302016 0
      vertex 6.963810286223888 24.122889162302016 0.6
    endloop
  endfacet
  facet normal 0.1467305292762822 -0.9891765018328641 0
    outer loop
      vertex 6.963810286223888 24.122889162302016 0.6
      vertex 7.022054194211959 24.131528833210467 0
      vertex 7.022054194211959 24.131528833210467 0.6
    endloop
  endfacet
  facet normal 0.24298011239113992 -0.9700312701054483 0
    outer loop
      vertex 7.022054194211959 24.131528833210467 0.6
      vertex 7.079170807003974 24.14583579570055 0
      vertex 7.079170807003974 24.14583579570055 0.6
    endloop
  endfacet
  facet normal 0.33688988887231636 -0.9415440524880385 0
    outer loop
      vertex 7.079170807003974 24.14583579570055 0.6
      vertex 7.134610063135623 24.165672281086444 0
      vertex 7.134610063135623 24.165672281086444 0.6
    endloop
  endfacet
  facet normal 0.42755513188577743 -0.9039892749353476 0
    outer loop
      vertex 7.134610063135623 24.165672281086444 0.6
      vertex 7.1878380391001695 24.190847241580485 0
      vertex 7.1878380391001695 24.190847241580485 0.6
    endloop
  endfacet
  facet normal 0.5141027333664285 -0.8577286164896021 0
    outer loop
      vertex 7.1878380391001695 24.190847241580485 0.6
      vertex 7.238342142403125 24.22111823529005 0
      vertex 7.238342142403125 24.22111823529005 0.6
    endloop
  endfacet
  facet normal 0.5956993107737627 -0.8032075268220934 0
    outer loop
      vertex 7.238342142403125 24.22111823529005 0.6
      vertex 7.285635969340801 24.25619372844696 0
      vertex 7.285635969340801 24.25619372844696 0.6
    endloop
  endfacet
  facet normal -0.9987954561074371 -0.04906767631686453 0
    outer loop
      vertex 3.272575749754905 24.362237439751624 0.6
      vertex 3.2550000014901155 24.72 0.6
      vertex 3.272575749754905 24.362237439751624 0
    endloop
  endfacet
  facet normal -0.9987954561074371 0.04906767631686453 0
    outer loop
      vertex 3.2550000014901155 24.72 0.6
      vertex 3.272575749754905 25.077762560248374 0.6
      vertex 3.2550000014901155 24.72 0
    endloop
  endfacet
  facet normal 0.9891765090385507 0.14673048069949882 0
    outer loop
      vertex 4.0116834256052964 24.14448355257511 0.6
      vertex 3.969205057919025 24.430849434137343 0
      vertex 3.969205057919025 24.430849434137343 0.6
    endloop
  endfacet
  facet normal 0.9987954554451792 0.04906768979743145 0
    outer loop
      vertex 3.969205057919025 24.430849434137343 0.6
      vertex 3.954999997019767 24.72 0
      vertex 3.954999997019767 24.72 0.6
    endloop
  endfacet
  facet normal -0.9891765115520188 0.14673046375507337 0
    outer loop
      vertex 3.272575749754905 25.077762560248374 0.6
      vertex 3.3251337248086923 25.432079674005507 0.6
      vertex 3.272575749754905 25.077762560248374 0
    endloop
  endfacet
  facet normal 0.9987954554451792 -0.04906768979743145 0
    outer loop
      vertex 3.954999997019767 24.72 0.6
      vertex 3.969205057919025 25.009150565862655 0
      vertex 3.969205057919025 25.009150565862655 0.6
    endloop
  endfacet
  facet normal 0.9891765090385507 -0.14673048069949882 0
    outer loop
      vertex 3.969205057919025 25.009150565862655 0.6
      vertex 4.0116834256052964 25.295516447424887 0
      vertex 4.0116834256052964 25.295516447424887 0.6
    endloop
  endfacet
  facet normal -0.9891765066498005 -0.14673049680314343 0
    outer loop
      vertex 4.502076065838336 24.24202871441841 0.6
      vertex 4.46679741770029 24.47985800474882 0.6
      vertex 4.502076065838336 24.24202871441841 0
    endloop
  endfacet
  facet normal -0.9987954560102078 -0.049067678296011434 0
    outer loop
      vertex 4.46679741770029 24.47985800474882 0.6
      vertex 4.454999997019767 24.72 0.6
      vertex 4.46679741770029 24.47985800474882 0
    endloop
  endfacet
  facet normal -0.9987954560102078 0.049067678296011434 0
    outer loop
      vertex 4.454999997019767 24.72 0.6
      vertex 4.46679741770029 24.960141995251178 0.6
      vertex 4.454999997019767 24.72 0
    endloop
  endfacet
  facet normal 0.9700312517823311 0.24298018554113393 0
    outer loop
      vertex 5.230354412198066 24.212001816630362 0.6
      vertex 5.18862575918436 24.37859193354845 0
      vertex 5.18862575918436 24.37859193354845 0.6
    endloop
  endfacet
  facet normal 0.989176508616824 0.14673048354254967 0
    outer loop
      vertex 5.18862575918436 24.37859193354845 0.6
      vertex 5.16342672586441 24.54847000658512 0
      vertex 5.16342672586441 24.54847000658512 0.6
    endloop
  endfacet
  facet normal 0.9987954568766596 0.04906766065897884 0
    outer loop
      vertex 5.16342672586441 24.54847000658512 0.6
      vertex 5.154999999999999 24.72 0
      vertex 5.154999999999999 24.72 0.6
    endloop
  endfacet
  facet normal 0.9987954568766596 -0.04906766065897884 0
    outer loop
      vertex 5.154999999999999 24.72 0.6
      vertex 5.16342672586441 24.891529993414878 0
      vertex 5.16342672586441 24.891529993414878 0.6
    endloop
  endfacet
  facet normal -0.9891765066498005 0.14673049680314343 0
    outer loop
      vertex 4.46679741770029 24.960141995251178 0.6
      vertex 4.502076065838336 25.197971285581588 0.6
      vertex 4.46679741770029 24.960141995251178 0
    endloop
  endfacet
  facet normal -0.9700312539777707 0.24298017677644732 0
    outer loop
      vertex 4.502076065838336 25.197971285581588 0.6
      vertex 4.560496180057525 25.431197458207606 0.6
      vertex 4.502076065838336 25.197971285581588 0
    endloop
  endfacet
  facet normal 0.989176508616824 -0.14673048354254967 0
    outer loop
      vertex 5.16342672586441 24.891529993414878 0.6
      vertex 5.18862575918436 25.06140806645155 0
      vertex 5.18862575918436 25.06140806645155 0.6
    endloop
  endfacet
  facet normal 0.9700312517823311 -0.24298018554113393 0
    outer loop
      vertex 5.18862575918436 25.06140806645155 0.6
      vertex 5.230354412198066 25.227998183369635 0
      vertex 5.230354412198066 25.227998183369635 0.6
    endloop
  endfacet
  facet normal 0.941544068447896 -0.33688984426750546 0
    outer loop
      vertex 5.230354412198066 25.227998183369635 0.6
      vertex 5.2882108154892915 25.389696003198623 0
      vertex 5.2882108154892915 25.389696003198623 0.6
    endloop
  endfacet
  facet normal -0.9700312543774001 0.24298017518103762 0
    outer loop
      vertex 3.3251337248086923 25.432079674005507 0.6
      vertex 3.412167771458625 25.779539072215556 0.6
      vertex 3.3251337248086923 25.432079674005507 0
    endloop
  endfacet
  facet normal -0.941544061784377 0.3368898628907928 0
    outer loop
      vertex 3.412167771458625 25.779539072215556 0.6
      vertex 3.5328397068381303 26.116794527769088 0.6
      vertex 3.412167771458625 25.779539072215556 0
    endloop
  endfacet
  facet normal 0.9700312546892906 -0.24298017393590077 0
    outer loop
      vertex 4.0116834256052964 25.295516447424887 0.6
      vertex 4.082026011049747 25.576339797377585 0
      vertex 4.082026011049747 25.576339797377585 0.6
    endloop
  endfacet
  facet normal 0.9415440671982408 -0.3368898477600572 0
    outer loop
      vertex 4.082026011049747 25.576339797377585 0.6
      vertex 4.179555377662181 25.84891612201929 0
      vertex 4.179555377662181 25.84891612201929 0.6
    endloop
  endfacet
  facet normal 0.9039892960166089 -0.4275550873131972 0
    outer loop
      vertex 4.179555377662181 25.84891612201929 0.6
      vertex 4.303332267999648 26.110620373189448 0
      vertex 4.303332267999648 26.110620373189448 0.6
    endloop
  endfacet
  facet normal -0.9039892959209109 0.42755508751553384 0
    outer loop
      vertex 3.5328397068381303 26.116794527769088 0.6
      vertex 3.685987381935119 26.440598086714743 0.6
      vertex 3.5328397068381303 26.116794527769088 0
    endloop
  endfacet
  facet normal -0.8577286005408924 0.5141027599752428 0
    outer loop
      vertex 3.685987381935119 26.440598086714743 0.6
      vertex 3.833089320659637 26.686022834181784 0.6
      vertex 3.685987381935119 26.440598086714743 0
    endloop
  endfacet
  facet normal 0.8577286027614085 -0.5141027562705357 0
    outer loop
      vertex 4.303332267999648 26.110620373189448 0.6
      vertex 4.422222873866557 26.308977359235286 0
      vertex 4.422222873866557 26.308977359235286 0.6
    endloop
  endfacet
  facet normal 0.539053697330172 0.8422714000811564 0
    outer loop
      vertex 3.833089320659637 26.686022834181784 0.6
      vertex 4.422222873866557 26.308977359235286 0.6
      vertex 3.833089320659637 26.686022834181784 0
    endloop
  endfacet
  facet normal -0.9415440698547024 0.3368898403357443 0
    outer loop
      vertex 4.560496180057525 25.431197458207606 0.6
      vertex 4.641495144665241 25.65757440894842 0.6
      vertex 4.560496180057525 25.431197458207606 0
    endloop
  endfacet
  facet normal -0.9039893005347766 0.42755507776033397 0
    outer loop
      vertex 4.641495144665241 25.65757440894842 0.6
      vertex 4.744292898774146 25.874922008514403 0.6
      vertex 4.641495144665241 25.65757440894842 0
    endloop
  endfacet
  facet normal -0.8577285894830616 0.5141027784241178 0
    outer loop
      vertex 4.744292898774146 25.874922008514403 0.6
      vertex 4.843032560050487 26.039659166038035 0.6
      vertex 4.744292898774146 25.874922008514403 0
    endloop
  endfacet
  facet normal 0.9039892946109568 -0.42755509028519917 0
    outer loop
      vertex 5.2882108154892915 25.389696003198623 0.6
      vertex 5.361637784838676 25.544944287538527 0
      vertex 5.361637784838676 25.544944287538527 0.6
    endloop
  endfacet
  facet normal 0.8577285888030848 -0.5141027795585905 0
    outer loop
      vertex 5.361637784838676 25.544944287538527 0.6
      vertex 5.4321661132574075 25.662613683640956 0
      vertex 5.4321661132574075 25.662613683640956 0.6
    endloop
  endfacet
  facet normal 0.5390537048868779 0.8422713952448646 0
    outer loop
      vertex 4.843032560050487 26.039659166038035 0.6
      vertex 5.4321661132574075 25.662613683640956 0.6
      vertex 4.843032560050487 26.039659166038035 0
    endloop
  endfacet
  facet normal -0.7409510931887576 -0.671558990336951 0
    outer loop
      vertex 6.44119372844696 24.339364030659198 0.6
      vertex 6.480735934078693 24.295735934078692 0
      vertex 6.480735934078693 24.295735934078692 0.6
    endloop
  endfacet
  facet normal -0.8032075268220934 -0.5956993107737627 0
    outer loop
      vertex 6.44119372844696 24.339364030659198 0.6
      vertex 6.40611823529005 24.386657857596873 0.6
      vertex 6.44119372844696 24.339364030659198 0
    endloop
  endfacet
  facet normal -0.8577286164896021 -0.5141027333664285 0
    outer loop
      vertex 6.40611823529005 24.386657857596873 0.6
      vertex 6.375847241580486 24.43716196089983 0.6
      vertex 6.40611823529005 24.386657857596873 0
    endloop
  endfacet
  facet normal -0.9039892749353476 -0.42755513188577743 0
    outer loop
      vertex 6.350672281086444 24.490389936864375 0.6
      vertex 6.375847241580486 24.43716196089983 0
      vertex 6.375847241580486 24.43716196089983 0.6
    endloop
  endfacet
  facet normal -0.9415440524880385 -0.33688988887231636 0
    outer loop
      vertex 6.350672281086444 24.490389936864375 0.6
      vertex 6.330835795700549 24.545829192996024 0.6
      vertex 6.350672281086444 24.490389936864375 0
    endloop
  endfacet
  facet normal -0.9700312701054483 -0.24298011239113992 0
    outer loop
      vertex 6.330835795700549 24.545829192996024 0.6
      vertex 6.316528833210468 24.60294580578804 0.6
      vertex 6.330835795700549 24.545829192996024 0
    endloop
  endfacet
  facet normal -0.9891765018328641 -0.1467305292762822 0
    outer loop
      vertex 6.316528833210468 24.60294580578804 0.6
      vertex 6.307889162302017 24.66118971377611 0.6
      vertex 6.316528833210468 24.60294580578804 0
    endloop
  endfacet
  facet normal -0.9987954564582731 -0.04906766917543716 0
    outer loop
      vertex 6.307889162302017 24.66118971377611 0.6
      vertex 6.304999998509883 24.72 0.6
      vertex 6.307889162302017 24.66118971377611 0
    endloop
  endfacet
  facet normal -0.9987954564582731 0.04906766917543716 0
    outer loop
      vertex 6.304999998509883 24.72 0.6
      vertex 6.307889162302017 24.778810286223887 0.6
      vertex 6.304999998509883 24.72 0
    endloop
  endfacet
  facet normal -0.9891765018328641 0.1467305292762822 0
    outer loop
      vertex 6.307889162302017 24.778810286223887 0.6
      vertex 6.316528833210468 24.83705419421196 0.6
      vertex 6.307889162302017 24.778810286223887 0
    endloop
  endfacet
  facet normal -0.9700312701054483 0.24298011239113992 0
    outer loop
      vertex 6.316528833210468 24.83705419421196 0.6
      vertex 6.330835795700549 24.894170807003974 0.6
      vertex 6.316528833210468 24.83705419421196 0
    endloop
  endfacet
  facet normal -0.9415440524880385 0.33688988887231636 0
    outer loop
      vertex 6.330835795700549 24.894170807003974 0.6
      vertex 6.350672281086444 24.949610063135623 0.6
      vertex 6.330835795700549 24.894170807003974 0
    endloop
  endfacet
  facet normal -0.9039892749353476 0.42755513188577743 0
    outer loop
      vertex 6.350672281086444 24.949610063135623 0.6
      vertex 6.375847241580486 25.00283803910017 0.6
      vertex 6.350672281086444 24.949610063135623 0
    endloop
  endfacet
  facet normal -0.8577286164896021 0.5141027333664285 0
    outer loop
      vertex 6.375847241580486 25.00283803910017 0.6
      vertex 6.40611823529005 25.053342142403125 0.6
      vertex 6.375847241580486 25.00283803910017 0
    endloop
  endfacet
  facet normal -0.8032075268220934 0.5956993107737627 0
    outer loop
      vertex 6.40611823529005 25.053342142403125 0.6
      vertex 6.44119372844696 25.1006359693408 0.6
      vertex 6.40611823529005 25.053342142403125 0
    endloop
  endfacet
  facet normal -0.7409510931887576 0.671558990336951 0
    outer loop
      vertex 6.44119372844696 25.1006359693408 0.6
      vertex 6.480735934078693 25.144264065921305 0.6
      vertex 6.44119372844696 25.1006359693408 0
    endloop
  endfacet
  facet normal -0.671558990336951 0.7409510931887576 0
    outer loop
      vertex 6.480735934078693 25.144264065921305 0.6
      vertex 6.524364030659198 25.18380627155304 0.6
      vertex 6.480735934078693 25.144264065921305 0
    endloop
  endfacet
  facet normal -0.5956993107737627 0.8032075268220934 0
    outer loop
      vertex 6.524364030659198 25.18380627155304 0.6
      vertex 6.571657857596874 25.21888176470995 0.6
      vertex 6.524364030659198 25.18380627155304 0
    endloop
  endfacet
  facet normal -0.5141027333664285 0.8577286164896021 0
    outer loop
      vertex 6.571657857596874 25.21888176470995 0.6
      vertex 6.622161960899829 25.249152758419513 0.6
      vertex 6.571657857596874 25.21888176470995 0
    endloop
  endfacet
  facet normal -0.42755513188577743 0.9039892749353476 0
    outer loop
      vertex 6.622161960899829 25.249152758419513 0.6
      vertex 6.675389936864375 25.274327718913554 0.6
      vertex 6.622161960899829 25.249152758419513 0
    endloop
  endfacet
  facet normal -0.33688988887231636 0.9415440524880385 0
    outer loop
      vertex 6.675389936864375 25.274327718913554 0.6
      vertex 6.7308291929960244 25.29416420429945 0.6
      vertex 6.675389936864375 25.274327718913554 0
    endloop
  endfacet
  facet normal -0.24298011239113992 0.9700312701054483 0
    outer loop
      vertex 6.7308291929960244 25.29416420429945 0.6
      vertex 6.7879458057880395 25.30847116678953 0.6
      vertex 6.7308291929960244 25.29416420429945 0
    endloop
  endfacet
  facet normal -0.1467305292762822 0.9891765018328641 0
    outer loop
      vertex 6.7879458057880395 25.30847116678953 0.6
      vertex 6.846189713776111 25.31711083769798 0.6
      vertex 6.7879458057880395 25.30847116678953 0
    endloop
  endfacet
  facet normal 0.671558990336951 -0.7409510931887576 0
    outer loop
      vertex 7.285635969340801 24.25619372844696 0.6
      vertex 7.329264065921306 24.295735934078692 0
      vertex 7.329264065921306 24.295735934078692 0.6
    endloop
  endfacet
  facet normal 0.7409510931887576 -0.671558990336951 0
    outer loop
      vertex 7.329264065921306 24.295735934078692 0.6
      vertex 7.368806271553039 24.339364030659198 0
      vertex 7.368806271553039 24.339364030659198 0.6
    endloop
  endfacet
  facet normal 0.8032075268220934 -0.5956993107737627 0
    outer loop
      vertex 7.368806271553039 24.339364030659198 0.6
      vertex 7.403881764709949 24.386657857596873 0
      vertex 7.403881764709949 24.386657857596873 0.6
    endloop
  endfacet
  facet normal 0.8577286164896021 -0.5141027333664285 0
    outer loop
      vertex 7.403881764709949 24.386657857596873 0.6
      vertex 7.434152758419513 24.43716196089983 0
      vertex 7.434152758419513 24.43716196089983 0.6
    endloop
  endfacet
  facet normal 0.9039892749353476 -0.42755513188577743 0
    outer loop
      vertex 7.434152758419513 24.43716196089983 0.6
      vertex 7.4593277189135545 24.490389936864375 0
      vertex 7.4593277189135545 24.490389936864375 0.6
    endloop
  endfacet
  facet normal 0.9415440524880385 -0.33688988887231636 0
    outer loop
      vertex 7.4593277189135545 24.490389936864375 0.6
      vertex 7.479164204299449 24.545829192996024 0
      vertex 7.479164204299449 24.545829192996024 0.6
    endloop
  endfacet
  facet normal 0.9700312701054483 -0.24298011239113992 0
    outer loop
      vertex 7.479164204299449 24.545829192996024 0.6
      vertex 7.493471166789531 24.60294580578804 0
      vertex 7.493471166789531 24.60294580578804 0.6
    endloop
  endfacet
  facet normal 0.9891765018328641 -0.1467305292762822 0
    outer loop
      vertex 7.493471166789531 24.60294580578804 0.6
      vertex 7.502110837697982 24.66118971377611 0
      vertex 7.502110837697982 24.66118971377611 0.6
    endloop
  endfacet
  facet normal 0.9987954564582731 -0.04906766917543716 0
    outer loop
      vertex 7.502110837697982 24.66118971377611 0.6
      vertex 7.5050000014901155 24.72 0
      vertex 7.5050000014901155 24.72 0.6
    endloop
  endfacet
  facet normal 0.9987954564582731 0.04906766917543716 0
    outer loop
      vertex 7.5050000014901155 24.72 0.6
      vertex 7.502110837697982 24.778810286223887 0
      vertex 7.502110837697982 24.778810286223887 0.6
    endloop
  endfacet
  facet normal 0.9891765018328641 0.1467305292762822 0
    outer loop
      vertex 7.502110837697982 24.778810286223887 0.6
      vertex 7.493471166789531 24.83705419421196 0
      vertex 7.493471166789531 24.83705419421196 0.6
    endloop
  endfacet
  facet normal 0.8032075268220934 0.5956993107737627 0
    outer loop
      vertex 7.403881764709949 25.053342142403125 0.6
      vertex 7.368806271553039 25.1006359693408 0
      vertex 7.368806271553039 25.1006359693408 0.6
    endloop
  endfacet
  facet normal 0.671558990336951 0.7409510931887576 0
    outer loop
      vertex 7.329264065921306 25.144264065921305 0.6
      vertex 7.285635969340801 25.18380627155304 0
      vertex 7.285635969340801 25.18380627155304 0.6
    endloop
  endfacet
  facet normal 0.7409510931887576 0.671558990336951 0
    outer loop
      vertex 7.368806271553039 25.1006359693408 0.6
      vertex 7.329264065921306 25.144264065921305 0
      vertex 7.329264065921306 25.144264065921305 0.6
    endloop
  endfacet
  facet normal -0.04906766917543716 0.9987954564582731 0
    outer loop
      vertex 6.846189713776111 25.31711083769798 0.6
      vertex 6.904999999999999 25.320000001490115 0.6
      vertex 6.846189713776111 25.31711083769798 0
    endloop
  endfacet
  facet normal 0.04906766917543716 0.9987954564582731 0
    outer loop
      vertex 6.904999999999999 25.320000001490115 0.6
      vertex 6.963810286223888 25.31711083769798 0.6
      vertex 6.904999999999999 25.320000001490115 0
    endloop
  endfacet
  facet normal 0.1467305292762822 0.9891765018328641 0
    outer loop
      vertex 6.963810286223888 25.31711083769798 0.6
      vertex 7.022054194211959 25.30847116678953 0.6
      vertex 6.963810286223888 25.31711083769798 0
    endloop
  endfacet
  facet normal 0.33688988887231636 0.9415440524880385 0
    outer loop
      vertex 7.079170807003974 25.29416420429945 0.6
      vertex 7.134610063135623 25.274327718913554 0.6
      vertex 7.079170807003974 25.29416420429945 0
    endloop
  endfacet
  facet normal 0.24298011239113992 0.9700312701054483 0
    outer loop
      vertex 7.022054194211959 25.30847116678953 0.6
      vertex 7.079170807003974 25.29416420429945 0.6
      vertex 7.022054194211959 25.30847116678953 0
    endloop
  endfacet
  facet normal 0.5956993107737627 0.8032075268220934 0
    outer loop
      vertex 7.238342142403125 25.21888176470995 0.6
      vertex 7.285635969340801 25.18380627155304 0.6
      vertex 7.238342142403125 25.21888176470995 0
    endloop
  endfacet
  facet normal 0.5141027333664285 0.8577286164896021 0
    outer loop
      vertex 7.1878380391001695 25.249152758419513 0.6
      vertex 7.238342142403125 25.21888176470995 0.6
      vertex 7.1878380391001695 25.249152758419513 0
    endloop
  endfacet
  facet normal 0.42755513188577743 0.9039892749353476 0
    outer loop
      vertex 7.1878380391001695 25.249152758419513 0.6
      vertex 7.134610063135623 25.274327718913554 0
      vertex 7.134610063135623 25.274327718913554 0.6
    endloop
  endfacet
  facet normal 0.9415440524880385 0.33688988887231636 0
    outer loop
      vertex 7.479164204299449 24.894170807003974 0.6
      vertex 7.4593277189135545 24.949610063135623 0
      vertex 7.4593277189135545 24.949610063135623 0.6
    endloop
  endfacet
  facet normal 0.9700312701054483 0.24298011239113992 0
    outer loop
      vertex 7.493471166789531 24.83705419421196 0.6
      vertex 7.479164204299449 24.894170807003974 0
      vertex 7.479164204299449 24.894170807003974 0.6
    endloop
  endfacet
  facet normal 0.9039892749353476 0.42755513188577743 0
    outer loop
      vertex 7.4593277189135545 24.949610063135623 0.6
      vertex 7.434152758419513 25.00283803910017 0
      vertex 7.434152758419513 25.00283803910017 0.6
    endloop
  endfacet
  facet normal 0.8577286164896021 0.5141027333664285 0
    outer loop
      vertex 7.403881764709949 25.053342142403125 0.6
      vertex 7.434152758419513 25.00283803910017 0.6
      vertex 7.403881764709949 25.053342142403125 0
    endloop
  endfacet
  facet normal -0.539053697330172 -0.8422714000811564 0
    outer loop
      vertex 9.976910679340362 22.753977165818213 0.6
      vertex 9.387777126133441 23.131022640764712 0.6
      vertex 9.976910679340362 22.753977165818213 0
    endloop
  endfacet
  facet normal 0.8577286005408924 -0.5141027599752428 0
    outer loop
      vertex 9.976910679340362 22.753977165818213 0.6
      vertex 10.12401261806488 22.999401913285254 0
      vertex 10.12401261806488 22.999401913285254 0.6
    endloop
  endfacet
  facet normal -0.5390537048868779 -0.8422713952448646 0
    outer loop
      vertex 8.966967439949512 23.400340833961963 0.6
      vertex 8.377833886742591 23.777386316359042 0.6
      vertex 8.966967439949512 23.400340833961963 0
    endloop
  endfacet
  facet normal 0.8577285894830616 -0.5141027784241178 0
    outer loop
      vertex 8.966967439949512 23.400340833961963 0.6
      vertex 9.065707101225852 23.565077991485595 0
      vertex 9.065707101225852 23.565077991485595 0.6
    endloop
  endfacet
  facet normal -0.8577285888030848 0.5141027795585905 0
    outer loop
      vertex 8.377833886742591 23.777386316359042 0.6
      vertex 8.448362215161323 23.89505571246147 0.6
      vertex 8.377833886742591 23.777386316359042 0
    endloop
  endfacet
  facet normal -0.9039892946109568 0.42755509028519917 0
    outer loop
      vertex 8.448362215161323 23.89505571246147 0.6
      vertex 8.521789184510707 24.050303996801375 0.6
      vertex 8.448362215161323 23.89505571246147 0
    endloop
  endfacet
  facet normal -0.941544068447896 0.33688984426750546 0
    outer loop
      vertex 8.521789184510707 24.050303996801375 0.6
      vertex 8.579645587801933 24.212001816630362 0.6
      vertex 8.521789184510707 24.050303996801375 0
    endloop
  endfacet
  facet normal -0.9700312517823311 0.24298018554113393 0
    outer loop
      vertex 8.579645587801933 24.212001816630362 0.6
      vertex 8.621374240815639 24.37859193354845 0.6
      vertex 8.579645587801933 24.212001816630362 0
    endloop
  endfacet
  facet normal 0.9039893005347766 -0.42755507776033397 0
    outer loop
      vertex 9.065707101225852 23.565077991485595 0.6
      vertex 9.168504855334758 23.782425591051577 0
      vertex 9.168504855334758 23.782425591051577 0.6
    endloop
  endfacet
  facet normal -0.8577286027614085 0.5141027562705357 0
    outer loop
      vertex 9.387777126133441 23.131022640764712 0.6
      vertex 9.50666773200035 23.32937962681055 0.6
      vertex 9.387777126133441 23.131022640764712 0
    endloop
  endfacet
  facet normal -0.9039892960166089 0.4275550873131972 0
    outer loop
      vertex 9.50666773200035 23.32937962681055 0.6
      vertex 9.630444622337818 23.591083877980708 0.6
      vertex 9.50666773200035 23.32937962681055 0
    endloop
  endfacet
  facet normal 0.9039892959209109 -0.42755508751553384 0
    outer loop
      vertex 10.12401261806488 22.999401913285254 0.6
      vertex 10.277160293161868 23.32320547223091 0
      vertex 10.277160293161868 23.32320547223091 0.6
    endloop
  endfacet
  facet normal 0.941544061784377 -0.3368898628907928 0
    outer loop
      vertex 10.277160293161868 23.32320547223091 0.6
      vertex 10.397832228541374 23.66046092778444 0
      vertex 10.397832228541374 23.66046092778444 0.6
    endloop
  endfacet
  facet normal 0.9415440698547024 -0.3368898403357443 0
    outer loop
      vertex 9.168504855334758 23.782425591051577 0.6
      vertex 9.249503819942474 24.00880254179239 0
      vertex 9.249503819942474 24.00880254179239 0.6
    endloop
  endfacet
  facet normal -0.9415440671982408 0.3368898477600572 0
    outer loop
      vertex 9.630444622337818 23.591083877980708 0.6
      vertex 9.727973988950252 23.863660202622412 0.6
      vertex 9.630444622337818 23.591083877980708 0
    endloop
  endfacet
  facet normal -0.9700312546892906 0.24298017393590077 0
    outer loop
      vertex 9.727973988950252 23.863660202622412 0.6
      vertex 9.798316574394702 24.14448355257511 0.6
      vertex 9.727973988950252 23.863660202622412 0
    endloop
  endfacet
  facet normal 0.9700312539777707 -0.24298017677644732 0
    outer loop
      vertex 9.249503819942474 24.00880254179239 0.6
      vertex 9.307923934161662 24.24202871441841 0
      vertex 9.307923934161662 24.24202871441841 0.6
    endloop
  endfacet
  facet normal -0.9891765090385507 0.14673048069949882 0
    outer loop
      vertex 9.798316574394702 24.14448355257511 0.6
      vertex 9.840794942080974 24.430849434137343 0.6
      vertex 9.798316574394702 24.14448355257511 0
    endloop
  endfacet
  facet normal 0.9700312543774001 -0.24298017518103762 0
    outer loop
      vertex 10.397832228541374 23.66046092778444 0.6
      vertex 10.484866275191306 24.00792032599449 0
      vertex 10.484866275191306 24.00792032599449 0.6
    endloop
  endfacet
  facet normal 0.9891765115520188 -0.14673046375507337 0
    outer loop
      vertex 10.484866275191306 24.00792032599449 0.6
      vertex 10.537424250245094 24.362237439751624 0
      vertex 10.537424250245094 24.362237439751624 0.6
    endloop
  endfacet
  facet normal -0.989176508616824 0.14673048354254967 0
    outer loop
      vertex 8.621374240815639 24.37859193354845 0.6
      vertex 8.646573274135589 24.54847000658512 0.6
      vertex 8.621374240815639 24.37859193354845 0
    endloop
  endfacet
  facet normal -0.9987954568766596 0.04906766065897884 0
    outer loop
      vertex 8.646573274135589 24.54847000658512 0.6
      vertex 8.655 24.72 0.6
      vertex 8.646573274135589 24.54847000658512 0
    endloop
  endfacet
  facet normal -0.9987954568766596 -0.04906766065897884 0
    outer loop
      vertex 8.655 24.72 0.6
      vertex 8.646573274135589 24.891529993414878 0.6
      vertex 8.655 24.72 0
    endloop
  endfacet
  facet normal -0.941544068447896 -0.33688984426750546 0
    outer loop
      vertex 8.579645587801933 25.227998183369635 0.6
      vertex 8.521789184510707 25.389696003198623 0.6
      vertex 8.579645587801933 25.227998183369635 0
    endloop
  endfacet
  facet normal -0.9039892946109568 -0.42755509028519917 0
    outer loop
      vertex 8.521789184510707 25.389696003198623 0.6
      vertex 8.448362215161323 25.544944287538527 0.6
      vertex 8.521789184510707 25.389696003198623 0
    endloop
  endfacet
  facet normal -0.989176508616824 -0.14673048354254967 0
    outer loop
      vertex 8.646573274135589 24.891529993414878 0.6
      vertex 8.621374240815639 25.06140806645155 0.6
      vertex 8.646573274135589 24.891529993414878 0
    endloop
  endfacet
  facet normal -0.9700312517823311 -0.24298018554113393 0
    outer loop
      vertex 8.579645587801933 25.227998183369635 0.6
      vertex 8.621374240815639 25.06140806645155 0
      vertex 8.621374240815639 25.06140806645155 0.6
    endloop
  endfacet
  facet normal 0.9891765066498005 -0.14673049680314343 0
    outer loop
      vertex 9.307923934161662 24.24202871441841 0.6
      vertex 9.343202582299709 24.47985800474882 0
      vertex 9.343202582299709 24.47985800474882 0.6
    endloop
  endfacet
  facet normal 0.9987954560102078 -0.049067678296011434 0
    outer loop
      vertex 9.343202582299709 24.47985800474882 0.6
      vertex 9.355000002980232 24.72 0
      vertex 9.355000002980232 24.72 0.6
    endloop
  endfacet
  facet normal -0.9987954554451792 0.04906768979743145 0
    outer loop
      vertex 9.840794942080974 24.430849434137343 0.6
      vertex 9.855000002980232 24.72 0.6
      vertex 9.840794942080974 24.430849434137343 0
    endloop
  endfacet
  facet normal -0.9987954554451792 -0.04906768979743145 0
    outer loop
      vertex 9.855000002980232 24.72 0.6
      vertex 9.840794942080974 25.009150565862655 0.6
      vertex 9.855000002980232 24.72 0
    endloop
  endfacet
  facet normal 0.9987954560102078 0.049067678296011434 0
    outer loop
      vertex 9.355000002980232 24.72 0.6
      vertex 9.343202582299709 24.960141995251178 0
      vertex 9.343202582299709 24.960141995251178 0.6
    endloop
  endfacet
  facet normal 0.9891765066498005 0.14673049680314343 0
    outer loop
      vertex 9.343202582299709 24.960141995251178 0.6
      vertex 9.307923934161662 25.197971285581588 0
      vertex 9.307923934161662 25.197971285581588 0.6
    endloop
  endfacet
  facet normal 0.9700312539777707 0.24298017677644732 0
    outer loop
      vertex 9.307923934161662 25.197971285581588 0.6
      vertex 9.249503819942474 25.431197458207606 0
      vertex 9.249503819942474 25.431197458207606 0.6
    endloop
  endfacet
  facet normal -0.9700312546892906 -0.24298017393590077 0
    outer loop
      vertex 9.798316574394702 25.295516447424887 0.6
      vertex 9.727973988950252 25.576339797377585 0.6
      vertex 9.798316574394702 25.295516447424887 0
    endloop
  endfacet
  facet normal -0.9891765090385507 -0.14673048069949882 0
    outer loop
      vertex 9.840794942080974 25.009150565862655 0.6
      vertex 9.798316574394702 25.295516447424887 0.6
      vertex 9.840794942080974 25.009150565862655 0
    endloop
  endfacet
  facet normal -0.8577285888030848 -0.5141027795585905 0
    outer loop
      vertex 8.448362215161323 25.544944287538527 0.6
      vertex 8.377833886742591 25.662613683640956 0.6
      vertex 8.448362215161323 25.544944287538527 0
    endloop
  endfacet
  facet normal -0.5390537048868779 0.8422713952448646 0
    outer loop
      vertex 8.377833886742591 25.662613683640956 0.6
      vertex 8.966967439949512 26.039659166038035 0.6
      vertex 8.377833886742591 25.662613683640956 0
    endloop
  endfacet
  facet normal 0.9039893005347766 0.42755507776033397 0
    outer loop
      vertex 9.168504855334758 25.65757440894842 0.6
      vertex 9.065707101225852 25.874922008514403 0
      vertex 9.065707101225852 25.874922008514403 0.6
    endloop
  endfacet
  facet normal 0.8577285894830616 0.5141027784241178 0
    outer loop
      vertex 9.065707101225852 25.874922008514403 0.6
      vertex 8.966967439949512 26.039659166038035 0
      vertex 8.966967439949512 26.039659166038035 0.6
    endloop
  endfacet
  facet normal 0.9415440698547024 0.3368898403357443 0
    outer loop
      vertex 9.249503819942474 25.431197458207606 0.6
      vertex 9.168504855334758 25.65757440894842 0
      vertex 9.168504855334758 25.65757440894842 0.6
    endloop
  endfacet
  facet normal -0.9415440671982408 -0.3368898477600572 0
    outer loop
      vertex 9.727973988950252 25.576339797377585 0.6
      vertex 9.630444622337818 25.84891612201929 0.6
      vertex 9.727973988950252 25.576339797377585 0
    endloop
  endfacet
  facet normal -0.9039892960166089 -0.4275550873131972 0
    outer loop
      vertex 9.630444622337818 25.84891612201929 0.6
      vertex 9.50666773200035 26.110620373189448 0.6
      vertex 9.630444622337818 25.84891612201929 0
    endloop
  endfacet
  facet normal 0.941544061784377 0.3368898628907928 0
    outer loop
      vertex 10.277160293161868 26.116794527769088 0.6
      vertex 10.397832228541374 25.779539072215556 0.6
      vertex 10.277160293161868 26.116794527769088 0
    endloop
  endfacet
  facet normal -0.8577286027614085 -0.5141027562705357 0
    outer loop
      vertex 9.387777126133441 26.308977359235286 0.6
      vertex 9.50666773200035 26.110620373189448 0
      vertex 9.50666773200035 26.110620373189448 0.6
    endloop
  endfacet
  facet normal -0.539053697330172 0.8422714000811564 0
    outer loop
      vertex 9.387777126133441 26.308977359235286 0.6
      vertex 9.976910679340362 26.686022834181784 0.6
      vertex 9.387777126133441 26.308977359235286 0
    endloop
  endfacet
  facet normal 0.9039892959209109 0.42755508751553384 0
    outer loop
      vertex 10.277160293161868 26.116794527769088 0.6
      vertex 10.12401261806488 26.440598086714743 0
      vertex 10.12401261806488 26.440598086714743 0.6
    endloop
  endfacet
  facet normal 0.8577286005408924 0.5141027599752428 0
    outer loop
      vertex 9.976910679340362 26.686022834181784 0.6
      vertex 10.12401261806488 26.440598086714743 0.6
      vertex 9.976910679340362 26.686022834181784 0
    endloop
  endfacet
  facet normal 0.9987954561074371 -0.04906767631686453 0
    outer loop
      vertex 10.537424250245094 24.362237439751624 0.6
      vertex 10.554999998509883 24.72 0
      vertex 10.554999998509883 24.72 0.6
    endloop
  endfacet
  facet normal 0.9987954561074371 0.04906767631686453 0
    outer loop
      vertex 10.554999998509883 24.72 0.6
      vertex 10.537424250245094 25.077762560248374 0
      vertex 10.537424250245094 25.077762560248374 0.6
    endloop
  endfacet
  facet normal 0.9891765115520188 0.14673046375507337 0
    outer loop
      vertex 10.537424250245094 25.077762560248374 0.6
      vertex 10.484866275191306 25.432079674005507 0
      vertex 10.484866275191306 25.432079674005507 0.6
    endloop
  endfacet
  facet normal 0.9700312543774001 0.24298017518103762 0
    outer loop
      vertex 10.484866275191306 25.432079674005507 0.6
      vertex 10.397832228541374 25.779539072215556 0
      vertex 10.397832228541374 25.779539072215556 0.6
    endloop
  endfacet
  facet normal 0 0 1
    outer loop
      vertex 3.833089320659637 22.753977165818213 0.6
      vertex 4.303332267999648 23.32937962681055 0.6
      vertex 3.685987381935119 22.999401913285254 0.6
    endloop
  endfacet
  facet normal 0 0 1
    outer loop
      vertex 3.685987381935119 22.999401913285254 0.6
      vertex 4.179555377662181 23.591083877980708 0.6
      vertex 3.5328397068381303 23.32320547223091 0.6
    endloop
  endfacet
  facet normal 0 0 1
    outer loop
      vertex 3.5328397068381303 23.32320547223091 0.6
      vertex 4.082026011049747 23.863660202622412 0.6
      vertex 3.412167771458625 23.66046092778444 0.6
    endloop
  endfacet
  facet normal 0 0 1
    outer loop
      vertex 3.685987381935119 22.999401913285254 0.6
      vertex 4.303332267999648 23.32937962681055 0.6
      vertex 4.179555377662181 23.591083877980708 0.6
    endloop
  endfacet
  facet normal 0 0 1
    outer loop
      vertex 3.833089320659637 22.753977165818213 0.6
      vertex 4.422222873866557 23.131022640764712 0.6
      vertex 4.303332267999648 23.32937962681055 0.6
    endloop
  endfacet
  facet normal 0 0 1
    outer loop
      vertex 3.5328397068381303 23.32320547223091 0.6
      vertex 4.179555377662181 23.591083877980708 0.6
      vertex 4.082026011049747 23.863660202622412 0.6
    endloop
  endfacet
  facet normal 0 0 1
    outer loop
      vertex 3.412167771458625 23.66046092778444 0.6
      vertex 4.0116834256052964 24.14448355257511 0.6
      vertex 3.3251337248086923 24.00792032599449 0.6
    endloop
  endfacet
  facet normal 0 0 1
    outer loop
      vertex 3.412167771458625 23.66046092778444 0.6
      vertex 4.082026011049747 23.863660202622412 0.6
      vertex 4.0116834256052964 24.14448355257511 0.6
    endloop
  endfacet
  facet normal 0 0 1
    outer loop
      vertex 3.3251337248086923 24.00792032599449 0.6
      vertex 3.969205057919025 24.430849434137343 0.6
      vertex 3.272575749754905 24.362237439751624 0.6
    endloop
  endfacet
  facet normal 0 0 1
    outer loop
      vertex 3.3251337248086923 24.00792032599449 0.6
      vertex 4.0116834256052964 24.14448355257511 0.6
      vertex 3.969205057919025 24.430849434137343 0.6
    endloop
  endfacet
  facet normal 0 0 1
    outer loop
      vertex 4.843032560050487 23.400340833961963 0.6
      vertex 5.361637784838676 23.89505571246147 0.6
      vertex 4.744292898774146 23.565077991485595 0.6
    endloop
  endfacet
  facet normal 0 0 1
    outer loop
      vertex 4.744292898774146 23.565077991485595 0.6
      vertex 5.361637784838676 23.89505571246147 0.6
      vertex 4.641495144665241 23.782425591051577 0.6
    endloop
  endfacet
  facet normal 0 0 1
    outer loop
      vertex 4.641495144665241 23.782425591051577 0.6
      vertex 5.2882108154892915 24.050303996801375 0.6
      vertex 4.560496180057525 24.00880254179239 0.6
    endloop
  endfacet
  facet normal 0 0 1
    outer loop
      vertex 4.560496180057525 24.00880254179239 0.6
      vertex 5.2882108154892915 24.050303996801375 0.6
      vertex 5.230354412198066 24.212001816630362 0.6
    endloop
  endfacet
  facet normal 0 0 1
    outer loop
      vertex 4.560496180057525 24.00880254179239 0.6
      vertex 5.230354412198066 24.212001816630362 0.6
      vertex 4.502076065838336 24.24202871441841 0.6
    endloop
  endfacet
  facet normal 0 0 1
    outer loop
      vertex 4.843032560050487 23.400340833961963 0.6
      vertex 5.4321661132574075 23.777386316359042 0.6
      vertex 5.361637784838676 23.89505571246147 0.6
    endloop
  endfacet
  facet normal 0 0 1
    outer loop
      vertex 4.641495144665241 23.782425591051577 0.6
      vertex 5.361637784838676 23.89505571246147 0.6
      vertex 5.2882108154892915 24.050303996801375 0.6
    endloop
  endfacet
  facet normal 0 0 1
    outer loop
      vertex 6.7879458057880395 24.131528833210467 0.6
      vertex 6.846189713776111 24.122889162302016 0.6
      vertex 7.329264065921306 24.295735934078692 0.6
    endloop
  endfacet
  facet normal 0 0 1
    outer loop
      vertex 6.846189713776111 24.122889162302016 0.6
      vertex 6.904999999999999 24.119999998509883 0.6
      vertex 7.329264065921306 24.295735934078692 0.6
    endloop
  endfacet
  facet normal 0 0 1
    outer loop
      vertex 7.022054194211959 24.131528833210467 0.6
      vertex 7.079170807003974 24.14583579570055 0.6
      vertex 7.134610063135623 24.165672281086444 0.6
    endloop
  endfacet
  facet normal 0 0 1
    outer loop
      vertex 6.904999999999999 24.119999998509883 0.6
      vertex 6.963810286223888 24.122889162302016 0.6
      vertex 7.329264065921306 24.295735934078692 0.6
    endloop
  endfacet
  facet normal 0 0 1
    outer loop
      vertex 6.963810286223888 24.122889162302016 0.6
      vertex 7.022054194211959 24.131528833210467 0.6
      vertex 7.329264065921306 24.295735934078692 0.6
    endloop
  endfacet
  facet normal 0 0 1
    outer loop
      vertex 7.022054194211959 24.131528833210467 0.6
      vertex 7.134610063135623 24.165672281086444 0.6
      vertex 7.1878380391001695 24.190847241580485 0.6
    endloop
  endfacet
  facet normal 0 0 1
    outer loop
      vertex 7.022054194211959 24.131528833210467 0.6
      vertex 7.1878380391001695 24.190847241580485 0.6
      vertex 7.238342142403125 24.22111823529005 0.6
    endloop
  endfacet
  facet normal 0 0 1
    outer loop
      vertex 7.022054194211959 24.131528833210467 0.6
      vertex 7.238342142403125 24.22111823529005 0.6
      vertex 7.285635969340801 24.25619372844696 0.6
    endloop
  endfacet
  facet normal 0 0 1
    outer loop
      vertex 6.7879458057880395 24.131528833210467 0.6
      vertex 7.329264065921306 24.295735934078692 0.6
      vertex 7.368806271553039 24.339364030659198 0.6
    endloop
  endfacet
  facet normal 0 0 1
    outer loop
      vertex 7.022054194211959 24.131528833210467 0.6
      vertex 7.285635969340801 24.25619372844696 0.6
      vertex 7.329264065921306 24.295735934078692 0.6
    endloop
  endfacet
  facet normal 0 0 1
    outer loop
      vertex 3.272575749754905 24.362237439751624 0.6
      vertex 3.969205057919025 24.430849434137343 0.6
      vertex 3.954999997019767 24.72 0.6
    endloop
  endfacet
  facet normal 0 0 1
    outer loop
      vertex 3.272575749754905 24.362237439751624 0.6
      vertex 3.954999997019767 24.72 0.6
      vertex 3.2550000014901155 24.72 0.6
    endloop
  endfacet
  facet normal 0 0 1
    outer loop
      vertex 3.2550000014901155 24.72 0.6
      vertex 3.954999997019767 24.72 0.6
      vertex 3.272575749754905 25.077762560248374 0.6
    endloop
  endfacet
  facet normal 0 0 1
    outer loop
      vertex 3.272575749754905 25.077762560248374 0.6
      vertex 3.969205057919025 25.009150565862655 0.6
      vertex 3.3251337248086923 25.432079674005507 0.6
    endloop
  endfacet
  facet normal 0 0 1
    outer loop
      vertex 3.954999997019767 24.72 0.6
      vertex 3.969205057919025 25.009150565862655 0.6
      vertex 3.272575749754905 25.077762560248374 0.6
    endloop
  endfacet
  facet normal 0 0 1
    outer loop
      vertex 3.3251337248086923 25.432079674005507 0.6
      vertex 3.969205057919025 25.009150565862655 0.6
      vertex 4.0116834256052964 25.295516447424887 0.6
    endloop
  endfacet
  facet normal 0 0 1
    outer loop
      vertex 4.502076065838336 24.24202871441841 0.6
      vertex 5.18862575918436 24.37859193354845 0.6
      vertex 4.46679741770029 24.47985800474882 0.6
    endloop
  endfacet
  facet normal 0 0 1
    outer loop
      vertex 4.502076065838336 24.24202871441841 0.6
      vertex 5.230354412198066 24.212001816630362 0.6
      vertex 5.18862575918436 24.37859193354845 0.6
    endloop
  endfacet
  facet normal 0 0 1
    outer loop
      vertex 4.46679741770029 24.47985800474882 0.6
      vertex 5.18862575918436 24.37859193354845 0.6
      vertex 5.16342672586441 24.54847000658512 0.6
    endloop
  endfacet
  facet normal 0 0 1
    outer loop
      vertex 4.46679741770029 24.47985800474882 0.6
      vertex 5.16342672586441 24.54847000658512 0.6
      vertex 4.454999997019767 24.72 0.6
    endloop
  endfacet
  facet normal 0 0 1
    outer loop
      vertex 4.454999997019767 24.72 0.6
      vertex 5.16342672586441 24.891529993414878 0.6
      vertex 4.46679741770029 24.960141995251178 0.6
    endloop
  endfacet
  facet normal 0 0 1
    outer loop
      vertex 4.454999997019767 24.72 0.6
      vertex 5.16342672586441 24.54847000658512 0.6
      vertex 5.154999999999999 24.72 0.6
    endloop
  endfacet
  facet normal 0 0 1
    outer loop
      vertex 4.454999997019767 24.72 0.6
      vertex 5.154999999999999 24.72 0.6
      vertex 5.16342672586441 24.891529993414878 0.6
    endloop
  endfacet
  facet normal 0 0 1
    outer loop
      vertex 4.46679741770029 24.960141995251178 0.6
      vertex 5.18862575918436 25.06140806645155 0.6
      vertex 4.502076065838336 25.197971285581588 0.6
    endloop
  endfacet
  facet normal 0 0 1
    outer loop
      vertex 4.46679741770029 24.960141995251178 0.6
      vertex 5.16342672586441 24.891529993414878 0.6
      vertex 5.18862575918436 25.06140806645155 0.6
    endloop
  endfacet
  facet normal 0 0 1
    outer loop
      vertex 4.502076065838336 25.197971285581588 0.6
      vertex 5.18862575918436 25.06140806645155 0.6
      vertex 5.230354412198066 25.227998183369635 0.6
    endloop
  endfacet
  facet normal 0 0 1
    outer loop
      vertex 4.502076065838336 25.197971285581588 0.6
      vertex 5.230354412198066 25.227998183369635 0.6
      vertex 4.560496180057525 25.431197458207606 0.6
    endloop
  endfacet
  facet normal 0 0 1
    outer loop
      vertex 4.560496180057525 25.431197458207606 0.6
      vertex 5.230354412198066 25.227998183369635 0.6
      vertex 5.2882108154892915 25.389696003198623 0.6
    endloop
  endfacet
  facet normal 0 0 1
    outer loop
      vertex 3.3251337248086923 25.432079674005507 0.6
      vertex 4.0116834256052964 25.295516447424887 0.6
      vertex 3.412167771458625 25.779539072215556 0.6
    endloop
  endfacet
  facet normal 0 0 1
    outer loop
      vertex 4.0116834256052964 25.295516447424887 0.6
      vertex 4.082026011049747 25.576339797377585 0.6
      vertex 3.412167771458625 25.779539072215556 0.6
    endloop
  endfacet
  facet normal 0 0 1
    outer loop
      vertex 3.412167771458625 25.779539072215556 0.6
      vertex 4.082026011049747 25.576339797377585 0.6
      vertex 3.5328397068381303 26.116794527769088 0.6
    endloop
  endfacet
  facet normal 0 0 1
    outer loop
      vertex 4.082026011049747 25.576339797377585 0.6
      vertex 4.179555377662181 25.84891612201929 0.6
      vertex 3.5328397068381303 26.116794527769088 0.6
    endloop
  endfacet
  facet normal 0 0 1
    outer loop
      vertex 4.179555377662181 25.84891612201929 0.6
      vertex 3.685987381935119 26.440598086714743 0.6
      vertex 3.5328397068381303 26.116794527769088 0.6
    endloop
  endfacet
  facet normal 0 0 1
    outer loop
      vertex 4.179555377662181 25.84891612201929 0.6
      vertex 4.303332267999648 26.110620373189448 0.6
      vertex 3.685987381935119 26.440598086714743 0.6
    endloop
  endfacet
  facet normal 0 0 1
    outer loop
      vertex 3.833089320659637 26.686022834181784 0.6
      vertex 4.303332267999648 26.110620373189448 0.6
      vertex 4.422222873866557 26.308977359235286 0.6
    endloop
  endfacet
  facet normal 0 0 1
    outer loop
      vertex 3.685987381935119 26.440598086714743 0.6
      vertex 4.303332267999648 26.110620373189448 0.6
      vertex 3.833089320659637 26.686022834181784 0.6
    endloop
  endfacet
  facet normal 0 0 1
    outer loop
      vertex 4.560496180057525 25.431197458207606 0.6
      vertex 5.2882108154892915 25.389696003198623 0.6
      vertex 4.641495144665241 25.65757440894842 0.6
    endloop
  endfacet
  facet normal 0 0 1
    outer loop
      vertex 4.641495144665241 25.65757440894842 0.6
      vertex 5.361637784838676 25.544944287538527 0.6
      vertex 4.744292898774146 25.874922008514403 0.6
    endloop
  endfacet
  facet normal 0 0 1
    outer loop
      vertex 4.744292898774146 25.874922008514403 0.6
      vertex 5.361637784838676 25.544944287538527 0.6
      vertex 4.843032560050487 26.039659166038035 0.6
    endloop
  endfacet
  facet normal 0 0 1
    outer loop
      vertex 5.2882108154892915 25.389696003198623 0.6
      vertex 5.361637784838676 25.544944287538527 0.6
      vertex 4.641495144665241 25.65757440894842 0.6
    endloop
  endfacet
  facet normal 0 0 1
    outer loop
      vertex 4.843032560050487 26.039659166038035 0.6
      vertex 5.361637784838676 25.544944287538527 0.6
      vertex 5.4321661132574075 25.662613683640956 0.6
    endloop
  endfacet
  facet normal 0 0 1
    outer loop
      vertex 6.44119372844696 24.339364030659198 0.6
      vertex 6.480735934078693 24.295735934078692 0.6
      vertex 7.493471166789531 24.83705419421196 0.6
    endloop
  endfacet
  facet normal 0 0 1
    outer loop
      vertex 6.44119372844696 24.339364030659198 0.6
      vertex 7.493471166789531 24.83705419421196 0.6
      vertex 6.40611823529005 24.386657857596873 0.6
    endloop
  endfacet
  facet normal 0 0 1
    outer loop
      vertex 6.40611823529005 24.386657857596873 0.6
      vertex 7.493471166789531 24.83705419421196 0.6
      vertex 6.375847241580486 24.43716196089983 0.6
    endloop
  endfacet
  facet normal 0 0 1
    outer loop
      vertex 6.350672281086444 24.490389936864375 0.6
      vertex 6.375847241580486 24.43716196089983 0.6
      vertex 7.493471166789531 24.83705419421196 0.6
    endloop
  endfacet
  facet normal 0 0 1
    outer loop
      vertex 6.350672281086444 24.490389936864375 0.6
      vertex 7.493471166789531 24.83705419421196 0.6
      vertex 6.330835795700549 24.545829192996024 0.6
    endloop
  endfacet
  facet normal 0 0 1
    outer loop
      vertex 6.330835795700549 24.545829192996024 0.6
      vertex 7.493471166789531 24.83705419421196 0.6
      vertex 6.316528833210468 24.60294580578804 0.6
    endloop
  endfacet
  facet normal 0 0 1
    outer loop
      vertex 6.316528833210468 24.60294580578804 0.6
      vertex 7.493471166789531 24.83705419421196 0.6
      vertex 6.307889162302017 24.66118971377611 0.6
    endloop
  endfacet
  facet normal 0 0 1
    outer loop
      vertex 6.307889162302017 24.66118971377611 0.6
      vertex 7.493471166789531 24.83705419421196 0.6
      vertex 6.304999998509883 24.72 0.6
    endloop
  endfacet
  facet normal 0 0 1
    outer loop
      vertex 6.304999998509883 24.72 0.6
      vertex 7.493471166789531 24.83705419421196 0.6
      vertex 6.307889162302017 24.778810286223887 0.6
    endloop
  endfacet
  facet normal 0 0 1
    outer loop
      vertex 6.307889162302017 24.778810286223887 0.6
      vertex 7.493471166789531 24.83705419421196 0.6
      vertex 6.316528833210468 24.83705419421196 0.6
    endloop
  endfacet
  facet normal 0 0 1
    outer loop
      vertex 6.316528833210468 24.83705419421196 0.6
      vertex 7.493471166789531 24.83705419421196 0.6
      vertex 6.330835795700549 24.894170807003974 0.6
    endloop
  endfacet
  facet normal 0 0 1
    outer loop
      vertex 6.330835795700549 24.894170807003974 0.6
      vertex 7.493471166789531 24.83705419421196 0.6
      vertex 6.350672281086444 24.949610063135623 0.6
    endloop
  endfacet
  facet normal 0 0 1
    outer loop
      vertex 6.350672281086444 24.949610063135623 0.6
      vertex 7.493471166789531 24.83705419421196 0.6
      vertex 6.375847241580486 25.00283803910017 0.6
    endloop
  endfacet
  facet normal 0 0 1
    outer loop
      vertex 6.375847241580486 25.00283803910017 0.6
      vertex 7.434152758419513 25.00283803910017 0.6
      vertex 6.40611823529005 25.053342142403125 0.6
    endloop
  endfacet
  facet normal 0 0 1
    outer loop
      vertex 6.40611823529005 25.053342142403125 0.6
      vertex 7.434152758419513 25.00283803910017 0.6
      vertex 6.44119372844696 25.1006359693408 0.6
    endloop
  endfacet
  facet normal 0 0 1
    outer loop
      vertex 6.44119372844696 25.1006359693408 0.6
      vertex 7.434152758419513 25.00283803910017 0.6
      vertex 6.480735934078693 25.144264065921305 0.6
    endloop
  endfacet
  facet normal 0 0 1
    outer loop
      vertex 6.480735934078693 25.144264065921305 0.6
      vertex 7.329264065921306 25.144264065921305 0.6
      vertex 6.524364030659198 25.18380627155304 0.6
    endloop
  endfacet
  facet normal 0 0 1
    outer loop
      vertex 6.524364030659198 25.18380627155304 0.6
      vertex 7.329264065921306 25.144264065921305 0.6
      vertex 6.571657857596874 25.21888176470995 0.6
    endloop
  endfacet
  facet normal 0 0 1
    outer loop
      vertex 6.571657857596874 25.21888176470995 0.6
      vertex 7.238342142403125 25.21888176470995 0.6
      vertex 6.622161960899829 25.249152758419513 0.6
    endloop
  endfacet
  facet normal 0 0 1
    outer loop
      vertex 6.622161960899829 24.190847241580485 0.6
      vertex 7.493471166789531 24.83705419421196 0.6
      vertex 6.571657857596874 24.22111823529005 0.6
    endloop
  endfacet
  facet normal 0 0 1
    outer loop
      vertex 6.622161960899829 24.190847241580485 0.6
      vertex 6.675389936864375 24.165672281086444 0.6
      vertex 7.493471166789531 24.83705419421196 0.6
    endloop
  endfacet
  facet normal 0 0 1
    outer loop
      vertex 6.7308291929960244 24.14583579570055 0.6
      vertex 7.493471166789531 24.83705419421196 0.6
      vertex 6.675389936864375 24.165672281086444 0.6
    endloop
  endfacet
  facet normal 0 0 1
    outer loop
      vertex 6.7308291929960244 24.14583579570055 0.6
      vertex 6.7879458057880395 24.131528833210467 0.6
      vertex 7.493471166789531 24.83705419421196 0.6
    endloop
  endfacet
  facet normal 0 0 1
    outer loop
      vertex 6.571657857596874 24.22111823529005 0.6
      vertex 7.493471166789531 24.83705419421196 0.6
      vertex 6.524364030659198 24.25619372844696 0.6
    endloop
  endfacet
  facet normal 0 0 1
    outer loop
      vertex 6.524364030659198 24.25619372844696 0.6
      vertex 7.493471166789531 24.83705419421196 0.6
      vertex 6.480735934078693 24.295735934078692 0.6
    endloop
  endfacet
  facet normal 0 0 1
    outer loop
      vertex 6.7879458057880395 24.131528833210467 0.6
      vertex 7.368806271553039 24.339364030659198 0.6
      vertex 7.403881764709949 24.386657857596873 0.6
    endloop
  endfacet
  facet normal 0 0 1
    outer loop
      vertex 6.7879458057880395 24.131528833210467 0.6
      vertex 7.403881764709949 24.386657857596873 0.6
      vertex 7.434152758419513 24.43716196089983 0.6
    endloop
  endfacet
  facet normal 0 0 1
    outer loop
      vertex 6.7879458057880395 24.131528833210467 0.6
      vertex 7.434152758419513 24.43716196089983 0.6
      vertex 7.4593277189135545 24.490389936864375 0.6
    endloop
  endfacet
  facet normal 0 0 1
    outer loop
      vertex 6.7879458057880395 24.131528833210467 0.6
      vertex 7.4593277189135545 24.490389936864375 0.6
      vertex 7.479164204299449 24.545829192996024 0.6
    endloop
  endfacet
  facet normal 0 0 1
    outer loop
      vertex 6.7879458057880395 24.131528833210467 0.6
      vertex 7.479164204299449 24.545829192996024 0.6
      vertex 7.493471166789531 24.60294580578804 0.6
    endloop
  endfacet
  facet normal 0 0 1
    outer loop
      vertex 6.7879458057880395 24.131528833210467 0.6
      vertex 7.493471166789531 24.60294580578804 0.6
      vertex 7.502110837697982 24.66118971377611 0.6
    endloop
  endfacet
  facet normal 0 0 1
    outer loop
      vertex 6.7879458057880395 24.131528833210467 0.6
      vertex 7.502110837697982 24.66118971377611 0.6
      vertex 7.5050000014901155 24.72 0.6
    endloop
  endfacet
  facet normal 0 0 1
    outer loop
      vertex 6.7879458057880395 24.131528833210467 0.6
      vertex 7.5050000014901155 24.72 0.6
      vertex 7.502110837697982 24.778810286223887 0.6
    endloop
  endfacet
  facet normal 0 0 1
    outer loop
      vertex 6.7879458057880395 24.131528833210467 0.6
      vertex 7.502110837697982 24.778810286223887 0.6
      vertex 7.493471166789531 24.83705419421196 0.6
    endloop
  endfacet
  facet normal 0 0 1
    outer loop
      vertex 6.375847241580486 25.00283803910017 0.6
      vertex 7.479164204299449 24.894170807003974 0.6
      vertex 7.4593277189135545 24.949610063135623 0.6
    endloop
  endfacet
  facet normal 0 0 1
    outer loop
      vertex 6.375847241580486 25.00283803910017 0.6
      vertex 7.4593277189135545 24.949610063135623 0.6
      vertex 7.434152758419513 25.00283803910017 0.6
    endloop
  endfacet
  facet normal 0 0 1
    outer loop
      vertex 6.480735934078693 25.144264065921305 0.6
      vertex 7.434152758419513 25.00283803910017 0.6
      vertex 7.403881764709949 25.053342142403125 0.6
    endloop
  endfacet
  facet normal 0 0 1
    outer loop
      vertex 6.480735934078693 25.144264065921305 0.6
      vertex 7.403881764709949 25.053342142403125 0.6
      vertex 7.368806271553039 25.1006359693408 0.6
    endloop
  endfacet
  facet normal 0 0 1
    outer loop
      vertex 6.480735934078693 25.144264065921305 0.6
      vertex 7.368806271553039 25.1006359693408 0.6
      vertex 7.329264065921306 25.144264065921305 0.6
    endloop
  endfacet
  facet normal 0 0 1
    outer loop
      vertex 6.375847241580486 25.00283803910017 0.6
      vertex 7.493471166789531 24.83705419421196 0.6
      vertex 7.479164204299449 24.894170807003974 0.6
    endloop
  endfacet
  facet normal 0 0 1
    outer loop
      vertex 6.622161960899829 25.249152758419513 0.6
      vertex 7.238342142403125 25.21888176470995 0.6
      vertex 6.675389936864375 25.274327718913554 0.6
    endloop
  endfacet
  facet normal 0 0 1
    outer loop
      vertex 6.675389936864375 25.274327718913554 0.6
      vertex 7.134610063135623 25.274327718913554 0.6
      vertex 6.7308291929960244 25.29416420429945 0.6
    endloop
  endfacet
  facet normal 0 0 1
    outer loop
      vertex 6.7308291929960244 25.29416420429945 0.6
      vertex 7.134610063135623 25.274327718913554 0.6
      vertex 6.7879458057880395 25.30847116678953 0.6
    endloop
  endfacet
  facet normal 0 0 1
    outer loop
      vertex 6.7879458057880395 25.30847116678953 0.6
      vertex 7.022054194211959 25.30847116678953 0.6
      vertex 6.846189713776111 25.31711083769798 0.6
    endloop
  endfacet
  facet normal 0 0 1
    outer loop
      vertex 6.846189713776111 25.31711083769798 0.6
      vertex 7.022054194211959 25.30847116678953 0.6
      vertex 6.904999999999999 25.320000001490115 0.6
    endloop
  endfacet
  facet normal 0 0 1
    outer loop
      vertex 6.7879458057880395 25.30847116678953 0.6
      vertex 7.079170807003974 25.29416420429945 0.6
      vertex 7.022054194211959 25.30847116678953 0.6
    endloop
  endfacet
  facet normal 0 0 1
    outer loop
      vertex 6.571657857596874 25.21888176470995 0.6
      vertex 7.285635969340801 25.18380627155304 0.6
      vertex 7.238342142403125 25.21888176470995 0.6
    endloop
  endfacet
  facet normal 0 0 1
    outer loop
      vertex 6.675389936864375 25.274327718913554 0.6
      vertex 7.238342142403125 25.21888176470995 0.6
      vertex 7.1878380391001695 25.249152758419513 0.6
    endloop
  endfacet
  facet normal 0 0 1
    outer loop
      vertex 6.571657857596874 25.21888176470995 0.6
      vertex 7.329264065921306 25.144264065921305 0.6
      vertex 7.285635969340801 25.18380627155304 0.6
    endloop
  endfacet
  facet normal 0 0 1
    outer loop
      vertex 6.675389936864375 25.274327718913554 0.6
      vertex 7.1878380391001695 25.249152758419513 0.6
      vertex 7.134610063135623 25.274327718913554 0.6
    endloop
  endfacet
  facet normal 0 0 1
    outer loop
      vertex 6.7879458057880395 25.30847116678953 0.6
      vertex 7.134610063135623 25.274327718913554 0.6
      vertex 7.079170807003974 25.29416420429945 0.6
    endloop
  endfacet
  facet normal 0 0 1
    outer loop
      vertex 6.904999999999999 25.320000001490115 0.6
      vertex 7.022054194211959 25.30847116678953 0.6
      vertex 6.963810286223888 25.31711083769798 0.6
    endloop
  endfacet
  facet normal 0 0 1
    outer loop
      vertex 9.976910679340362 22.753977165818213 0.6
      vertex 10.12401261806488 22.999401913285254 0.6
      vertex 9.50666773200035 23.32937962681055 0.6
    endloop
  endfacet
  facet normal 0 0 1
    outer loop
      vertex 8.966967439949512 23.400340833961963 0.6
      vertex 9.065707101225852 23.565077991485595 0.6
      vertex 8.448362215161323 23.89505571246147 0.6
    endloop
  endfacet
  facet normal 0 0 1
    outer loop
      vertex 8.966967439949512 23.400340833961963 0.6
      vertex 8.448362215161323 23.89505571246147 0.6
      vertex 8.377833886742591 23.777386316359042 0.6
    endloop
  endfacet
  facet normal 0 0 1
    outer loop
      vertex 8.448362215161323 23.89505571246147 0.6
      vertex 9.168504855334758 23.782425591051577 0.6
      vertex 8.521789184510707 24.050303996801375 0.6
    endloop
  endfacet
  facet normal 0 0 1
    outer loop
      vertex 9.065707101225852 23.565077991485595 0.6
      vertex 9.168504855334758 23.782425591051577 0.6
      vertex 8.448362215161323 23.89505571246147 0.6
    endloop
  endfacet
  facet normal 0 0 1
    outer loop
      vertex 8.521789184510707 24.050303996801375 0.6
      vertex 9.168504855334758 23.782425591051577 0.6
      vertex 9.249503819942474 24.00880254179239 0.6
    endloop
  endfacet
  facet normal 0 0 1
    outer loop
      vertex 8.521789184510707 24.050303996801375 0.6
      vertex 9.249503819942474 24.00880254179239 0.6
      vertex 8.579645587801933 24.212001816630362 0.6
    endloop
  endfacet
  facet normal 0 0 1
    outer loop
      vertex 8.579645587801933 24.212001816630362 0.6
      vertex 9.249503819942474 24.00880254179239 0.6
      vertex 9.307923934161662 24.24202871441841 0.6
    endloop
  endfacet
  facet normal 0 0 1
    outer loop
      vertex 9.976910679340362 22.753977165818213 0.6
      vertex 9.50666773200035 23.32937962681055 0.6
      vertex 9.387777126133441 23.131022640764712 0.6
    endloop
  endfacet
  facet normal 0 0 1
    outer loop
      vertex 10.12401261806488 22.999401913285254 0.6
      vertex 9.630444622337818 23.591083877980708 0.6
      vertex 9.50666773200035 23.32937962681055 0.6
    endloop
  endfacet
  facet normal 0 0 1
    outer loop
      vertex 10.12401261806488 22.999401913285254 0.6
      vertex 10.277160293161868 23.32320547223091 0.6
      vertex 9.630444622337818 23.591083877980708 0.6
    endloop
  endfacet
  facet normal 0 0 1
    outer loop
      vertex 9.630444622337818 23.591083877980708 0.6
      vertex 10.277160293161868 23.32320547223091 0.6
      vertex 9.727973988950252 23.863660202622412 0.6
    endloop
  endfacet
  facet normal 0 0 1
    outer loop
      vertex 10.277160293161868 23.32320547223091 0.6
      vertex 10.397832228541374 23.66046092778444 0.6
      vertex 9.727973988950252 23.863660202622412 0.6
    endloop
  endfacet
  facet normal 0 0 1
    outer loop
      vertex 9.727973988950252 23.863660202622412 0.6
      vertex 10.397832228541374 23.66046092778444 0.6
      vertex 9.798316574394702 24.14448355257511 0.6
    endloop
  endfacet
  facet normal 0 0 1
    outer loop
      vertex 9.798316574394702 24.14448355257511 0.6
      vertex 10.397832228541374 23.66046092778444 0.6
      vertex 10.484866275191306 24.00792032599449 0.6
    endloop
  endfacet
  facet normal 0 0 1
    outer loop
      vertex 9.798316574394702 24.14448355257511 0.6
      vertex 10.484866275191306 24.00792032599449 0.6
      vertex 9.840794942080974 24.430849434137343 0.6
    endloop
  endfacet
  facet normal 0 0 1
    outer loop
      vertex 10.484866275191306 24.00792032599449 0.6
      vertex 10.537424250245094 24.362237439751624 0.6
      vertex 9.840794942080974 24.430849434137343 0.6
    endloop
  endfacet
  facet normal 0 0 1
    outer loop
      vertex 8.579645587801933 24.212001816630362 0.6
      vertex 9.307923934161662 24.24202871441841 0.6
      vertex 8.621374240815639 24.37859193354845 0.6
    endloop
  endfacet
  facet normal 0 0 1
    outer loop
      vertex 8.621374240815639 24.37859193354845 0.6
      vertex 9.343202582299709 24.47985800474882 0.6
      vertex 8.646573274135589 24.54847000658512 0.6
    endloop
  endfacet
  facet normal 0 0 1
    outer loop
      vertex 9.307923934161662 24.24202871441841 0.6
      vertex 9.343202582299709 24.47985800474882 0.6
      vertex 8.621374240815639 24.37859193354845 0.6
    endloop
  endfacet
  facet normal 0 0 1
    outer loop
      vertex 8.646573274135589 24.54847000658512 0.6
      vertex 9.355000002980232 24.72 0.6
      vertex 8.655 24.72 0.6
    endloop
  endfacet
  facet normal 0 0 1
    outer loop
      vertex 8.655 24.72 0.6
      vertex 9.355000002980232 24.72 0.6
      vertex 8.646573274135589 24.891529993414878 0.6
    endloop
  endfacet
  facet normal 0 0 1
    outer loop
      vertex 8.646573274135589 24.54847000658512 0.6
      vertex 9.343202582299709 24.47985800474882 0.6
      vertex 9.355000002980232 24.72 0.6
    endloop
  endfacet
  facet normal 0 0 1
    outer loop
      vertex 8.646573274135589 24.891529993414878 0.6
      vertex 9.355000002980232 24.72 0.6
      vertex 9.343202582299709 24.960141995251178 0.6
    endloop
  endfacet
  facet normal 0 0 1
    outer loop
      vertex 8.646573274135589 24.891529993414878 0.6
      vertex 9.343202582299709 24.960141995251178 0.6
      vertex 8.621374240815639 25.06140806645155 0.6
    endloop
  endfacet
  facet normal 0 0 1
    outer loop
      vertex 8.579645587801933 25.227998183369635 0.6
      vertex 8.621374240815639 25.06140806645155 0.6
      vertex 9.307923934161662 25.197971285581588 0.6
    endloop
  endfacet
  facet normal 0 0 1
    outer loop
      vertex 8.621374240815639 25.06140806645155 0.6
      vertex 9.343202582299709 24.960141995251178 0.6
      vertex 9.307923934161662 25.197971285581588 0.6
    endloop
  endfacet
  facet normal 0 0 1
    outer loop
      vertex 8.579645587801933 25.227998183369635 0.6
      vertex 9.249503819942474 25.431197458207606 0.6
      vertex 8.521789184510707 25.389696003198623 0.6
    endloop
  endfacet
  facet normal 0 0 1
    outer loop
      vertex 8.579645587801933 25.227998183369635 0.6
      vertex 9.307923934161662 25.197971285581588 0.6
      vertex 9.249503819942474 25.431197458207606 0.6
    endloop
  endfacet
  facet normal 0 0 1
    outer loop
      vertex 9.840794942080974 24.430849434137343 0.6
      vertex 10.537424250245094 24.362237439751624 0.6
      vertex 9.855000002980232 24.72 0.6
    endloop
  endfacet
  facet normal 0 0 1
    outer loop
      vertex 9.855000002980232 24.72 0.6
      vertex 10.537424250245094 24.362237439751624 0.6
      vertex 10.554999998509883 24.72 0.6
    endloop
  endfacet
  facet normal 0 0 1
    outer loop
      vertex 9.855000002980232 24.72 0.6
      vertex 10.554999998509883 24.72 0.6
      vertex 10.537424250245094 25.077762560248374 0.6
    endloop
  endfacet
  facet normal 0 0 1
    outer loop
      vertex 9.855000002980232 24.72 0.6
      vertex 10.537424250245094 25.077762560248374 0.6
      vertex 9.840794942080974 25.009150565862655 0.6
    endloop
  endfacet
  facet normal 0 0 1
    outer loop
      vertex 9.840794942080974 25.009150565862655 0.6
      vertex 10.537424250245094 25.077762560248374 0.6
      vertex 10.484866275191306 25.432079674005507 0.6
    endloop
  endfacet
  facet normal 0 0 1
    outer loop
      vertex 9.840794942080974 25.009150565862655 0.6
      vertex 10.484866275191306 25.432079674005507 0.6
      vertex 9.798316574394702 25.295516447424887 0.6
    endloop
  endfacet
  facet normal 0 0 1
    outer loop
      vertex 8.521789184510707 25.389696003198623 0.6
      vertex 9.168504855334758 25.65757440894842 0.6
      vertex 8.448362215161323 25.544944287538527 0.6
    endloop
  endfacet
  facet normal 0 0 1
    outer loop
      vertex 8.448362215161323 25.544944287538527 0.6
      vertex 8.966967439949512 26.039659166038035 0.6
      vertex 8.377833886742591 25.662613683640956 0.6
    endloop
  endfacet
  facet normal 0 0 1
    outer loop
      vertex 8.521789184510707 25.389696003198623 0.6
      vertex 9.249503819942474 25.431197458207606 0.6
      vertex 9.168504855334758 25.65757440894842 0.6
    endloop
  endfacet
  facet normal 0 0 1
    outer loop
      vertex 8.448362215161323 25.544944287538527 0.6
      vertex 9.168504855334758 25.65757440894842 0.6
      vertex 9.065707101225852 25.874922008514403 0.6
    endloop
  endfacet
  facet normal 0 0 1
    outer loop
      vertex 8.448362215161323 25.544944287538527 0.6
      vertex 9.065707101225852 25.874922008514403 0.6
      vertex 8.966967439949512 26.039659166038035 0.6
    endloop
  endfacet
  facet normal 0 0 1
    outer loop
      vertex 9.798316574394702 25.295516447424887 0.6
      vertex 10.397832228541374 25.779539072215556 0.6
      vertex 9.727973988950252 25.576339797377585 0.6
    endloop
  endfacet
  facet normal 0 0 1
    outer loop
      vertex 9.798316574394702 25.295516447424887 0.6
      vertex 10.484866275191306 25.432079674005507 0.6
      vertex 10.397832228541374 25.779539072215556 0.6
    endloop
  endfacet
  facet normal 0 0 1
    outer loop
      vertex 9.727973988950252 25.576339797377585 0.6
      vertex 10.277160293161868 26.116794527769088 0.6
      vertex 9.630444622337818 25.84891612201929 0.6
    endloop
  endfacet
  facet normal 0 0 1
    outer loop
      vertex 9.727973988950252 25.576339797377585 0.6
      vertex 10.397832228541374 25.779539072215556 0.6
      vertex 10.277160293161868 26.116794527769088 0.6
    endloop
  endfacet
  facet normal 0 0 1
    outer loop
      vertex 9.630444622337818 25.84891612201929 0.6
      vertex 10.12401261806488 26.440598086714743 0.6
      vertex 9.50666773200035 26.110620373189448 0.6
    endloop
  endfacet
  facet normal 0 0 1
    outer loop
      vertex 9.387777126133441 26.308977359235286 0.6
      vertex 9.50666773200035 26.110620373189448 0.6
      vertex 9.976910679340362 26.686022834181784 0.6
    endloop
  endfacet
  facet normal 0 0 1
    outer loop
      vertex 9.630444622337818 25.84891612201929 0.6
      vertex 10.277160293161868 26.116794527769088 0.6
      vertex 10.12401261806488 26.440598086714743 0.6
    endloop
  endfacet
  facet normal 0 0 1
    outer loop
      vertex 9.50666773200035 26.110620373189448 0.6
      vertex 10.12401261806488 26.440598086714743 0.6
      vertex 9.976910679340362 26.686022834181784 0.6
    endloop
  endfacet
  facet normal 0 0 -1
    outer loop
      vertex 6.137627002596855 7.687927998900413 0
      vertex 6.657757003605366 8.09168200224638 0
      vertex 7.378866997361183 7.687927998900413 0
    endloop
  endfacet
  facet normal 0 0 -1
    outer loop
      vertex 6.137627002596855 7.687927998900413 0
      vertex 6.657757003605366 8.825141996443271 0
      vertex 6.657757003605366 8.09168200224638 0
    endloop
  endfacet
  facet normal 0 0 -1
    outer loop
      vertex 7.378866997361183 7.687927998900413 0
      vertex 6.657757003605366 8.09168200224638 0
      vertex 7.324214999377728 8.09168200224638 0
    endloop
  endfacet
  facet normal 0 0 -1
    outer loop
      vertex 7.378866997361183 7.687927998900413 0
      vertex 7.324214999377728 8.09168200224638 0
      vertex 7.420423668622971 8.096100718080997 0
    endloop
  endfacet
  facet normal 0 0 -1
    outer loop
      vertex 7.378866997361183 7.687927998900413 0
      vertex 7.420423668622971 8.096100718080997 0
      vertex 7.475100059807301 7.6902898254990575 0
    endloop
  endfacet
  facet normal 0 0 -1
    outer loop
      vertex 7.475100059807301 7.6902898254990575 0
      vertex 7.5053136691451074 8.10935686558485 0
      vertex 7.566326354444027 7.69737530529499 0
    endloop
  endfacet
  facet normal 0 0 -1
    outer loop
      vertex 7.475100059807301 7.6902898254990575 0
      vertex 7.420423668622971 8.096100718080997 0
      vertex 7.5053136691451074 8.10935686558485 0
    endloop
  endfacet
  facet normal 0 0 -1
    outer loop
      vertex 7.566326354444027 7.69737530529499 0
      vertex 7.5053136691451074 8.10935686558485 0
      vertex 7.652545888721943 7.709184445738792 0
    endloop
  endfacet
  facet normal 0 0 -1
    outer loop
      vertex 7.652545888721943 7.709184445738792 0
      vertex 7.578885000944138 8.131450444757938 0
      vertex 7.733758655190468 7.725717231929302 0
    endloop
  endfacet
  facet normal 0 0 -1
    outer loop
      vertex 7.733758655190468 7.725717231929302 0
      vertex 7.578885000944138 8.131450444757938 0
      vertex 7.809964653849602 7.746973678767681 0
    endloop
  endfacet
  facet normal 0 0 -1
    outer loop
      vertex 7.809964653849602 7.746973678767681 0
      vertex 7.641137664020062 8.162381455600261 0
      vertex 7.881163892149925 7.772953778803348 0
    endloop
  endfacet
  facet normal 0 0 -1
    outer loop
      vertex 7.881163892149925 7.772953778803348 0
      vertex 7.69207166582346 8.20214989811182 0
      vertex 7.947356355190277 7.803657532036304 0
    endloop
  endfacet
  facet normal 0 0 -1
    outer loop
      vertex 7.947356355190277 7.803657532036304 0
      vertex 7.69207166582346 8.20214989811182 0
      vertex 8.008542065322398 7.839084938466549 0
    endloop
  endfacet
  facet normal 0 0 -1
    outer loop
      vertex 7.652545888721943 7.709184445738792 0
      vertex 7.5053136691451074 8.10935686558485 0
      vertex 7.578885000944138 8.131450444757938 0
    endloop
  endfacet
  facet normal 0 0 -1
    outer loop
      vertex 7.809964653849602 7.746973678767681 0
      vertex 7.578885000944138 8.131450444757938 0
      vertex 7.641137664020062 8.162381455600261 0
    endloop
  endfacet
  facet normal 0 0 -1
    outer loop
      vertex 7.881163892149925 7.772953778803348 0
      vertex 7.641137664020062 8.162381455600261 0
      vertex 7.69207166582346 8.20214989811182 0
    endloop
  endfacet
  facet normal 0 0 -1
    outer loop
      vertex 7.69207166582346 8.20214989811182 0
      vertex 7.7316869989037516 8.250755779743194 0
      vertex 8.064721000194549 7.879235998094082 0
    endloop
  endfacet
  facet normal 0 0 -1
    outer loop
      vertex 8.008542065322398 7.839084938466549 0
      vertex 7.69207166582346 8.20214989811182 0
      vertex 8.064721000194549 7.879235998094082 0
    endloop
  endfacet
  facet normal 0 0 -1
    outer loop
      vertex 8.064721000194549 7.879235998094082 0
      vertex 7.7316869989037516 8.250755779743194 0
      vertex 8.115420040488242 7.923800319731235 0
    endloop
  endfacet
  facet normal 0 0 -1
    outer loop
      vertex 7.7316869989037516 8.250755779743194 0
      vertex 7.759983663260937 8.308199085593223 0
      vertex 8.198924329876899 8.025272220671177 0
    endloop
  endfacet
  facet normal 0 0 -1
    outer loop
      vertex 7.759983663260937 8.308199085593223 0
      vertex 7.7769616663455965 8.374479830563068 0
      vertex 8.279446330666541 8.208338223695755 0
    endloop
  endfacet
  facet normal 0 0 -1
    outer loop
      vertex 7.7769616663455965 8.374479830563068 0
      vertex 7.78262100070715 8.449597999751568 0
      vertex 8.306287002563476 8.428433999717235 0
    endloop
  endfacet
  facet normal 0 0 -1
    outer loop
      vertex 7.78262100070715 8.449597999751568 0
      vertex 7.781227913498879 8.488190666139126 0
      vertex 8.298972335457801 8.540890097916126 0
    endloop
  endfacet
  facet normal 0 0 -1
    outer loop
      vertex 7.781227913498879 8.488190666139126 0
      vertex 7.777048651874066 8.52482466429472 0
      vertex 8.289828997850417 8.594472885429859 0
    endloop
  endfacet
  facet normal 0 0 -1
    outer loop
      vertex 6.137627002596855 7.687927998900413 0
      vertex 6.657757003605366 9.228895999789238 0
      vertex 6.657757003605366 8.825141996443271 0
    endloop
  endfacet
  facet normal 0 0 -1
    outer loop
      vertex 6.137627002596855 7.687927998900413 0
      vertex 6.657757003605366 10.172175996303558 0
      vertex 6.657757003605366 9.228895999789238 0
    endloop
  endfacet
  facet normal 0 0 -1
    outer loop
      vertex 6.137627002596855 7.687927998900413 0
      vertex 6.137627002596855 10.172175996303558 0
      vertex 6.657757003605366 10.172175996303558 0
    endloop
  endfacet
  facet normal 0 0 -1
    outer loop
      vertex 7.33833300024271 8.825141996443271 0
      vertex 6.657757003605366 8.825141996443271 0
      vertex 7.267795000970364 9.228895999789238 0
    endloop
  endfacet
  facet normal 0 0 -1
    outer loop
      vertex 7.267795000970364 9.228895999789238 0
      vertex 6.657757003605366 8.825141996443271 0
      vertex 6.657757003605366 9.228895999789238 0
    endloop
  endfacet
  facet normal 0 0 -1
    outer loop
      vertex 7.3856067776679994 8.823923208117485 0
      vertex 7.33833300024271 8.825141996443271 0
      vertex 7.267795000970364 9.228895999789238 0
    endloop
  endfacet
  facet normal 0 0 -1
    outer loop
      vertex 7.430268999934197 8.820266843140125 0
      vertex 7.3856067776679994 8.823923208117485 0
      vertex 7.267795000970364 9.228895999789238 0
    endloop
  endfacet
  facet normal 0 0 -1
    outer loop
      vertex 7.472319667041302 8.81417288661003 0
      vertex 7.430268999934197 8.820266843140125 0
      vertex 7.267795000970364 9.228895999789238 0
    endloop
  endfacet
  facet normal 0 0 -1
    outer loop
      vertex 7.777048651874066 8.52482466429472 0
      vertex 7.770083223283291 8.55950000166893 0
      vertex 8.260570336878299 8.696347952187061 0
    endloop
  endfacet
  facet normal 0 0 -1
    outer loop
      vertex 7.770083223283291 8.55950000166893 0
      vertex 7.7603316202759745 8.592216663360595 0
      vertex 8.21668233424425 8.79116898804903 0
    endloop
  endfacet
  facet normal 0 0 -1
    outer loop
      vertex 7.7603316202759745 8.592216663360595 0
      vertex 7.747793842852116 8.622974664270878 0
      vertex 8.158164997398853 8.878936000466346 0
    endloop
  endfacet
  facet normal 0 0 -1
    outer loop
      vertex 7.732469891011715 8.651773996949196 0
      vertex 7.714359764754772 8.67861466884613 0
      vertex 8.047875885665416 8.990883335769176 0
    endloop
  endfacet
  facet normal 0 0 -1
    outer loop
      vertex 7.693463471531868 8.70349666506052 0
      vertex 7.669780996441841 8.726420000493526 0
      vertex 7.914469887316227 9.074040003418922 0
    endloop
  endfacet
  facet normal 0 0 -1
    outer loop
      vertex 7.669780996441841 8.726420000493526 0
      vertex 7.643399667739868 8.74713943183422 0
      vertex 7.812689837813378 9.113482959866523 0
    endloop
  endfacet
  facet normal 0 0 -1
    outer loop
      vertex 7.714359764754772 8.67861466884613 0
      vertex 7.693463471531868 8.70349666506052 0
      vertex 7.961507101356983 9.04952007561922 0
    endloop
  endfacet
  facet normal 0 0 -1
    outer loop
      vertex 7.747793842852116 8.622974664270878 0
      vertex 7.732469891011715 8.651773996949196 0
      vertex 8.123970505595207 8.919450737833976 0
    endloop
  endfacet
  facet normal 0 0 -1
    outer loop
      vertex 8.087207470834255 8.956766516268253 0
      vertex 7.732469891011715 8.651773996949196 0
      vertex 8.047875885665416 8.990883335769176 0
    endloop
  endfacet
  facet normal 0 0 -1
    outer loop
      vertex 8.123970505595207 8.919450737833976 0
      vertex 7.732469891011715 8.651773996949196 0
      vertex 8.087207470834255 8.956766516268253 0
    endloop
  endfacet
  facet normal 0 0 -1
    outer loop
      vertex 7.511758778989315 8.805641360878944 0
      vertex 7.472319667041302 8.81417288661003 0
      vertex 7.267795000970364 9.228895999789238 0
    endloop
  endfacet
  facet normal 0 0 -1
    outer loop
      vertex 7.582802329957485 8.78126555711031 0
      vertex 7.548586335778237 8.794672243595123 0
      vertex 7.757947002351284 9.128406003415584 0
    endloop
  endfacet
  facet normal 0 0 -1
    outer loop
      vertex 7.548586335778237 8.794672243595123 0
      vertex 7.511758778989315 8.805641360878944 0
      vertex 7.757947002351284 9.128406003415584 0
    endloop
  endfacet
  facet normal 0 0 -1
    outer loop
      vertex 7.614406776428223 8.765421286523342 0
      vertex 7.582802329957485 8.78126555711031 0
      vertex 7.757947002351284 9.128406003415584 0
    endloop
  endfacet
  facet normal 0 0 -1
    outer loop
      vertex 7.643399667739868 8.74713943183422 0
      vertex 7.614406776428223 8.765421286523342 0
      vertex 7.757947002351284 9.128406003415584 0
    endloop
  endfacet
  facet normal 0 0 -1
    outer loop
      vertex 7.757947002351284 9.128406003415584 0
      vertex 7.511758778989315 8.805641360878944 0
      vertex 7.267795000970364 9.228895999789238 0
    endloop
  endfacet
  facet normal 0 0 -1
    outer loop
      vertex 7.643399667739868 8.74713943183422 0
      vertex 7.757947002351284 9.128406003415584 0
      vertex 7.812689837813378 9.113482959866523 0
    endloop
  endfacet
  facet normal 0 0 -1
    outer loop
      vertex 7.914469887316227 9.074040003418922 0
      vertex 7.669780996441841 8.726420000493526 0
      vertex 7.864864137768746 9.09536096483469 0
    endloop
  endfacet
  facet normal 0 0 -1
    outer loop
      vertex 7.669780996441841 8.726420000493526 0
      vertex 7.812689837813378 9.113482959866523 0
      vertex 7.864864137768746 9.09536096483469 0
    endloop
  endfacet
  facet normal 0 0 -1
    outer loop
      vertex 8.047875885665416 8.990883335769176 0
      vertex 7.714359764754772 8.67861466884613 0
      vertex 8.005975764989852 9.021801188886165 0
    endloop
  endfacet
  facet normal 0 0 -1
    outer loop
      vertex 7.961507101356983 9.04952007561922 0
      vertex 7.693463471531868 8.70349666506052 0
      vertex 7.914469887316227 9.074040003418922 0
    endloop
  endfacet
  facet normal 0 0 -1
    outer loop
      vertex 7.714359764754772 8.67861466884613 0
      vertex 7.961507101356983 9.04952007561922 0
      vertex 8.005975764989852 9.021801188886165 0
    endloop
  endfacet
  facet normal 0 0 -1
    outer loop
      vertex 7.757947002351284 9.128406003415584 0
      vertex 7.267795000970364 9.228895999789238 0
      vertex 8.42970899939537 10.172175996303558 0
    endloop
  endfacet
  facet normal 0 0 -1
    outer loop
      vertex 7.844345000386238 10.172175996303558 0
      vertex 8.42970899939537 10.172175996303558 0
      vertex 7.267795000970364 9.228895999789238 0
    endloop
  endfacet
  facet normal 0 0 -1
    outer loop
      vertex 8.115420040488242 7.923800319731235 0
      vertex 7.7316869989037516 8.250755779743194 0
      vertex 8.160154481232166 7.972479060590267 0
    endloop
  endfacet
  facet normal 0 0 -1
    outer loop
      vertex 8.160154481232166 7.972479060590267 0
      vertex 7.7316869989037516 8.250755779743194 0
      vertex 8.198924329876899 8.025272220671177 0
    endloop
  endfacet
  facet normal 0 0 -1
    outer loop
      vertex 8.198924329876899 8.025272220671177 0
      vertex 7.759983663260937 8.308199085593223 0
      vertex 8.231729593873023 8.082179799973964 0
    endloop
  endfacet
  facet normal 0 0 -1
    outer loop
      vertex 8.231729593873023 8.082179799973964 0
      vertex 7.759983663260937 8.308199085593223 0
      vertex 8.258570258319377 8.14320180594921 0
    endloop
  endfacet
  facet normal 0 0 -1
    outer loop
      vertex 8.258570258319377 8.14320180594921 0
      vertex 7.759983663260937 8.308199085593223 0
      vertex 8.279446330666541 8.208338223695755 0
    endloop
  endfacet
  facet normal 0 0 -1
    outer loop
      vertex 8.279446330666541 8.208338223695755 0
      vertex 7.7769616663455965 8.374479830563068 0
      vertex 8.294357818365096 8.277589060664177 0
    endloop
  endfacet
  facet normal 0 0 -1
    outer loop
      vertex 8.294357818365096 8.277589060664177 0
      vertex 7.7769616663455965 8.374479830563068 0
      vertex 8.303304706513881 8.350954324305057 0
    endloop
  endfacet
  facet normal 0 0 -1
    outer loop
      vertex 7.7769616663455965 8.374479830563068 0
      vertex 8.306287002563476 8.428433999717235 0
      vertex 8.303304706513881 8.350954324305057 0
    endloop
  endfacet
  facet normal 0 0 -1
    outer loop
      vertex 8.306287002563476 8.428433999717235 0
      vertex 7.78262100070715 8.449597999751568 0
      vertex 8.304458332061767 8.485543802678585 0
    endloop
  endfacet
  facet normal 0 0 -1
    outer loop
      vertex 8.304458332061767 8.485543802678585 0
      vertex 7.78262100070715 8.449597999751568 0
      vertex 8.298972335457801 8.540890097916126 0
    endloop
  endfacet
  facet normal 0 0 -1
    outer loop
      vertex 8.298972335457801 8.540890097916126 0
      vertex 7.781227913498879 8.488190666139126 0
      vertex 8.289828997850417 8.594472885429859 0
    endloop
  endfacet
  facet normal 0 0 -1
    outer loop
      vertex 8.289828997850417 8.594472885429859 0
      vertex 7.777048651874066 8.52482466429472 0
      vertex 8.277028334140777 8.646292172670364 0
    endloop
  endfacet
  facet normal 0 0 -1
    outer loop
      vertex 8.277028334140777 8.646292172670364 0
      vertex 7.777048651874066 8.52482466429472 0
      vertex 8.260570336878299 8.696347952187061 0
    endloop
  endfacet
  facet normal 0 0 -1
    outer loop
      vertex 7.770083223283291 8.55950000166893 0
      vertex 8.21668233424425 8.79116898804903 0
      vertex 8.240454998612403 8.74464022397995 0
    endloop
  endfacet
  facet normal 0 0 -1
    outer loop
      vertex 8.260570336878299 8.696347952187061 0
      vertex 7.770083223283291 8.55950000166893 0
      vertex 8.240454998612403 8.74464022397995 0
    endloop
  endfacet
  facet normal 0 0 -1
    outer loop
      vertex 8.21668233424425 8.79116898804903 0
      vertex 7.7603316202759745 8.592216663360595 0
      vertex 8.18925233632326 8.835934244394302 0
    endloop
  endfacet
  facet normal 0 0 -1
    outer loop
      vertex 7.7603316202759745 8.592216663360595 0
      vertex 8.158164997398853 8.878936000466346 0
      vertex 8.18925233632326 8.835934244394302 0
    endloop
  endfacet
  facet normal 0 0 -1
    outer loop
      vertex 8.158164997398853 8.878936000466346 0
      vertex 7.747793842852116 8.622974664270878 0
      vertex 8.123970505595207 8.919450737833976 0
    endloop
  endfacet
  facet normal 0 0 -1
    outer loop
      vertex 3.833089320659637 22.753977165818213 0
      vertex 3.685987381935119 22.999401913285254 0
      vertex 4.422222873866557 23.131022640764712 0
    endloop
  endfacet
  facet normal 0 0 -1
    outer loop
      vertex 3.685987381935119 22.999401913285254 0
      vertex 3.5328397068381303 23.32320547223091 0
      vertex 4.179555377662181 23.591083877980708 0
    endloop
  endfacet
  facet normal 0 0 -1
    outer loop
      vertex 3.5328397068381303 23.32320547223091 0
      vertex 3.412167771458625 23.66046092778444 0
      vertex 4.082026011049747 23.863660202622412 0
    endloop
  endfacet
  facet normal 0 0 -1
    outer loop
      vertex 4.422222873866557 23.131022640764712 0
      vertex 3.685987381935119 22.999401913285254 0
      vertex 4.303332267999648 23.32937962681055 0
    endloop
  endfacet
  facet normal 0 0 -1
    outer loop
      vertex 3.685987381935119 22.999401913285254 0
      vertex 4.179555377662181 23.591083877980708 0
      vertex 4.303332267999648 23.32937962681055 0
    endloop
  endfacet
  facet normal 0 0 -1
    outer loop
      vertex 3.5328397068381303 23.32320547223091 0
      vertex 4.082026011049747 23.863660202622412 0
      vertex 4.179555377662181 23.591083877980708 0
    endloop
  endfacet
  facet normal 0 0 -1
    outer loop
      vertex 3.412167771458625 23.66046092778444 0
      vertex 3.3251337248086923 24.00792032599449 0
      vertex 4.0116834256052964 24.14448355257511 0
    endloop
  endfacet
  facet normal 0 0 -1
    outer loop
      vertex 3.412167771458625 23.66046092778444 0
      vertex 4.0116834256052964 24.14448355257511 0
      vertex 4.082026011049747 23.863660202622412 0
    endloop
  endfacet
  facet normal 0 0 -1
    outer loop
      vertex 3.3251337248086923 24.00792032599449 0
      vertex 3.272575749754905 24.362237439751624 0
      vertex 3.969205057919025 24.430849434137343 0
    endloop
  endfacet
  facet normal 0 0 -1
    outer loop
      vertex 3.3251337248086923 24.00792032599449 0
      vertex 3.969205057919025 24.430849434137343 0
      vertex 4.0116834256052964 24.14448355257511 0
    endloop
  endfacet
  facet normal 0 0 -1
    outer loop
      vertex 4.843032560050487 23.400340833961963 0
      vertex 4.744292898774146 23.565077991485595 0
      vertex 5.4321661132574075 23.777386316359042 0
    endloop
  endfacet
  facet normal 0 0 -1
    outer loop
      vertex 4.744292898774146 23.565077991485595 0
      vertex 4.641495144665241 23.782425591051577 0
      vertex 5.2882108154892915 24.050303996801375 0
    endloop
  endfacet
  facet normal 0 0 -1
    outer loop
      vertex 4.641495144665241 23.782425591051577 0
      vertex 4.560496180057525 24.00880254179239 0
      vertex 5.230354412198066 24.212001816630362 0
    endloop
  endfacet
  facet normal 0 0 -1
    outer loop
      vertex 4.560496180057525 24.00880254179239 0
      vertex 4.502076065838336 24.24202871441841 0
      vertex 5.18862575918436 24.37859193354845 0
    endloop
  endfacet
  facet normal 0 0 -1
    outer loop
      vertex 4.560496180057525 24.00880254179239 0
      vertex 5.18862575918436 24.37859193354845 0
      vertex 5.230354412198066 24.212001816630362 0
    endloop
  endfacet
  facet normal 0 0 -1
    outer loop
      vertex 5.4321661132574075 23.777386316359042 0
      vertex 4.744292898774146 23.565077991485595 0
      vertex 5.361637784838676 23.89505571246147 0
    endloop
  endfacet
  facet normal 0 0 -1
    outer loop
      vertex 4.744292898774146 23.565077991485595 0
      vertex 5.2882108154892915 24.050303996801375 0
      vertex 5.361637784838676 23.89505571246147 0
    endloop
  endfacet
  facet normal 0 0 -1
    outer loop
      vertex 4.641495144665241 23.782425591051577 0
      vertex 5.230354412198066 24.212001816630362 0
      vertex 5.2882108154892915 24.050303996801375 0
    endloop
  endfacet
  facet normal 0 0 -1
    outer loop
      vertex 6.675389936864375 24.165672281086444 0
      vertex 6.622161960899829 24.190847241580485 0
      vertex 6.904999999999999 24.119999998509883 0
    endloop
  endfacet
  facet normal 0 0 -1
    outer loop
      vertex 6.622161960899829 24.190847241580485 0
      vertex 6.571657857596874 24.22111823529005 0
      vertex 6.963810286223888 24.122889162302016 0
    endloop
  endfacet
  facet normal 0 0 -1
    outer loop
      vertex 6.7308291929960244 24.14583579570055 0
      vertex 6.675389936864375 24.165672281086444 0
      vertex 6.846189713776111 24.122889162302016 0
    endloop
  endfacet
  facet normal 0 0 -1
    outer loop
      vertex 6.675389936864375 24.165672281086444 0
      vertex 6.904999999999999 24.119999998509883 0
      vertex 6.846189713776111 24.122889162302016 0
    endloop
  endfacet
  facet normal 0 0 -1
    outer loop
      vertex 6.7308291929960244 24.14583579570055 0
      vertex 6.846189713776111 24.122889162302016 0
      vertex 6.7879458057880395 24.131528833210467 0
    endloop
  endfacet
  facet normal 0 0 -1
    outer loop
      vertex 6.571657857596874 24.22111823529005 0
      vertex 6.524364030659198 24.25619372844696 0
      vertex 6.963810286223888 24.122889162302016 0
    endloop
  endfacet
  facet normal 0 0 -1
    outer loop
      vertex 7.079170807003974 24.14583579570055 0
      vertex 6.524364030659198 24.25619372844696 0
      vertex 6.480735934078693 24.295735934078692 0
    endloop
  endfacet
  facet normal 0 0 -1
    outer loop
      vertex 7.079170807003974 24.14583579570055 0
      vertex 6.480735934078693 24.295735934078692 0
      vertex 6.44119372844696 24.339364030659198 0
    endloop
  endfacet
  facet normal 0 0 -1
    outer loop
      vertex 6.622161960899829 24.190847241580485 0
      vertex 6.963810286223888 24.122889162302016 0
      vertex 6.904999999999999 24.119999998509883 0
    endloop
  endfacet
  facet normal 0 0 -1
    outer loop
      vertex 6.963810286223888 24.122889162302016 0
      vertex 6.524364030659198 24.25619372844696 0
      vertex 7.022054194211959 24.131528833210467 0
    endloop
  endfacet
  facet normal 0 0 -1
    outer loop
      vertex 7.079170807003974 24.14583579570055 0
      vertex 7.022054194211959 24.131528833210467 0
      vertex 6.524364030659198 24.25619372844696 0
    endloop
  endfacet
  facet normal 0 0 -1
    outer loop
      vertex 7.079170807003974 24.14583579570055 0
      vertex 6.44119372844696 24.339364030659198 0
      vertex 7.134610063135623 24.165672281086444 0
    endloop
  endfacet
  facet normal 0 0 -1
    outer loop
      vertex 3.272575749754905 24.362237439751624 0
      vertex 3.954999997019767 24.72 0
      vertex 3.969205057919025 24.430849434137343 0
    endloop
  endfacet
  facet normal 0 0 -1
    outer loop
      vertex 3.272575749754905 24.362237439751624 0
      vertex 3.2550000014901155 24.72 0
      vertex 3.954999997019767 24.72 0
    endloop
  endfacet
  facet normal 0 0 -1
    outer loop
      vertex 3.969205057919025 25.009150565862655 0
      vertex 3.954999997019767 24.72 0
      vertex 3.2550000014901155 24.72 0
    endloop
  endfacet
  facet normal 0 0 -1
    outer loop
      vertex 3.969205057919025 25.009150565862655 0
      vertex 3.2550000014901155 24.72 0
      vertex 3.272575749754905 25.077762560248374 0
    endloop
  endfacet
  facet normal 0 0 -1
    outer loop
      vertex 3.272575749754905 25.077762560248374 0
      vertex 4.0116834256052964 25.295516447424887 0
      vertex 3.969205057919025 25.009150565862655 0
    endloop
  endfacet
  facet normal 0 0 -1
    outer loop
      vertex 3.272575749754905 25.077762560248374 0
      vertex 3.3251337248086923 25.432079674005507 0
      vertex 4.0116834256052964 25.295516447424887 0
    endloop
  endfacet
  facet normal 0 0 -1
    outer loop
      vertex 4.082026011049747 25.576339797377585 0
      vertex 4.0116834256052964 25.295516447424887 0
      vertex 3.3251337248086923 25.432079674005507 0
    endloop
  endfacet
  facet normal 0 0 -1
    outer loop
      vertex 4.502076065838336 24.24202871441841 0
      vertex 4.46679741770029 24.47985800474882 0
      vertex 5.16342672586441 24.54847000658512 0
    endloop
  endfacet
  facet normal 0 0 -1
    outer loop
      vertex 4.502076065838336 24.24202871441841 0
      vertex 5.16342672586441 24.54847000658512 0
      vertex 5.18862575918436 24.37859193354845 0
    endloop
  endfacet
  facet normal 0 0 -1
    outer loop
      vertex 4.46679741770029 24.47985800474882 0
      vertex 4.454999997019767 24.72 0
      vertex 5.154999999999999 24.72 0
    endloop
  endfacet
  facet normal 0 0 -1
    outer loop
      vertex 5.16342672586441 24.891529993414878 0
      vertex 4.454999997019767 24.72 0
      vertex 4.46679741770029 24.960141995251178 0
    endloop
  endfacet
  facet normal 0 0 -1
    outer loop
      vertex 4.46679741770029 24.47985800474882 0
      vertex 5.154999999999999 24.72 0
      vertex 5.16342672586441 24.54847000658512 0
    endloop
  endfacet
  facet normal 0 0 -1
    outer loop
      vertex 5.16342672586441 24.891529993414878 0
      vertex 5.154999999999999 24.72 0
      vertex 4.454999997019767 24.72 0
    endloop
  endfacet
  facet normal 0 0 -1
    outer loop
      vertex 4.46679741770029 24.960141995251178 0
      vertex 4.502076065838336 25.197971285581588 0
      vertex 5.18862575918436 25.06140806645155 0
    endloop
  endfacet
  facet normal 0 0 -1
    outer loop
      vertex 4.46679741770029 24.960141995251178 0
      vertex 5.18862575918436 25.06140806645155 0
      vertex 5.16342672586441 24.891529993414878 0
    endloop
  endfacet
  facet normal 0 0 -1
    outer loop
      vertex 4.502076065838336 25.197971285581588 0
      vertex 5.230354412198066 25.227998183369635 0
      vertex 5.18862575918436 25.06140806645155 0
    endloop
  endfacet
  facet normal 0 0 -1
    outer loop
      vertex 4.502076065838336 25.197971285581588 0
      vertex 4.560496180057525 25.431197458207606 0
      vertex 5.230354412198066 25.227998183369635 0
    endloop
  endfacet
  facet normal 0 0 -1
    outer loop
      vertex 5.2882108154892915 25.389696003198623 0
      vertex 5.230354412198066 25.227998183369635 0
      vertex 4.560496180057525 25.431197458207606 0
    endloop
  endfacet
  facet normal 0 0 -1
    outer loop
      vertex 4.082026011049747 25.576339797377585 0
      vertex 3.3251337248086923 25.432079674005507 0
      vertex 3.412167771458625 25.779539072215556 0
    endloop
  endfacet
  facet normal 0 0 -1
    outer loop
      vertex 3.412167771458625 25.779539072215556 0
      vertex 3.5328397068381303 26.116794527769088 0
      vertex 4.179555377662181 25.84891612201929 0
    endloop
  endfacet
  facet normal 0 0 -1
    outer loop
      vertex 3.412167771458625 25.779539072215556 0
      vertex 4.179555377662181 25.84891612201929 0
      vertex 4.082026011049747 25.576339797377585 0
    endloop
  endfacet
  facet normal 0 0 -1
    outer loop
      vertex 4.303332267999648 26.110620373189448 0
      vertex 4.179555377662181 25.84891612201929 0
      vertex 3.5328397068381303 26.116794527769088 0
    endloop
  endfacet
  facet normal 0 0 -1
    outer loop
      vertex 4.303332267999648 26.110620373189448 0
      vertex 3.5328397068381303 26.116794527769088 0
      vertex 3.685987381935119 26.440598086714743 0
    endloop
  endfacet
  facet normal 0 0 -1
    outer loop
      vertex 4.422222873866557 26.308977359235286 0
      vertex 4.303332267999648 26.110620373189448 0
      vertex 3.833089320659637 26.686022834181784 0
    endloop
  endfacet
  facet normal 0 0 -1
    outer loop
      vertex 3.685987381935119 26.440598086714743 0
      vertex 3.833089320659637 26.686022834181784 0
      vertex 4.303332267999648 26.110620373189448 0
    endloop
  endfacet
  facet normal 0 0 -1
    outer loop
      vertex 5.2882108154892915 25.389696003198623 0
      vertex 4.560496180057525 25.431197458207606 0
      vertex 4.641495144665241 25.65757440894842 0
    endloop
  endfacet
  facet normal 0 0 -1
    outer loop
      vertex 5.361637784838676 25.544944287538527 0
      vertex 4.641495144665241 25.65757440894842 0
      vertex 4.744292898774146 25.874922008514403 0
    endloop
  endfacet
  facet normal 0 0 -1
    outer loop
      vertex 4.744292898774146 25.874922008514403 0
      vertex 4.843032560050487 26.039659166038035 0
      vertex 5.4321661132574075 25.662613683640956 0
    endloop
  endfacet
  facet normal 0 0 -1
    outer loop
      vertex 5.361637784838676 25.544944287538527 0
      vertex 5.2882108154892915 25.389696003198623 0
      vertex 4.641495144665241 25.65757440894842 0
    endloop
  endfacet
  facet normal 0 0 -1
    outer loop
      vertex 4.744292898774146 25.874922008514403 0
      vertex 5.4321661132574075 25.662613683640956 0
      vertex 5.361637784838676 25.544944287538527 0
    endloop
  endfacet
  facet normal 0 0 -1
    outer loop
      vertex 7.134610063135623 24.165672281086444 0
      vertex 6.44119372844696 24.339364030659198 0
      vertex 6.40611823529005 24.386657857596873 0
    endloop
  endfacet
  facet normal 0 0 -1
    outer loop
      vertex 7.134610063135623 24.165672281086444 0
      vertex 6.40611823529005 24.386657857596873 0
      vertex 6.375847241580486 24.43716196089983 0
    endloop
  endfacet
  facet normal 0 0 -1
    outer loop
      vertex 7.134610063135623 24.165672281086444 0
      vertex 6.375847241580486 24.43716196089983 0
      vertex 6.350672281086444 24.490389936864375 0
    endloop
  endfacet
  facet normal 0 0 -1
    outer loop
      vertex 7.134610063135623 24.165672281086444 0
      vertex 6.350672281086444 24.490389936864375 0
      vertex 6.330835795700549 24.545829192996024 0
    endloop
  endfacet
  facet normal 0 0 -1
    outer loop
      vertex 7.329264065921306 24.295735934078692 0
      vertex 6.330835795700549 24.545829192996024 0
      vertex 6.316528833210468 24.60294580578804 0
    endloop
  endfacet
  facet normal 0 0 -1
    outer loop
      vertex 7.329264065921306 24.295735934078692 0
      vertex 6.316528833210468 24.60294580578804 0
      vertex 6.307889162302017 24.66118971377611 0
    endloop
  endfacet
  facet normal 0 0 -1
    outer loop
      vertex 7.329264065921306 24.295735934078692 0
      vertex 6.307889162302017 24.66118971377611 0
      vertex 6.304999998509883 24.72 0
    endloop
  endfacet
  facet normal 0 0 -1
    outer loop
      vertex 7.329264065921306 24.295735934078692 0
      vertex 6.304999998509883 24.72 0
      vertex 6.307889162302017 24.778810286223887 0
    endloop
  endfacet
  facet normal 0 0 -1
    outer loop
      vertex 7.329264065921306 24.295735934078692 0
      vertex 6.307889162302017 24.778810286223887 0
      vertex 6.316528833210468 24.83705419421196 0
    endloop
  endfacet
  facet normal 0 0 -1
    outer loop
      vertex 7.329264065921306 24.295735934078692 0
      vertex 6.316528833210468 24.83705419421196 0
      vertex 6.330835795700549 24.894170807003974 0
    endloop
  endfacet
  facet normal 0 0 -1
    outer loop
      vertex 7.329264065921306 24.295735934078692 0
      vertex 6.330835795700549 24.894170807003974 0
      vertex 6.350672281086444 24.949610063135623 0
    endloop
  endfacet
  facet normal 0 0 -1
    outer loop
      vertex 7.329264065921306 24.295735934078692 0
      vertex 6.350672281086444 24.949610063135623 0
      vertex 6.375847241580486 25.00283803910017 0
    endloop
  endfacet
  facet normal 0 0 -1
    outer loop
      vertex 7.329264065921306 24.295735934078692 0
      vertex 6.375847241580486 25.00283803910017 0
      vertex 6.40611823529005 25.053342142403125 0
    endloop
  endfacet
  facet normal 0 0 -1
    outer loop
      vertex 7.329264065921306 24.295735934078692 0
      vertex 6.40611823529005 25.053342142403125 0
      vertex 6.44119372844696 25.1006359693408 0
    endloop
  endfacet
  facet normal 0 0 -1
    outer loop
      vertex 7.329264065921306 24.295735934078692 0
      vertex 6.44119372844696 25.1006359693408 0
      vertex 6.480735934078693 25.144264065921305 0
    endloop
  endfacet
  facet normal 0 0 -1
    outer loop
      vertex 6.480735934078693 25.144264065921305 0
      vertex 6.524364030659198 25.18380627155304 0
      vertex 6.571657857596874 25.21888176470995 0
    endloop
  endfacet
  facet normal 0 0 -1
    outer loop
      vertex 6.480735934078693 25.144264065921305 0
      vertex 6.571657857596874 25.21888176470995 0
      vertex 6.622161960899829 25.249152758419513 0
    endloop
  endfacet
  facet normal 0 0 -1
    outer loop
      vertex 6.480735934078693 25.144264065921305 0
      vertex 6.622161960899829 25.249152758419513 0
      vertex 6.675389936864375 25.274327718913554 0
    endloop
  endfacet
  facet normal 0 0 -1
    outer loop
      vertex 6.480735934078693 25.144264065921305 0
      vertex 6.675389936864375 25.274327718913554 0
      vertex 6.7308291929960244 25.29416420429945 0
    endloop
  endfacet
  facet normal 0 0 -1
    outer loop
      vertex 6.480735934078693 25.144264065921305 0
      vertex 6.7308291929960244 25.29416420429945 0
      vertex 6.7879458057880395 25.30847116678953 0
    endloop
  endfacet
  facet normal 0 0 -1
    outer loop
      vertex 6.480735934078693 25.144264065921305 0
      vertex 6.7879458057880395 25.30847116678953 0
      vertex 6.846189713776111 25.31711083769798 0
    endloop
  endfacet
  facet normal 0 0 -1
    outer loop
      vertex 6.480735934078693 25.144264065921305 0
      vertex 6.846189713776111 25.31711083769798 0
      vertex 6.904999999999999 25.320000001490115 0
    endloop
  endfacet
  facet normal 0 0 -1
    outer loop
      vertex 6.480735934078693 25.144264065921305 0
      vertex 6.904999999999999 25.320000001490115 0
      vertex 6.963810286223888 25.31711083769798 0
    endloop
  endfacet
  facet normal 0 0 -1
    outer loop
      vertex 7.1878380391001695 24.190847241580485 0
      vertex 7.134610063135623 24.165672281086444 0
      vertex 6.330835795700549 24.545829192996024 0
    endloop
  endfacet
  facet normal 0 0 -1
    outer loop
      vertex 7.238342142403125 24.22111823529005 0
      vertex 7.1878380391001695 24.190847241580485 0
      vertex 6.330835795700549 24.545829192996024 0
    endloop
  endfacet
  facet normal 0 0 -1
    outer loop
      vertex 7.285635969340801 24.25619372844696 0
      vertex 7.238342142403125 24.22111823529005 0
      vertex 6.330835795700549 24.545829192996024 0
    endloop
  endfacet
  facet normal 0 0 -1
    outer loop
      vertex 7.285635969340801 24.25619372844696 0
      vertex 6.330835795700549 24.545829192996024 0
      vertex 7.329264065921306 24.295735934078692 0
    endloop
  endfacet
  facet normal 0 0 -1
    outer loop
      vertex 6.480735934078693 25.144264065921305 0
      vertex 7.368806271553039 24.339364030659198 0
      vertex 7.329264065921306 24.295735934078692 0
    endloop
  endfacet
  facet normal 0 0 -1
    outer loop
      vertex 6.480735934078693 25.144264065921305 0
      vertex 7.403881764709949 24.386657857596873 0
      vertex 7.368806271553039 24.339364030659198 0
    endloop
  endfacet
  facet normal 0 0 -1
    outer loop
      vertex 6.480735934078693 25.144264065921305 0
      vertex 7.434152758419513 24.43716196089983 0
      vertex 7.403881764709949 24.386657857596873 0
    endloop
  endfacet
  facet normal 0 0 -1
    outer loop
      vertex 6.480735934078693 25.144264065921305 0
      vertex 7.4593277189135545 24.490389936864375 0
      vertex 7.434152758419513 24.43716196089983 0
    endloop
  endfacet
  facet normal 0 0 -1
    outer loop
      vertex 6.480735934078693 25.144264065921305 0
      vertex 7.479164204299449 24.545829192996024 0
      vertex 7.4593277189135545 24.490389936864375 0
    endloop
  endfacet
  facet normal 0 0 -1
    outer loop
      vertex 6.480735934078693 25.144264065921305 0
      vertex 7.493471166789531 24.60294580578804 0
      vertex 7.479164204299449 24.545829192996024 0
    endloop
  endfacet
  facet normal 0 0 -1
    outer loop
      vertex 6.480735934078693 25.144264065921305 0
      vertex 7.502110837697982 24.66118971377611 0
      vertex 7.493471166789531 24.60294580578804 0
    endloop
  endfacet
  facet normal 0 0 -1
    outer loop
      vertex 6.480735934078693 25.144264065921305 0
      vertex 7.5050000014901155 24.72 0
      vertex 7.502110837697982 24.66118971377611 0
    endloop
  endfacet
  facet normal 0 0 -1
    outer loop
      vertex 6.480735934078693 25.144264065921305 0
      vertex 7.403881764709949 25.053342142403125 0
      vertex 7.434152758419513 25.00283803910017 0
    endloop
  endfacet
  facet normal 0 0 -1
    outer loop
      vertex 6.480735934078693 25.144264065921305 0
      vertex 7.368806271553039 25.1006359693408 0
      vertex 7.403881764709949 25.053342142403125 0
    endloop
  endfacet
  facet normal 0 0 -1
    outer loop
      vertex 6.480735934078693 25.144264065921305 0
      vertex 7.285635969340801 25.18380627155304 0
      vertex 7.329264065921306 25.144264065921305 0
    endloop
  endfacet
  facet normal 0 0 -1
    outer loop
      vertex 6.480735934078693 25.144264065921305 0
      vertex 7.329264065921306 25.144264065921305 0
      vertex 7.368806271553039 25.1006359693408 0
    endloop
  endfacet
  facet normal 0 0 -1
    outer loop
      vertex 6.480735934078693 25.144264065921305 0
      vertex 7.502110837697982 24.778810286223887 0
      vertex 7.5050000014901155 24.72 0
    endloop
  endfacet
  facet normal 0 0 -1
    outer loop
      vertex 6.480735934078693 25.144264065921305 0
      vertex 7.493471166789531 24.83705419421196 0
      vertex 7.502110837697982 24.778810286223887 0
    endloop
  endfacet
  facet normal 0 0 -1
    outer loop
      vertex 6.480735934078693 25.144264065921305 0
      vertex 7.479164204299449 24.894170807003974 0
      vertex 7.493471166789531 24.83705419421196 0
    endloop
  endfacet
  facet normal 0 0 -1
    outer loop
      vertex 6.480735934078693 25.144264065921305 0
      vertex 7.4593277189135545 24.949610063135623 0
      vertex 7.479164204299449 24.894170807003974 0
    endloop
  endfacet
  facet normal 0 0 -1
    outer loop
      vertex 6.480735934078693 25.144264065921305 0
      vertex 7.434152758419513 25.00283803910017 0
      vertex 7.4593277189135545 24.949610063135623 0
    endloop
  endfacet
  facet normal 0 0 -1
    outer loop
      vertex 6.480735934078693 25.144264065921305 0
      vertex 7.022054194211959 25.30847116678953 0
      vertex 7.079170807003974 25.29416420429945 0
    endloop
  endfacet
  facet normal 0 0 -1
    outer loop
      vertex 6.480735934078693 25.144264065921305 0
      vertex 7.079170807003974 25.29416420429945 0
      vertex 7.134610063135623 25.274327718913554 0
    endloop
  endfacet
  facet normal 0 0 -1
    outer loop
      vertex 6.480735934078693 25.144264065921305 0
      vertex 7.134610063135623 25.274327718913554 0
      vertex 7.1878380391001695 25.249152758419513 0
    endloop
  endfacet
  facet normal 0 0 -1
    outer loop
      vertex 6.480735934078693 25.144264065921305 0
      vertex 6.963810286223888 25.31711083769798 0
      vertex 7.022054194211959 25.30847116678953 0
    endloop
  endfacet
  facet normal 0 0 -1
    outer loop
      vertex 6.480735934078693 25.144264065921305 0
      vertex 7.1878380391001695 25.249152758419513 0
      vertex 7.238342142403125 25.21888176470995 0
    endloop
  endfacet
  facet normal 0 0 -1
    outer loop
      vertex 6.480735934078693 25.144264065921305 0
      vertex 7.238342142403125 25.21888176470995 0
      vertex 7.285635969340801 25.18380627155304 0
    endloop
  endfacet
  facet normal 0 0 -1
    outer loop
      vertex 9.976910679340362 22.753977165818213 0
      vertex 9.50666773200035 23.32937962681055 0
      vertex 10.12401261806488 22.999401913285254 0
    endloop
  endfacet
  facet normal 0 0 -1
    outer loop
      vertex 8.966967439949512 23.400340833961963 0
      vertex 8.377833886742591 23.777386316359042 0
      vertex 9.065707101225852 23.565077991485595 0
    endloop
  endfacet
  facet normal 0 0 -1
    outer loop
      vertex 9.065707101225852 23.565077991485595 0
      vertex 8.377833886742591 23.777386316359042 0
      vertex 8.448362215161323 23.89505571246147 0
    endloop
  endfacet
  facet normal 0 0 -1
    outer loop
      vertex 9.168504855334758 23.782425591051577 0
      vertex 8.448362215161323 23.89505571246147 0
      vertex 8.521789184510707 24.050303996801375 0
    endloop
  endfacet
  facet normal 0 0 -1
    outer loop
      vertex 9.168504855334758 23.782425591051577 0
      vertex 9.065707101225852 23.565077991485595 0
      vertex 8.448362215161323 23.89505571246147 0
    endloop
  endfacet
  facet normal 0 0 -1
    outer loop
      vertex 8.521789184510707 24.050303996801375 0
      vertex 9.249503819942474 24.00880254179239 0
      vertex 9.168504855334758 23.782425591051577 0
    endloop
  endfacet
  facet normal 0 0 -1
    outer loop
      vertex 8.521789184510707 24.050303996801375 0
      vertex 8.579645587801933 24.212001816630362 0
      vertex 9.249503819942474 24.00880254179239 0
    endloop
  endfacet
  facet normal 0 0 -1
    outer loop
      vertex 9.307923934161662 24.24202871441841 0
      vertex 9.249503819942474 24.00880254179239 0
      vertex 8.579645587801933 24.212001816630362 0
    endloop
  endfacet
  facet normal 0 0 -1
    outer loop
      vertex 9.976910679340362 22.753977165818213 0
      vertex 9.387777126133441 23.131022640764712 0
      vertex 9.50666773200035 23.32937962681055 0
    endloop
  endfacet
  facet normal 0 0 -1
    outer loop
      vertex 9.50666773200035 23.32937962681055 0
      vertex 10.277160293161868 23.32320547223091 0
      vertex 10.12401261806488 22.999401913285254 0
    endloop
  endfacet
  facet normal 0 0 -1
    outer loop
      vertex 9.50666773200035 23.32937962681055 0
      vertex 9.630444622337818 23.591083877980708 0
      vertex 10.277160293161868 23.32320547223091 0
    endloop
  endfacet
  facet normal 0 0 -1
    outer loop
      vertex 10.397832228541374 23.66046092778444 0
      vertex 10.277160293161868 23.32320547223091 0
      vertex 9.630444622337818 23.591083877980708 0
    endloop
  endfacet
  facet normal 0 0 -1
    outer loop
      vertex 10.397832228541374 23.66046092778444 0
      vertex 9.630444622337818 23.591083877980708 0
      vertex 9.727973988950252 23.863660202622412 0
    endloop
  endfacet
  facet normal 0 0 -1
    outer loop
      vertex 9.727973988950252 23.863660202622412 0
      vertex 10.484866275191306 24.00792032599449 0
      vertex 10.397832228541374 23.66046092778444 0
    endloop
  endfacet
  facet normal 0 0 -1
    outer loop
      vertex 9.727973988950252 23.863660202622412 0
      vertex 9.798316574394702 24.14448355257511 0
      vertex 10.484866275191306 24.00792032599449 0
    endloop
  endfacet
  facet normal 0 0 -1
    outer loop
      vertex 10.537424250245094 24.362237439751624 0
      vertex 10.484866275191306 24.00792032599449 0
      vertex 9.798316574394702 24.14448355257511 0
    endloop
  endfacet
  facet normal 0 0 -1
    outer loop
      vertex 9.307923934161662 24.24202871441841 0
      vertex 8.579645587801933 24.212001816630362 0
      vertex 8.621374240815639 24.37859193354845 0
    endloop
  endfacet
  facet normal 0 0 -1
    outer loop
      vertex 8.621374240815639 24.37859193354845 0
      vertex 8.646573274135589 24.54847000658512 0
      vertex 9.343202582299709 24.47985800474882 0
    endloop
  endfacet
  facet normal 0 0 -1
    outer loop
      vertex 8.621374240815639 24.37859193354845 0
      vertex 9.343202582299709 24.47985800474882 0
      vertex 9.307923934161662 24.24202871441841 0
    endloop
  endfacet
  facet normal 0 0 -1
    outer loop
      vertex 8.646573274135589 24.54847000658512 0
      vertex 8.655 24.72 0
      vertex 9.355000002980232 24.72 0
    endloop
  endfacet
  facet normal 0 0 -1
    outer loop
      vertex 8.655 24.72 0
      vertex 8.646573274135589 24.891529993414878 0
      vertex 9.343202582299709 24.960141995251178 0
    endloop
  endfacet
  facet normal 0 0 -1
    outer loop
      vertex 8.646573274135589 24.54847000658512 0
      vertex 9.355000002980232 24.72 0
      vertex 9.343202582299709 24.47985800474882 0
    endloop
  endfacet
  facet normal 0 0 -1
    outer loop
      vertex 8.655 24.72 0
      vertex 9.343202582299709 24.960141995251178 0
      vertex 9.355000002980232 24.72 0
    endloop
  endfacet
  facet normal 0 0 -1
    outer loop
      vertex 8.646573274135589 24.891529993414878 0
      vertex 8.621374240815639 25.06140806645155 0
      vertex 9.307923934161662 25.197971285581588 0
    endloop
  endfacet
  facet normal 0 0 -1
    outer loop
      vertex 8.646573274135589 24.891529993414878 0
      vertex 9.307923934161662 25.197971285581588 0
      vertex 9.343202582299709 24.960141995251178 0
    endloop
  endfacet
  facet normal 0 0 -1
    outer loop
      vertex 8.621374240815639 25.06140806645155 0
      vertex 8.579645587801933 25.227998183369635 0
      vertex 9.249503819942474 25.431197458207606 0
    endloop
  endfacet
  facet normal 0 0 -1
    outer loop
      vertex 8.579645587801933 25.227998183369635 0
      vertex 8.521789184510707 25.389696003198623 0
      vertex 9.168504855334758 25.65757440894842 0
    endloop
  endfacet
  facet normal 0 0 -1
    outer loop
      vertex 8.621374240815639 25.06140806645155 0
      vertex 9.249503819942474 25.431197458207606 0
      vertex 9.307923934161662 25.197971285581588 0
    endloop
  endfacet
  facet normal 0 0 -1
    outer loop
      vertex 8.579645587801933 25.227998183369635 0
      vertex 9.168504855334758 25.65757440894842 0
      vertex 9.249503819942474 25.431197458207606 0
    endloop
  endfacet
  facet normal 0 0 -1
    outer loop
      vertex 10.537424250245094 24.362237439751624 0
      vertex 9.798316574394702 24.14448355257511 0
      vertex 9.840794942080974 24.430849434137343 0
    endloop
  endfacet
  facet normal 0 0 -1
    outer loop
      vertex 9.840794942080974 24.430849434137343 0
      vertex 10.554999998509883 24.72 0
      vertex 10.537424250245094 24.362237439751624 0
    endloop
  endfacet
  facet normal 0 0 -1
    outer loop
      vertex 9.840794942080974 24.430849434137343 0
      vertex 9.855000002980232 24.72 0
      vertex 10.554999998509883 24.72 0
    endloop
  endfacet
  facet normal 0 0 -1
    outer loop
      vertex 9.855000002980232 24.72 0
      vertex 10.537424250245094 25.077762560248374 0
      vertex 10.554999998509883 24.72 0
    endloop
  endfacet
  facet normal 0 0 -1
    outer loop
      vertex 9.855000002980232 24.72 0
      vertex 9.840794942080974 25.009150565862655 0
      vertex 10.537424250245094 25.077762560248374 0
    endloop
  endfacet
  facet normal 0 0 -1
    outer loop
      vertex 9.840794942080974 25.009150565862655 0
      vertex 10.484866275191306 25.432079674005507 0
      vertex 10.537424250245094 25.077762560248374 0
    endloop
  endfacet
  facet normal 0 0 -1
    outer loop
      vertex 9.840794942080974 25.009150565862655 0
      vertex 9.798316574394702 25.295516447424887 0
      vertex 10.484866275191306 25.432079674005507 0
    endloop
  endfacet
  facet normal 0 0 -1
    outer loop
      vertex 8.521789184510707 25.389696003198623 0
      vertex 8.448362215161323 25.544944287538527 0
      vertex 9.065707101225852 25.874922008514403 0
    endloop
  endfacet
  facet normal 0 0 -1
    outer loop
      vertex 8.448362215161323 25.544944287538527 0
      vertex 8.377833886742591 25.662613683640956 0
      vertex 9.065707101225852 25.874922008514403 0
    endloop
  endfacet
  facet normal 0 0 -1
    outer loop
      vertex 8.521789184510707 25.389696003198623 0
      vertex 9.065707101225852 25.874922008514403 0
      vertex 9.168504855334758 25.65757440894842 0
    endloop
  endfacet
  facet normal 0 0 -1
    outer loop
      vertex 8.377833886742591 25.662613683640956 0
      vertex 8.966967439949512 26.039659166038035 0
      vertex 9.065707101225852 25.874922008514403 0
    endloop
  endfacet
  facet normal 0 0 -1
    outer loop
      vertex 9.798316574394702 25.295516447424887 0
      vertex 9.727973988950252 25.576339797377585 0
      vertex 10.397832228541374 25.779539072215556 0
    endloop
  endfacet
  facet normal 0 0 -1
    outer loop
      vertex 9.798316574394702 25.295516447424887 0
      vertex 10.397832228541374 25.779539072215556 0
      vertex 10.484866275191306 25.432079674005507 0
    endloop
  endfacet
  facet normal 0 0 -1
    outer loop
      vertex 9.727973988950252 25.576339797377585 0
      vertex 9.630444622337818 25.84891612201929 0
      vertex 10.277160293161868 26.116794527769088 0
    endloop
  endfacet
  facet normal 0 0 -1
    outer loop
      vertex 9.727973988950252 25.576339797377585 0
      vertex 10.277160293161868 26.116794527769088 0
      vertex 10.397832228541374 25.779539072215556 0
    endloop
  endfacet
  facet normal 0 0 -1
    outer loop
      vertex 9.630444622337818 25.84891612201929 0
      vertex 9.50666773200035 26.110620373189448 0
      vertex 10.12401261806488 26.440598086714743 0
    endloop
  endfacet
  facet normal 0 0 -1
    outer loop
      vertex 9.50666773200035 26.110620373189448 0
      vertex 9.387777126133441 26.308977359235286 0
      vertex 10.12401261806488 26.440598086714743 0
    endloop
  endfacet
  facet normal 0 0 -1
    outer loop
      vertex 9.630444622337818 25.84891612201929 0
      vertex 10.12401261806488 26.440598086714743 0
      vertex 10.277160293161868 26.116794527769088 0
    endloop
  endfacet
  facet normal 0 0 -1
    outer loop
      vertex 9.387777126133441 26.308977359235286 0
      vertex 9.976910679340362 26.686022834181784 0
      vertex 10.12401261806488 26.440598086714743 0
    endloop
  endfacet
  facet normal 0 0 -1
    outer loop
      vertex 34.508089320659636 7.3639771658182145 0
      vertex 34.36098738193512 7.6094019132852555 0
      vertex 35.097222873866556 7.741022640764713 0
    endloop
  endfacet
  facet normal 0 0 -1
    outer loop
      vertex 34.36098738193512 7.6094019132852555 0
      vertex 34.20783970683813 7.933205472230911 0
      vertex 34.85455537766218 8.20108387798071 0
    endloop
  endfacet
  facet normal 0 0 -1
    outer loop
      vertex 35.097222873866556 7.741022640764713 0
      vertex 34.36098738193512 7.6094019132852555 0
      vertex 34.97833226799965 7.939379626810551 0
    endloop
  endfacet
  facet normal 0 0 -1
    outer loop
      vertex 34.36098738193512 7.6094019132852555 0
      vertex 34.85455537766218 8.20108387798071 0
      vertex 34.97833226799965 7.939379626810551 0
    endloop
  endfacet
  facet normal 0 0 -1
    outer loop
      vertex 34.20783970683813 7.933205472230911 0
      vertex 34.087167771458624 8.270460927784443 0
      vertex 34.757026011049746 8.473660202622414 0
    endloop
  endfacet
  facet normal 0 0 -1
    outer loop
      vertex 34.20783970683813 7.933205472230911 0
      vertex 34.757026011049746 8.473660202622414 0
      vertex 34.85455537766218 8.20108387798071 0
    endloop
  endfacet
  facet normal 0 0 -1
    outer loop
      vertex 34.087167771458624 8.270460927784443 0
      vertex 34.00013372480869 8.617920325994492 0
      vertex 34.686683425605295 8.754483552575111 0
    endloop
  endfacet
  facet normal 0 0 -1
    outer loop
      vertex 34.087167771458624 8.270460927784443 0
      vertex 34.686683425605295 8.754483552575111 0
      vertex 34.757026011049746 8.473660202622414 0
    endloop
  endfacet
  facet normal 0 0 -1
    outer loop
      vertex 35.518032560050486 8.010340833961964 0
      vertex 35.419292898774145 8.175077991485596 0
      vertex 36.107166113257406 8.387386316359043 0
    endloop
  endfacet
  facet normal 0 0 -1
    outer loop
      vertex 35.419292898774145 8.175077991485596 0
      vertex 35.31649514466524 8.392425591051579 0
      vertex 35.96321081548929 8.660303996801376 0
    endloop
  endfacet
  facet normal 0 0 -1
    outer loop
      vertex 36.107166113257406 8.387386316359043 0
      vertex 35.419292898774145 8.175077991485596 0
      vertex 36.036637784838675 8.505055712461472 0
    endloop
  endfacet
  facet normal 0 0 -1
    outer loop
      vertex 35.419292898774145 8.175077991485596 0
      vertex 35.96321081548929 8.660303996801376 0
      vertex 36.036637784838675 8.505055712461472 0
    endloop
  endfacet
  facet normal 0 0 -1
    outer loop
      vertex 34.00013372480869 8.617920325994492 0
      vertex 34.644205057919024 9.040849434137344 0
      vertex 34.686683425605295 8.754483552575111 0
    endloop
  endfacet
  facet normal 0 0 -1
    outer loop
      vertex 34.00013372480869 8.617920325994492 0
      vertex 33.947575749754904 8.972237439751625 0
      vertex 34.644205057919024 9.040849434137344 0
    endloop
  endfacet
  facet normal 0 0 -1
    outer loop
      vertex 33.947575749754904 8.972237439751625 0
      vertex 34.629999997019766 9.33 0
      vertex 34.644205057919024 9.040849434137344 0
    endloop
  endfacet
  facet normal 0 0 -1
    outer loop
      vertex 33.947575749754904 8.972237439751625 0
      vertex 33.930000001490114 9.33 0
      vertex 34.629999997019766 9.33 0
    endloop
  endfacet
  facet normal 0 0 -1
    outer loop
      vertex 33.930000001490114 9.33 0
      vertex 34.644205057919024 9.619150565862656 0
      vertex 34.629999997019766 9.33 0
    endloop
  endfacet
  facet normal 0 0 -1
    outer loop
      vertex 33.930000001490114 9.33 0
      vertex 33.947575749754904 9.687762560248375 0
      vertex 34.644205057919024 9.619150565862656 0
    endloop
  endfacet
  facet normal 0 0 -1
    outer loop
      vertex 34.686683425605295 9.905516447424889 0
      vertex 34.644205057919024 9.619150565862656 0
      vertex 33.947575749754904 9.687762560248375 0
    endloop
  endfacet
  facet normal 0 0 -1
    outer loop
      vertex 35.31649514466524 8.392425591051579 0
      vertex 35.235496180057524 8.618802541792393 0
      vertex 35.905354412198065 8.822001816630364 0
    endloop
  endfacet
  facet normal 0 0 -1
    outer loop
      vertex 35.235496180057524 8.618802541792393 0
      vertex 35.177076065838335 8.852028714418411 0
      vertex 35.86362575918436 8.98859193354845 0
    endloop
  endfacet
  facet normal 0 0 -1
    outer loop
      vertex 35.31649514466524 8.392425591051579 0
      vertex 35.905354412198065 8.822001816630364 0
      vertex 35.96321081548929 8.660303996801376 0
    endloop
  endfacet
  facet normal 0 0 -1
    outer loop
      vertex 35.235496180057524 8.618802541792393 0
      vertex 35.86362575918436 8.98859193354845 0
      vertex 35.905354412198065 8.822001816630364 0
    endloop
  endfacet
  facet normal 0 0 -1
    outer loop
      vertex 35.177076065838335 8.852028714418411 0
      vertex 35.14179741770029 9.089858004748821 0
      vertex 35.83842672586441 9.158470006585121 0
    endloop
  endfacet
  facet normal 0 0 -1
    outer loop
      vertex 35.177076065838335 8.852028714418411 0
      vertex 35.83842672586441 9.158470006585121 0
      vertex 35.86362575918436 8.98859193354845 0
    endloop
  endfacet
  facet normal 0 0 -1
    outer loop
      vertex 35.14179741770029 9.089858004748821 0
      vertex 35.129999997019766 9.33 0
      vertex 35.83 9.33 0
    endloop
  endfacet
  facet normal 0 0 -1
    outer loop
      vertex 35.129999997019766 9.33 0
      vertex 35.14179741770029 9.570141995251179 0
      vertex 35.83842672586441 9.501529993414879 0
    endloop
  endfacet
  facet normal 0 0 -1
    outer loop
      vertex 35.14179741770029 9.089858004748821 0
      vertex 35.83 9.33 0
      vertex 35.83842672586441 9.158470006585121 0
    endloop
  endfacet
  facet normal 0 0 -1
    outer loop
      vertex 35.129999997019766 9.33 0
      vertex 35.83842672586441 9.501529993414879 0
      vertex 35.83 9.33 0
    endloop
  endfacet
  facet normal 0 0 -1
    outer loop
      vertex 35.14179741770029 9.570141995251179 0
      vertex 35.177076065838335 9.807971285581589 0
      vertex 35.86362575918436 9.67140806645155 0
    endloop
  endfacet
  facet normal 0 0 -1
    outer loop
      vertex 35.14179741770029 9.570141995251179 0
      vertex 35.86362575918436 9.67140806645155 0
      vertex 35.83842672586441 9.501529993414879 0
    endloop
  endfacet
  facet normal 0 0 -1
    outer loop
      vertex 35.905354412198065 9.837998183369637 0
      vertex 35.86362575918436 9.67140806645155 0
      vertex 35.177076065838335 9.807971285581589 0
    endloop
  endfacet
  facet normal 0 0 -1
    outer loop
      vertex 34.686683425605295 9.905516447424889 0
      vertex 33.947575749754904 9.687762560248375 0
      vertex 34.00013372480869 10.042079674005508 0
    endloop
  endfacet
  facet normal 0 0 -1
    outer loop
      vertex 34.00013372480869 10.042079674005508 0
      vertex 34.757026011049746 10.186339797377586 0
      vertex 34.686683425605295 9.905516447424889 0
    endloop
  endfacet
  facet normal 0 0 -1
    outer loop
      vertex 34.00013372480869 10.042079674005508 0
      vertex 34.087167771458624 10.389539072215557 0
      vertex 34.757026011049746 10.186339797377586 0
    endloop
  endfacet
  facet normal 0 0 -1
    outer loop
      vertex 34.85455537766218 10.458916122019291 0
      vertex 34.757026011049746 10.186339797377586 0
      vertex 34.087167771458624 10.389539072215557 0
    endloop
  endfacet
  facet normal 0 0 -1
    outer loop
      vertex 34.85455537766218 10.458916122019291 0
      vertex 34.087167771458624 10.389539072215557 0
      vertex 34.20783970683813 10.726794527769089 0
    endloop
  endfacet
  facet normal 0 0 -1
    outer loop
      vertex 34.20783970683813 10.726794527769089 0
      vertex 34.97833226799965 10.72062037318945 0
      vertex 34.85455537766218 10.458916122019291 0
    endloop
  endfacet
  facet normal 0 0 -1
    outer loop
      vertex 34.20783970683813 10.726794527769089 0
      vertex 34.36098738193512 11.050598086714745 0
      vertex 34.97833226799965 10.72062037318945 0
    endloop
  endfacet
  facet normal 0 0 -1
    outer loop
      vertex 35.097222873866556 10.918977359235287 0
      vertex 34.97833226799965 10.72062037318945 0
      vertex 34.508089320659636 11.296022834181786 0
    endloop
  endfacet
  facet normal 0 0 -1
    outer loop
      vertex 35.905354412198065 9.837998183369637 0
      vertex 35.177076065838335 9.807971285581589 0
      vertex 35.235496180057524 10.041197458207607 0
    endloop
  endfacet
  facet normal 0 0 -1
    outer loop
      vertex 35.235496180057524 10.041197458207607 0
      vertex 35.96321081548929 9.999696003198624 0
      vertex 35.905354412198065 9.837998183369637 0
    endloop
  endfacet
  facet normal 0 0 -1
    outer loop
      vertex 35.235496180057524 10.041197458207607 0
      vertex 35.31649514466524 10.267574408948422 0
      vertex 35.96321081548929 9.999696003198624 0
    endloop
  endfacet
  facet normal 0 0 -1
    outer loop
      vertex 36.036637784838675 10.154944287538529 0
      vertex 35.31649514466524 10.267574408948422 0
      vertex 35.419292898774145 10.484922008514404 0
    endloop
  endfacet
  facet normal 0 0 -1
    outer loop
      vertex 36.036637784838675 10.154944287538529 0
      vertex 35.96321081548929 9.999696003198624 0
      vertex 35.31649514466524 10.267574408948422 0
    endloop
  endfacet
  facet normal 0 0 -1
    outer loop
      vertex 36.107166113257406 10.272613683640957 0
      vertex 36.036637784838675 10.154944287538529 0
      vertex 35.419292898774145 10.484922008514404 0
    endloop
  endfacet
  facet normal 0 0 -1
    outer loop
      vertex 36.107166113257406 10.272613683640957 0
      vertex 35.419292898774145 10.484922008514404 0
      vertex 35.518032560050486 10.649659166038036 0
    endloop
  endfacet
  facet normal 0 0 -1
    outer loop
      vertex 34.36098738193512 11.050598086714745 0
      vertex 34.508089320659636 11.296022834181786 0
      vertex 34.97833226799965 10.72062037318945 0
    endloop
  endfacet
  facet normal 0 0 -1
    outer loop
      vertex 37.29716196089983 8.800847241580486 0
      vertex 37.24665785759687 8.83111823529005 0
      vertex 38.004264065921305 9.754264065921307 0
    endloop
  endfacet
  facet normal 0 0 -1
    outer loop
      vertex 37.24665785759687 8.83111823529005 0
      vertex 37.1993640306592 8.86619372844696 0
      vertex 38.004264065921305 9.754264065921307 0
    endloop
  endfacet
  facet normal 0 0 -1
    outer loop
      vertex 37.1993640306592 8.86619372844696 0
      vertex 37.15573593407869 8.905735934078693 0
      vertex 38.004264065921305 9.754264065921307 0
    endloop
  endfacet
  facet normal 0 0 -1
    outer loop
      vertex 37.40582919299602 8.75583579570055 0
      vertex 37.350389936864374 8.775672281086445 0
      vertex 38.004264065921305 9.754264065921307 0
    endloop
  endfacet
  facet normal 0 0 -1
    outer loop
      vertex 37.40582919299602 8.75583579570055 0
      vertex 38.004264065921305 9.754264065921307 0
      vertex 37.46294580578804 8.741528833210468 0
    endloop
  endfacet
  facet normal 0 0 -1
    outer loop
      vertex 37.52118971377611 8.732889162302017 0
      vertex 37.46294580578804 8.741528833210468 0
      vertex 38.004264065921305 9.754264065921307 0
    endloop
  endfacet
  facet normal 0 0 -1
    outer loop
      vertex 37.350389936864374 8.775672281086445 0
      vertex 37.29716196089983 8.800847241580486 0
      vertex 38.004264065921305 9.754264065921307 0
    endloop
  endfacet
  facet normal 0 0 -1
    outer loop
      vertex 37.00583579570055 9.155829192996025 0
      vertex 36.99152883321047 9.21294580578804 0
      vertex 37.11619372844696 9.710635969340801 0
    endloop
  endfacet
  facet normal 0 0 -1
    outer loop
      vertex 36.99152883321047 9.21294580578804 0
      vertex 36.982889162302016 9.271189713776112 0
      vertex 37.11619372844696 9.710635969340801 0
    endloop
  endfacet
  facet normal 0 0 -1
    outer loop
      vertex 36.97999999850988 9.33 0
      vertex 36.982889162302016 9.388810286223888 0
      vertex 37.02567228108644 9.559610063135624 0
    endloop
  endfacet
  facet normal 0 0 -1
    outer loop
      vertex 36.982889162302016 9.388810286223888 0
      vertex 36.99152883321047 9.44705419421196 0
      vertex 37.00583579570055 9.504170807003975 0
    endloop
  endfacet
  facet normal 0 0 -1
    outer loop
      vertex 36.982889162302016 9.271189713776112 0
      vertex 36.97999999850988 9.33 0
      vertex 37.050847241580485 9.61283803910017 0
    endloop
  endfacet
  facet normal 0 0 -1
    outer loop
      vertex 36.982889162302016 9.388810286223888 0
      vertex 37.00583579570055 9.504170807003975 0
      vertex 37.02567228108644 9.559610063135624 0
    endloop
  endfacet
  facet normal 0 0 -1
    outer loop
      vertex 36.97999999850988 9.33 0
      vertex 37.02567228108644 9.559610063135624 0
      vertex 37.050847241580485 9.61283803910017 0
    endloop
  endfacet
  facet normal 0 0 -1
    outer loop
      vertex 36.982889162302016 9.271189713776112 0
      vertex 37.050847241580485 9.61283803910017 0
      vertex 37.08111823529005 9.663342142403126 0
    endloop
  endfacet
  facet normal 0 0 -1
    outer loop
      vertex 36.982889162302016 9.271189713776112 0
      vertex 37.08111823529005 9.663342142403126 0
      vertex 37.11619372844696 9.710635969340801 0
    endloop
  endfacet
  facet normal 0 0 -1
    outer loop
      vertex 37.11619372844696 8.949364030659199 0
      vertex 37.08111823529005 8.996657857596874 0
      vertex 37.40582919299602 9.90416420429945 0
    endloop
  endfacet
  facet normal 0 0 -1
    outer loop
      vertex 37.08111823529005 8.996657857596874 0
      vertex 37.050847241580485 9.04716196089983 0
      vertex 37.40582919299602 9.90416420429945 0
    endloop
  endfacet
  facet normal 0 0 -1
    outer loop
      vertex 37.15573593407869 8.905735934078693 0
      vertex 37.11619372844696 8.949364030659199 0
      vertex 37.40582919299602 9.90416420429945 0
    endloop
  endfacet
  facet normal 0 0 -1
    outer loop
      vertex 37.02567228108644 9.100389936864376 0
      vertex 37.00583579570055 9.155829192996025 0
      vertex 37.1993640306592 9.79380627155304 0
    endloop
  endfacet
  facet normal 0 0 -1
    outer loop
      vertex 37.050847241580485 9.04716196089983 0
      vertex 37.02567228108644 9.100389936864376 0
      vertex 37.40582919299602 9.90416420429945 0
    endloop
  endfacet
  facet normal 0 0 -1
    outer loop
      vertex 37.00583579570055 9.155829192996025 0
      vertex 37.11619372844696 9.710635969340801 0
      vertex 37.15573593407869 9.754264065921307 0
    endloop
  endfacet
  facet normal 0 0 -1
    outer loop
      vertex 37.00583579570055 9.155829192996025 0
      vertex 37.15573593407869 9.754264065921307 0
      vertex 37.1993640306592 9.79380627155304 0
    endloop
  endfacet
  facet normal 0 0 -1
    outer loop
      vertex 37.02567228108644 9.100389936864376 0
      vertex 37.1993640306592 9.79380627155304 0
      vertex 37.24665785759687 9.82888176470995 0
    endloop
  endfacet
  facet normal 0 0 -1
    outer loop
      vertex 37.02567228108644 9.100389936864376 0
      vertex 37.24665785759687 9.82888176470995 0
      vertex 37.29716196089983 9.859152758419514 0
    endloop
  endfacet
  facet normal 0 0 -1
    outer loop
      vertex 37.02567228108644 9.100389936864376 0
      vertex 37.29716196089983 9.859152758419514 0
      vertex 37.350389936864374 9.884327718913555 0
    endloop
  endfacet
  facet normal 0 0 -1
    outer loop
      vertex 37.15573593407869 8.905735934078693 0
      vertex 37.40582919299602 9.90416420429945 0
      vertex 37.46294580578804 9.918471166789532 0
    endloop
  endfacet
  facet normal 0 0 -1
    outer loop
      vertex 37.02567228108644 9.100389936864376 0
      vertex 37.350389936864374 9.884327718913555 0
      vertex 37.40582919299602 9.90416420429945 0
    endloop
  endfacet
  facet normal 0 0 -1
    outer loop
      vertex 37.15573593407869 8.905735934078693 0
      vertex 37.46294580578804 9.918471166789532 0
      vertex 37.52118971377611 9.927110837697983 0
    endloop
  endfacet
  facet normal 0 0 -1
    outer loop
      vertex 37.15573593407869 8.905735934078693 0
      vertex 37.52118971377611 9.927110837697983 0
      vertex 37.58 9.930000001490116 0
    endloop
  endfacet
  facet normal 0 0 -1
    outer loop
      vertex 37.15573593407869 8.905735934078693 0
      vertex 37.58 9.930000001490116 0
      vertex 37.63881028622389 9.927110837697983 0
    endloop
  endfacet
  facet normal 0 0 -1
    outer loop
      vertex 37.15573593407869 8.905735934078693 0
      vertex 37.63881028622389 9.927110837697983 0
      vertex 37.69705419421196 9.918471166789532 0
    endloop
  endfacet
  facet normal 0 0 -1
    outer loop
      vertex 37.15573593407869 8.905735934078693 0
      vertex 37.80961006313562 9.884327718913555 0
      vertex 37.86283803910017 9.859152758419514 0
    endloop
  endfacet
  facet normal 0 0 -1
    outer loop
      vertex 37.15573593407869 8.905735934078693 0
      vertex 37.86283803910017 9.859152758419514 0
      vertex 37.913342142403124 9.82888176470995 0
    endloop
  endfacet
  facet normal 0 0 -1
    outer loop
      vertex 37.15573593407869 8.905735934078693 0
      vertex 37.69705419421196 9.918471166789532 0
      vertex 37.75417080700397 9.90416420429945 0
    endloop
  endfacet
  facet normal 0 0 -1
    outer loop
      vertex 37.15573593407869 8.905735934078693 0
      vertex 37.75417080700397 9.90416420429945 0
      vertex 37.80961006313562 9.884327718913555 0
    endloop
  endfacet
  facet normal 0 0 -1
    outer loop
      vertex 37.52118971377611 8.732889162302017 0
      vertex 38.004264065921305 9.754264065921307 0
      vertex 37.58 8.729999998509884 0
    endloop
  endfacet
  facet normal 0 0 -1
    outer loop
      vertex 37.63881028622389 8.732889162302017 0
      vertex 37.58 8.729999998509884 0
      vertex 38.004264065921305 9.754264065921307 0
    endloop
  endfacet
  facet normal 0 0 -1
    outer loop
      vertex 37.63881028622389 8.732889162302017 0
      vertex 38.004264065921305 9.754264065921307 0
      vertex 37.69705419421196 8.741528833210468 0
    endloop
  endfacet
  facet normal 0 0 -1
    outer loop
      vertex 37.75417080700397 8.75583579570055 0
      vertex 37.69705419421196 8.741528833210468 0
      vertex 38.004264065921305 9.754264065921307 0
    endloop
  endfacet
  facet normal 0 0 -1
    outer loop
      vertex 37.75417080700397 8.75583579570055 0
      vertex 38.004264065921305 9.754264065921307 0
      vertex 37.80961006313562 8.775672281086445 0
    endloop
  endfacet
  facet normal 0 0 -1
    outer loop
      vertex 37.86283803910017 8.800847241580486 0
      vertex 37.80961006313562 8.775672281086445 0
      vertex 38.004264065921305 9.754264065921307 0
    endloop
  endfacet
  facet normal 0 0 -1
    outer loop
      vertex 37.913342142403124 8.83111823529005 0
      vertex 37.86283803910017 8.800847241580486 0
      vertex 38.004264065921305 9.754264065921307 0
    endloop
  endfacet
  facet normal 0 0 -1
    outer loop
      vertex 37.9606359693408 8.86619372844696 0
      vertex 37.913342142403124 8.83111823529005 0
      vertex 38.004264065921305 9.754264065921307 0
    endloop
  endfacet
  facet normal 0 0 -1
    outer loop
      vertex 37.9606359693408 8.86619372844696 0
      vertex 38.004264065921305 9.754264065921307 0
      vertex 38.004264065921305 8.905735934078693 0
    endloop
  endfacet
  facet normal 0 0 -1
    outer loop
      vertex 38.04380627155304 8.949364030659199 0
      vertex 38.004264065921305 8.905735934078693 0
      vertex 38.004264065921305 9.754264065921307 0
    endloop
  endfacet
  facet normal 0 0 -1
    outer loop
      vertex 38.04380627155304 8.949364030659199 0
      vertex 38.004264065921305 9.754264065921307 0
      vertex 38.07888176470995 8.996657857596874 0
    endloop
  endfacet
  facet normal 0 0 -1
    outer loop
      vertex 38.10915275841951 9.04716196089983 0
      vertex 38.07888176470995 8.996657857596874 0
      vertex 38.004264065921305 9.754264065921307 0
    endloop
  endfacet
  facet normal 0 0 -1
    outer loop
      vertex 38.13432771891355 9.100389936864376 0
      vertex 38.10915275841951 9.04716196089983 0
      vertex 38.004264065921305 9.754264065921307 0
    endloop
  endfacet
  facet normal 0 0 -1
    outer loop
      vertex 38.15416420429945 9.155829192996025 0
      vertex 38.13432771891355 9.100389936864376 0
      vertex 38.004264065921305 9.754264065921307 0
    endloop
  endfacet
  facet normal 0 0 -1
    outer loop
      vertex 38.15416420429945 9.155829192996025 0
      vertex 38.004264065921305 9.754264065921307 0
      vertex 38.16847116678953 9.21294580578804 0
    endloop
  endfacet
  facet normal 0 0 -1
    outer loop
      vertex 38.17711083769798 9.271189713776112 0
      vertex 38.16847116678953 9.21294580578804 0
      vertex 38.004264065921305 9.754264065921307 0
    endloop
  endfacet
  facet normal 0 0 -1
    outer loop
      vertex 38.17711083769798 9.271189713776112 0
      vertex 38.004264065921305 9.754264065921307 0
      vertex 38.180000001490114 9.33 0
    endloop
  endfacet
  facet normal 0 0 -1
    outer loop
      vertex 37.15573593407869 8.905735934078693 0
      vertex 37.9606359693408 9.79380627155304 0
      vertex 38.004264065921305 9.754264065921307 0
    endloop
  endfacet
  facet normal 0 0 -1
    outer loop
      vertex 37.15573593407869 8.905735934078693 0
      vertex 37.913342142403124 9.82888176470995 0
      vertex 37.9606359693408 9.79380627155304 0
    endloop
  endfacet
  facet normal 0 0 -1
    outer loop
      vertex 38.15416420429945 9.504170807003975 0
      vertex 38.16847116678953 9.44705419421196 0
      vertex 38.004264065921305 9.754264065921307 0
    endloop
  endfacet
  facet normal 0 0 -1
    outer loop
      vertex 38.15416420429945 9.504170807003975 0
      vertex 38.004264065921305 9.754264065921307 0
      vertex 38.13432771891355 9.559610063135624 0
    endloop
  endfacet
  facet normal 0 0 -1
    outer loop
      vertex 38.17711083769798 9.388810286223888 0
      vertex 38.180000001490114 9.33 0
      vertex 38.004264065921305 9.754264065921307 0
    endloop
  endfacet
  facet normal 0 0 -1
    outer loop
      vertex 38.17711083769798 9.388810286223888 0
      vertex 38.004264065921305 9.754264065921307 0
      vertex 38.16847116678953 9.44705419421196 0
    endloop
  endfacet
  facet normal 0 0 -1
    outer loop
      vertex 38.10915275841951 9.61283803910017 0
      vertex 38.13432771891355 9.559610063135624 0
      vertex 38.004264065921305 9.754264065921307 0
    endloop
  endfacet
  facet normal 0 0 -1
    outer loop
      vertex 38.07888176470995 9.663342142403126 0
      vertex 38.10915275841951 9.61283803910017 0
      vertex 38.004264065921305 9.754264065921307 0
    endloop
  endfacet
  facet normal 0 0 -1
    outer loop
      vertex 38.07888176470995 9.663342142403126 0
      vertex 38.004264065921305 9.754264065921307 0
      vertex 38.04380627155304 9.710635969340801 0
    endloop
  endfacet
  facet normal 0 0 -1
    outer loop
      vertex 39.05283388674259 8.387386316359043 0
      vertex 39.12336221516132 8.505055712461472 0
      vertex 39.74070710122585 8.175077991485596 0
    endloop
  endfacet
  facet normal 0 0 -1
    outer loop
      vertex 39.84350485533476 8.392425591051579 0
      vertex 39.12336221516132 8.505055712461472 0
      vertex 39.196789184510706 8.660303996801376 0
    endloop
  endfacet
  facet normal 0 0 -1
    outer loop
      vertex 39.64196743994951 8.010340833961964 0
      vertex 39.05283388674259 8.387386316359043 0
      vertex 39.74070710122585 8.175077991485596 0
    endloop
  endfacet
  facet normal 0 0 -1
    outer loop
      vertex 39.84350485533476 8.392425591051579 0
      vertex 39.74070710122585 8.175077991485596 0
      vertex 39.12336221516132 8.505055712461472 0
    endloop
  endfacet
  facet normal 0 0 -1
    outer loop
      vertex 39.92450381994247 8.618802541792393 0
      vertex 39.84350485533476 8.392425591051579 0
      vertex 39.196789184510706 8.660303996801376 0
    endloop
  endfacet
  facet normal 0 0 -1
    outer loop
      vertex 40.65191067934036 7.3639771658182145 0
      vertex 40.18166773200035 7.939379626810551 0
      vertex 40.79901261806488 7.6094019132852555 0
    endloop
  endfacet
  facet normal 0 0 -1
    outer loop
      vertex 40.65191067934036 7.3639771658182145 0
      vertex 40.06277712613344 7.741022640764713 0
      vertex 40.18166773200035 7.939379626810551 0
    endloop
  endfacet
  facet normal 0 0 -1
    outer loop
      vertex 40.95216029316187 7.933205472230911 0
      vertex 40.79901261806488 7.6094019132852555 0
      vertex 40.18166773200035 7.939379626810551 0
    endloop
  endfacet
  facet normal 0 0 -1
    outer loop
      vertex 40.95216029316187 7.933205472230911 0
      vertex 40.18166773200035 7.939379626810551 0
      vertex 40.305444622337816 8.20108387798071 0
    endloop
  endfacet
  facet normal 0 0 -1
    outer loop
      vertex 40.305444622337816 8.20108387798071 0
      vertex 40.40297398895025 8.473660202622414 0
      vertex 41.07283222854137 8.270460927784443 0
    endloop
  endfacet
  facet normal 0 0 -1
    outer loop
      vertex 40.305444622337816 8.20108387798071 0
      vertex 41.07283222854137 8.270460927784443 0
      vertex 40.95216029316187 7.933205472230911 0
    endloop
  endfacet
  facet normal 0 0 -1
    outer loop
      vertex 41.159866275191305 8.617920325994492 0
      vertex 41.07283222854137 8.270460927784443 0
      vertex 40.40297398895025 8.473660202622414 0
    endloop
  endfacet
  facet normal 0 0 -1
    outer loop
      vertex 39.92450381994247 8.618802541792393 0
      vertex 39.196789184510706 8.660303996801376 0
      vertex 39.25464558780193 8.822001816630364 0
    endloop
  endfacet
  facet normal 0 0 -1
    outer loop
      vertex 39.25464558780193 8.822001816630364 0
      vertex 39.98292393416166 8.852028714418411 0
      vertex 39.92450381994247 8.618802541792393 0
    endloop
  endfacet
  facet normal 0 0 -1
    outer loop
      vertex 39.25464558780193 8.822001816630364 0
      vertex 39.29637424081564 8.98859193354845 0
      vertex 39.98292393416166 8.852028714418411 0
    endloop
  endfacet
  facet normal 0 0 -1
    outer loop
      vertex 39.29637424081564 8.98859193354845 0
      vertex 39.32157327413559 9.158470006585121 0
      vertex 40.01820258229971 9.089858004748821 0
    endloop
  endfacet
  facet normal 0 0 -1
    outer loop
      vertex 39.29637424081564 8.98859193354845 0
      vertex 40.01820258229971 9.089858004748821 0
      vertex 39.98292393416166 8.852028714418411 0
    endloop
  endfacet
  facet normal 0 0 -1
    outer loop
      vertex 40.03000000298023 9.33 0
      vertex 39.32157327413559 9.158470006585121 0
      vertex 39.33 9.33 0
    endloop
  endfacet
  facet normal 0 0 -1
    outer loop
      vertex 39.33 9.33 0
      vertex 39.32157327413559 9.501529993414879 0
      vertex 40.01820258229971 9.570141995251179 0
    endloop
  endfacet
  facet normal 0 0 -1
    outer loop
      vertex 40.03000000298023 9.33 0
      vertex 40.01820258229971 9.089858004748821 0
      vertex 39.32157327413559 9.158470006585121 0
    endloop
  endfacet
  facet normal 0 0 -1
    outer loop
      vertex 39.33 9.33 0
      vertex 40.01820258229971 9.570141995251179 0
      vertex 40.03000000298023 9.33 0
    endloop
  endfacet
  facet normal 0 0 -1
    outer loop
      vertex 39.32157327413559 9.501529993414879 0
      vertex 39.29637424081564 9.67140806645155 0
      vertex 39.98292393416166 9.807971285581589 0
    endloop
  endfacet
  facet normal 0 0 -1
    outer loop
      vertex 39.32157327413559 9.501529993414879 0
      vertex 39.98292393416166 9.807971285581589 0
      vertex 40.01820258229971 9.570141995251179 0
    endloop
  endfacet
  facet normal 0 0 -1
    outer loop
      vertex 41.159866275191305 8.617920325994492 0
      vertex 40.40297398895025 8.473660202622414 0
      vertex 40.4733165743947 8.754483552575111 0
    endloop
  endfacet
  facet normal 0 0 -1
    outer loop
      vertex 40.4733165743947 8.754483552575111 0
      vertex 41.21242425024509 8.972237439751625 0
      vertex 41.159866275191305 8.617920325994492 0
    endloop
  endfacet
  facet normal 0 0 -1
    outer loop
      vertex 40.4733165743947 8.754483552575111 0
      vertex 40.51579494208097 9.040849434137344 0
      vertex 41.21242425024509 8.972237439751625 0
    endloop
  endfacet
  facet normal 0 0 -1
    outer loop
      vertex 41.22999999850988 9.33 0
      vertex 41.21242425024509 8.972237439751625 0
      vertex 40.51579494208097 9.040849434137344 0
    endloop
  endfacet
  facet normal 0 0 -1
    outer loop
      vertex 41.22999999850988 9.33 0
      vertex 40.51579494208097 9.040849434137344 0
      vertex 40.53000000298023 9.33 0
    endloop
  endfacet
  facet normal 0 0 -1
    outer loop
      vertex 40.53000000298023 9.33 0
      vertex 41.21242425024509 9.687762560248375 0
      vertex 41.22999999850988 9.33 0
    endloop
  endfacet
  facet normal 0 0 -1
    outer loop
      vertex 40.53000000298023 9.33 0
      vertex 40.51579494208097 9.619150565862656 0
      vertex 41.21242425024509 9.687762560248375 0
    endloop
  endfacet
  facet normal 0 0 -1
    outer loop
      vertex 39.25464558780193 9.837998183369637 0
      vertex 39.196789184510706 9.999696003198624 0
      vertex 39.84350485533476 10.267574408948422 0
    endloop
  endfacet
  facet normal 0 0 -1
    outer loop
      vertex 39.196789184510706 9.999696003198624 0
      vertex 39.12336221516132 10.154944287538529 0
      vertex 39.74070710122585 10.484922008514404 0
    endloop
  endfacet
  facet normal 0 0 -1
    outer loop
      vertex 39.12336221516132 10.154944287538529 0
      vertex 39.05283388674259 10.272613683640957 0
      vertex 39.74070710122585 10.484922008514404 0
    endloop
  endfacet
  facet normal 0 0 -1
    outer loop
      vertex 39.29637424081564 9.67140806645155 0
      vertex 39.25464558780193 9.837998183369637 0
      vertex 39.92450381994247 10.041197458207607 0
    endloop
  endfacet
  facet normal 0 0 -1
    outer loop
      vertex 39.29637424081564 9.67140806645155 0
      vertex 39.92450381994247 10.041197458207607 0
      vertex 39.98292393416166 9.807971285581589 0
    endloop
  endfacet
  facet normal 0 0 -1
    outer loop
      vertex 39.25464558780193 9.837998183369637 0
      vertex 39.84350485533476 10.267574408948422 0
      vertex 39.92450381994247 10.041197458207607 0
    endloop
  endfacet
  facet normal 0 0 -1
    outer loop
      vertex 39.196789184510706 9.999696003198624 0
      vertex 39.74070710122585 10.484922008514404 0
      vertex 39.84350485533476 10.267574408948422 0
    endloop
  endfacet
  facet normal 0 0 -1
    outer loop
      vertex 39.05283388674259 10.272613683640957 0
      vertex 39.64196743994951 10.649659166038036 0
      vertex 39.74070710122585 10.484922008514404 0
    endloop
  endfacet
  facet normal 0 0 -1
    outer loop
      vertex 40.51579494208097 9.619150565862656 0
      vertex 40.4733165743947 9.905516447424889 0
      vertex 41.159866275191305 10.042079674005508 0
    endloop
  endfacet
  facet normal 0 0 -1
    outer loop
      vertex 40.51579494208097 9.619150565862656 0
      vertex 41.159866275191305 10.042079674005508 0
      vertex 41.21242425024509 9.687762560248375 0
    endloop
  endfacet
  facet normal 0 0 -1
    outer loop
      vertex 40.4733165743947 9.905516447424889 0
      vertex 40.40297398895025 10.186339797377586 0
      vertex 41.07283222854137 10.389539072215557 0
    endloop
  endfacet
  facet normal 0 0 -1
    outer loop
      vertex 40.4733165743947 9.905516447424889 0
      vertex 41.07283222854137 10.389539072215557 0
      vertex 41.159866275191305 10.042079674005508 0
    endloop
  endfacet
  facet normal 0 0 -1
    outer loop
      vertex 40.40297398895025 10.186339797377586 0
      vertex 40.305444622337816 10.458916122019291 0
      vertex 40.95216029316187 10.726794527769089 0
    endloop
  endfacet
  facet normal 0 0 -1
    outer loop
      vertex 40.305444622337816 10.458916122019291 0
      vertex 40.18166773200035 10.72062037318945 0
      vertex 40.79901261806488 11.050598086714745 0
    endloop
  endfacet
  facet normal 0 0 -1
    outer loop
      vertex 40.18166773200035 10.72062037318945 0
      vertex 40.06277712613344 10.918977359235287 0
      vertex 40.79901261806488 11.050598086714745 0
    endloop
  endfacet
  facet normal 0 0 -1
    outer loop
      vertex 40.40297398895025 10.186339797377586 0
      vertex 40.95216029316187 10.726794527769089 0
      vertex 41.07283222854137 10.389539072215557 0
    endloop
  endfacet
  facet normal 0 0 -1
    outer loop
      vertex 40.305444622337816 10.458916122019291 0
      vertex 40.79901261806488 11.050598086714745 0
      vertex 40.95216029316187 10.726794527769089 0
    endloop
  endfacet
  facet normal 0 0 -1
    outer loop
      vertex 40.06277712613344 10.918977359235287 0
      vertex 40.65191067934036 11.296022834181786 0
      vertex 40.79901261806488 11.050598086714745 0
    endloop
  endfacet
  facet normal 0 0 -1
    outer loop
      vertex 25.799522500634197 22.45698500365019 0
      vertex 25.799522500634197 20.364619999527932 0
      vertex 24.69924749821425 20.364619999527932 0
    endloop
  endfacet
  facet normal 0 0 -1
    outer loop
      vertex 31.10283978670836 21.603487528264523 0
      vertex 31.406043920814994 22.29306395292282 0
      vertex 31.23565867185593 21.569711416363717 0
    endloop
  endfacet
  facet normal 0 0 -1
    outer loop
      vertex 31.23565867185593 21.569711416363717 0
      vertex 31.442028176188472 22.26853802740574 0
      vertex 31.376351390182975 21.54344110876322 0
    endloop
  endfacet
  facet normal 0 0 -1
    outer loop
      vertex 31.376351390182975 21.54344110876322 0
      vertex 31.52546521663666 22.22929654210806 0
      vertex 31.524917934238914 21.52467660546303 0
    endloop
  endfacet
  facet normal 0 0 -1
    outer loop
      vertex 31.524917934238914 21.52467660546303 0
      vertex 31.57291799426079 22.214580989778042 0
      vertex 31.681358304023746 21.513417899012566 0
    endloop
  endfacet
  facet normal 0 0 -1
    outer loop
      vertex 31.681358304023746 21.513417899012566 0
      vertex 31.679292064309124 22.194960243403912 0
      vertex 31.84567249953747 21.509664996862412 0
    endloop
  endfacet
  facet normal 0 0 -1
    outer loop
      vertex 25.799522500634197 22.45698500365019 0
      vertex 24.69924749821425 20.364619999527932 0
      vertex 25.799522500634197 23.367015003561974 0
    endloop
  endfacet
  facet normal 0 0 -1
    outer loop
      vertex 25.799522500634197 22.45698500365019 0
      vertex 25.799522500634197 23.367015003561974 0
      vertex 28.08955750256777 22.45698500365019 0
    endloop
  endfacet
  facet normal 0 0 -1
    outer loop
      vertex 25.799522500634197 23.367015003561974 0
      vertex 24.69924749821425 20.364619999527932 0
      vertex 25.799522500634197 25.619759998619557 0
    endloop
  endfacet
  facet normal 0 0 -1
    outer loop
      vertex 24.69924749821425 20.364619999527932 0
      vertex 24.69924749821425 25.619759998619557 0
      vertex 25.799522500634197 25.619759998619557 0
    endloop
  endfacet
  facet normal 0 0 -1
    outer loop
      vertex 29.18983249753714 20.364619999527932 0
      vertex 28.08955750256777 20.364619999527932 0
      vertex 29.18983249753714 25.619759998619557 0
    endloop
  endfacet
  facet normal 0 0 -1
    outer loop
      vertex 28.08955750256777 22.45698500365019 0
      vertex 29.18983249753714 25.619759998619557 0
      vertex 28.08955750256777 20.364619999527932 0
    endloop
  endfacet
  facet normal 0 0 -1
    outer loop
      vertex 28.08955750256777 22.45698500365019 0
      vertex 25.799522500634197 23.367015003561974 0
      vertex 28.08955750256777 23.367015003561974 0
    endloop
  endfacet
  facet normal 0 0 -1
    outer loop
      vertex 28.08955750256777 22.45698500365019 0
      vertex 28.08955750256777 23.367015003561974 0
      vertex 29.18983249753714 25.619759998619557 0
    endloop
  endfacet
  facet normal 0 0 -1
    outer loop
      vertex 30.26759077250958 22.23941790252924 0
      vertex 30.111412499248985 22.706849999129773 0
      vertex 30.327467437982563 22.140173456966878 0
    endloop
  endfacet
  facet normal 0 0 -1
    outer loop
      vertex 30.216046948134903 22.345707781016827 0
      vertex 30.111412499248985 22.706849999129773 0
      vertex 30.26759077250958 22.23941790252924 0
    endloop
  endfacet
  facet normal 0 0 -1
    outer loop
      vertex 30.172835957407955 22.459043084979058 0
      vertex 30.111412499248985 22.706849999129773 0
      vertex 30.216046948134903 22.345707781016827 0
    endloop
  endfacet
  facet normal 0 0 -1
    outer loop
      vertex 30.137957807779316 22.579423829317093 0
      vertex 30.111412499248985 22.706849999129773 0
      vertex 30.172835957407955 22.459043084979058 0
    endloop
  endfacet
  facet normal 0 0 -1
    outer loop
      vertex 30.327467437982563 22.140173456966878 0
      vertex 30.111412499248985 22.706849999129773 0
      vertex 31.204207498729232 22.759099996984006 0
    endloop
  endfacet
  facet normal 0 0 -1
    outer loop
      vertex 30.557094473540786 21.884712717831135 0
      vertex 31.254291448891166 22.52149456679821 0
      vertex 30.650302503407005 21.81364999651909 0
    endloop
  endfacet
  facet normal 0 0 -1
    outer loop
      vertex 30.472219292223457 21.962820864617825 0
      vertex 31.254291448891166 22.52149456679821 0
      vertex 30.557094473540786 21.884712717831135 0
    endloop
  endfacet
  facet normal 0 0 -1
    outer loop
      vertex 30.751626078188423 21.74985068231821 0
      vertex 31.294529725015167 22.42839111328125 0
      vertex 30.860823486149314 21.69355715751648 0
    endloop
  endfacet
  facet normal 0 0 -1
    outer loop
      vertex 30.860823486149314 21.69355715751648 0
      vertex 31.3184479290247 22.388264200985432 0
      vertex 30.9778947198391 21.644769444465638 0
    endloop
  endfacet
  facet normal 0 0 -1
    outer loop
      vertex 30.650302503407005 21.81364999651909 0
      vertex 31.27314422667027 22.47280123770237 0
      vertex 30.751626078188423 21.74985068231821 0
    endloop
  endfacet
  facet normal 0 0 -1
    outer loop
      vertex 30.327467437982563 22.140173456966878 0
      vertex 31.224184040129188 22.631730861365796 0
      vertex 30.395676944553855 22.04797444432974 0
    endloop
  endfacet
  facet normal 0 0 -1
    outer loop
      vertex 30.395676944553855 22.04797444432974 0
      vertex 31.23797139167786 22.574471108019353 0
      vertex 30.472219292223457 21.962820864617825 0
    endloop
  endfacet
  facet normal 0 0 -1
    outer loop
      vertex 31.294529725015167 22.42839111328125 0
      vertex 30.751626078188423 21.74985068231821 0
      vertex 31.27314422667027 22.47280123770237 0
    endloop
  endfacet
  facet normal 0 0 -1
    outer loop
      vertex 31.27314422667027 22.47280123770237 0
      vertex 30.650302503407005 21.81364999651909 0
      vertex 31.254291448891166 22.52149456679821 0
    endloop
  endfacet
  facet normal 0 0 -1
    outer loop
      vertex 30.472219292223457 21.962820864617825 0
      vertex 31.23797139167786 22.574471108019353 0
      vertex 31.254291448891166 22.52149456679821 0
    endloop
  endfacet
  facet normal 0 0 -1
    outer loop
      vertex 31.23797139167786 22.574471108019353 0
      vertex 30.395676944553855 22.04797444432974 0
      vertex 31.224184040129188 22.631730861365796 0
    endloop
  endfacet
  facet normal 0 0 -1
    outer loop
      vertex 30.9778947198391 21.644769444465638 0
      vertex 31.373882498741153 22.32085999786854 0
      vertex 31.10283978670836 21.603487528264523 0
    endloop
  endfacet
  facet normal 0 0 -1
    outer loop
      vertex 31.34489886105061 22.352420493364335 0
      vertex 30.9778947198391 21.644769444465638 0
      vertex 31.3184479290247 22.388264200985432 0
    endloop
  endfacet
  facet normal 0 0 -1
    outer loop
      vertex 30.9778947198391 21.644769444465638 0
      vertex 31.34489886105061 22.352420493364335 0
      vertex 31.373882498741153 22.32085999786854 0
    endloop
  endfacet
  facet normal 0 0 -1
    outer loop
      vertex 31.442028176188472 22.26853802740574 0
      vertex 31.23565867185593 21.569711416363717 0
      vertex 31.406043920814994 22.29306395292282 0
    endloop
  endfacet
  facet normal 0 0 -1
    outer loop
      vertex 31.10283978670836 21.603487528264523 0
      vertex 31.373882498741153 22.32085999786854 0
      vertex 31.406043920814994 22.29306395292282 0
    endloop
  endfacet
  facet normal 0 0 -1
    outer loop
      vertex 31.48183527976275 22.247282221317292 0
      vertex 31.376351390182975 21.54344110876322 0
      vertex 31.442028176188472 22.26853802740574 0
    endloop
  endfacet
  facet normal 0 0 -1
    outer loop
      vertex 31.57291799426079 22.214580989778042 0
      vertex 31.524917934238914 21.52467660546303 0
      vertex 31.52546521663666 22.22929654210806 0
    endloop
  endfacet
  facet normal 0 0 -1
    outer loop
      vertex 31.62419361263514 22.20313555687666 0
      vertex 31.681358304023746 21.513417899012566 0
      vertex 31.57291799426079 22.214580989778042 0
    endloop
  endfacet
  facet normal 0 0 -1
    outer loop
      vertex 31.681358304023746 21.513417899012566 0
      vertex 31.62419361263514 22.20313555687666 0
      vertex 31.679292064309124 22.194960243403912 0
    endloop
  endfacet
  facet normal 0 0 -1
    outer loop
      vertex 31.376351390182975 21.54344110876322 0
      vertex 31.48183527976275 22.247282221317292 0
      vertex 31.52546521663666 22.22929654210806 0
    endloop
  endfacet
  facet normal 0 0 -1
    outer loop
      vertex 31.3184479290247 22.388264200985432 0
      vertex 30.860823486149314 21.69355715751648 0
      vertex 31.294529725015167 22.42839111328125 0
    endloop
  endfacet
  facet normal 0 0 -1
    outer loop
      vertex 31.212929416596893 22.69327382683754 0
      vertex 30.327467437982563 22.140173456966878 0
      vertex 31.204207498729232 22.759099996984006 0
    endloop
  endfacet
  facet normal 0 0 -1
    outer loop
      vertex 31.224184040129188 22.631730861365796 0
      vertex 30.327467437982563 22.140173456966878 0
      vertex 31.212929416596893 22.69327382683754 0
    endloop
  endfacet
  facet normal 0 0 -1
    outer loop
      vertex 30.251314167082313 23.60032363921404 0
      vertex 31.057082500457767 24.137846111655236 0
      vertex 30.337022502124313 23.523709996938706 0
    endloop
  endfacet
  facet normal 0 0 -1
    outer loop
      vertex 30.05468916535378 23.87436827212572 0
      vertex 31.037282500565055 24.2151910507679 0
      vertex 30.110147502422336 23.775652780532837 0
    endloop
  endfacet
  facet normal 0 0 -1
    outer loop
      vertex 30.110147502422336 23.775652780532837 0
      vertex 31.037282500565055 24.2151910507679 0
      vertex 30.175689164698127 23.684304564595223 0
    endloop
  endfacet
  facet normal 0 0 -1
    outer loop
      vertex 30.175689164698127 23.684304564595223 0
      vertex 31.046192500889305 24.175413824021817 0
      vertex 30.251314167082313 23.60032363921404 0
    endloop
  endfacet
  facet normal 0 0 -1
    outer loop
      vertex 30.009314168393615 23.980451046824456 0
      vertex 31.03035249948502 24.25717777699232 0
      vertex 30.05468916535378 23.87436827212572 0
    endloop
  endfacet
  facet normal 0 0 -1
    outer loop
      vertex 29.974022496640686 24.09390111207962 0
      vertex 31.025402497649196 24.301374010145665 0
      vertex 30.009314168393615 23.980451046824456 0
    endloop
  endfacet
  facet normal 0 0 -1
    outer loop
      vertex 29.94881416499615 24.214718460440636 0
      vertex 31.022432502508167 24.34777975022793 0
      vertex 29.974022496640686 24.09390111207962 0
    endloop
  endfacet
  facet normal 0 0 -1
    outer loop
      vertex 30.432319846153263 23.454727775752545 0
      vertex 31.08480249732733 24.069339200258256 0
      vertex 30.53668743759394 23.393665558993817 0
    endloop
  endfacet
  facet normal 0 0 -1
    outer loop
      vertex 30.53668743759394 23.393665558993817 0
      vertex 31.101632502079013 24.038400001227856 0
      vertex 30.650125276446346 23.34052333176136 0
    endloop
  endfacet
  facet normal 0 0 -1
    outer loop
      vertex 30.77263336271048 23.295301108956338 0
      vertex 31.16317139208317 23.95653555482626 0
      vertex 30.90421169638634 23.257998890578747 0
    endloop
  endfacet
  facet normal 0 0 -1
    outer loop
      vertex 30.90421169638634 23.257998890578747 0
      vertex 31.213173855245117 23.910487651228905 0
      vertex 31.04486027747393 23.22861666917801 0
    endloop
  endfacet
  facet normal 0 0 -1
    outer loop
      vertex 30.650125276446346 23.34052333176136 0
      vertex 31.12035015612841 24.009406171143056 0
      vertex 30.77263336271048 23.295301108956338 0
    endloop
  endfacet
  facet normal 0 0 -1
    outer loop
      vertex 31.04486027747393 23.22861666917801 0
      vertex 31.301642377078537 23.854208394289017 0
      vertex 31.194579105973247 23.207154444754124 0
    endloop
  endfacet
  facet normal 0 0 -1
    outer loop
      vertex 31.194579105973247 23.207154444754124 0
      vertex 31.371325340271 23.82497420102358 0
      vertex 31.353368181884292 23.193612224757672 0
    endloop
  endfacet
  facet normal 0 0 -1
    outer loop
      vertex 31.04486027747393 23.22861666917801 0
      vertex 31.240868058204654 23.89002222508192 0
      vertex 31.270357560515407 23.87126246780157 0
    endloop
  endfacet
  facet normal 0 0 -1
    outer loop
      vertex 31.04486027747393 23.22861666917801 0
      vertex 31.270357560515407 23.87126246780157 0
      vertex 31.301642377078537 23.854208394289017 0
    endloop
  endfacet
  facet normal 0 0 -1
    outer loop
      vertex 31.194579105973247 23.207154444754124 0
      vertex 31.301642377078537 23.854208394289017 0
      vertex 31.334722500443462 23.838859997093678 0
    endloop
  endfacet
  facet normal 0 0 -1
    outer loop
      vertex 31.194579105973247 23.207154444754124 0
      vertex 31.334722500443462 23.838859997093678 0
      vertex 31.371325340271 23.82497420102358 0
    endloop
  endfacet
  facet normal 0 0 -1
    outer loop
      vertex 31.371325340271 23.82497420102358 0
      vertex 31.413178298771385 23.812332346439362 0
      vertex 31.353368181884292 23.193612224757672 0
    endloop
  endfacet
  facet normal 0 0 -1
    outer loop
      vertex 31.353368181884292 23.193612224757672 0
      vertex 31.413178298771385 23.812332346439362 0
      vertex 31.46028139084578 23.800934440791607 0
    endloop
  endfacet
  facet normal 0 0 -1
    outer loop
      vertex 31.353368181884292 23.193612224757672 0
      vertex 31.46028139084578 23.800934440791607 0
      vertex 31.521227497756485 23.187990001738072 0
    endloop
  endfacet
  facet normal 0 0 -1
    outer loop
      vertex 31.521227497756485 23.187990001738072 0
      vertex 31.51263460159302 23.790780491530896 0
      vertex 31.57023793101311 23.781870491206647 0
    endloop
  endfacet
  facet normal 0 0 -1
    outer loop
      vertex 31.46028139084578 23.800934440791607 0
      vertex 31.51263460159302 23.790780491530896 0
      vertex 31.521227497756485 23.187990001738072 0
    endloop
  endfacet
  facet normal 0 0 -1
    outer loop
      vertex 30.337022502124313 23.523709996938706 0
      vertex 31.069952499270443 24.102487898766995 0
      vertex 30.432319846153263 23.454727775752545 0
    endloop
  endfacet
  facet normal 0 0 -1
    outer loop
      vertex 30.337022502124313 23.523709996938706 0
      vertex 31.057082500457767 24.137846111655236 0
      vertex 31.069952499270443 24.102487898766995 0
    endloop
  endfacet
  facet normal 0 0 -1
    outer loop
      vertex 31.101632502079013 24.038400001227856 0
      vertex 31.12035015612841 24.009406171143056 0
      vertex 30.650125276446346 23.34052333176136 0
    endloop
  endfacet
  facet normal 0 0 -1
    outer loop
      vertex 30.90421169638634 23.257998890578747 0
      vertex 31.187274966537956 23.932658768594266 0
      vertex 31.213173855245117 23.910487651228905 0
    endloop
  endfacet
  facet normal 0 0 -1
    outer loop
      vertex 31.16317139208317 23.95653555482626 0
      vertex 31.187274966537956 23.932658768594266 0
      vertex 30.90421169638634 23.257998890578747 0
    endloop
  endfacet
  facet normal 0 0 -1
    outer loop
      vertex 30.77263336271048 23.295301108956338 0
      vertex 31.140863116979602 23.98211802482605 0
      vertex 31.16317139208317 23.95653555482626 0
    endloop
  endfacet
  facet normal 0 0 -1
    outer loop
      vertex 31.12035015612841 24.009406171143056 0
      vertex 31.140863116979602 23.98211802482605 0
      vertex 30.77263336271048 23.295301108956338 0
    endloop
  endfacet
  facet normal 0 0 -1
    outer loop
      vertex 30.53668743759394 23.393665558993817 0
      vertex 31.08480249732733 24.069339200258256 0
      vertex 31.101632502079013 24.038400001227856 0
    endloop
  endfacet
  facet normal 0 0 -1
    outer loop
      vertex 30.432319846153263 23.454727775752545 0
      vertex 31.069952499270443 24.102487898766995 0
      vertex 31.08480249732733 24.069339200258256 0
    endloop
  endfacet
  facet normal 0 0 -1
    outer loop
      vertex 31.037282500565055 24.2151910507679 0
      vertex 31.046192500889305 24.175413824021817 0
      vertex 30.175689164698127 23.684304564595223 0
    endloop
  endfacet
  facet normal 0 0 -1
    outer loop
      vertex 31.046192500889305 24.175413824021817 0
      vertex 31.057082500457767 24.137846111655236 0
      vertex 30.251314167082313 23.60032363921404 0
    endloop
  endfacet
  facet normal 0 0 -1
    outer loop
      vertex 31.03035249948502 24.25717777699232 0
      vertex 31.037282500565055 24.2151910507679 0
      vertex 30.05468916535378 23.87436827212572 0
    endloop
  endfacet
  facet normal 0 0 -1
    outer loop
      vertex 31.025402497649196 24.301374010145665 0
      vertex 31.03035249948502 24.25717777699232 0
      vertex 30.009314168393615 23.980451046824456 0
    endloop
  endfacet
  facet normal 0 0 -1
    outer loop
      vertex 31.022432502508167 24.34777975022793 0
      vertex 31.025402497649196 24.301374010145665 0
      vertex 29.974022496640686 24.09390111207962 0
    endloop
  endfacet
  facet normal 0 0 -1
    outer loop
      vertex 31.213173855245117 23.910487651228905 0
      vertex 31.240868058204654 23.89002222508192 0
      vertex 31.04486027747393 23.22861666917801 0
    endloop
  endfacet
  facet normal 0 0 -1
    outer loop
      vertex 28.08955750256777 23.367015003561974 0
      vertex 28.08955750256777 25.619759998619557 0
      vertex 29.18983249753714 25.619759998619557 0
    endloop
  endfacet
  facet normal 0 0 -1
    outer loop
      vertex 29.93368916600943 24.34290308445692 0
      vertex 31.02144249916077 24.396394997239113 0
      vertex 29.94881416499615 24.214718460440636 0
    endloop
  endfacet
  facet normal 0 0 -1
    outer loop
      vertex 29.928647499680523 24.478454999029637 0
      vertex 31.023076880872253 24.458400368094445 0
      vertex 29.93368916600943 24.34290308445692 0
    endloop
  endfacet
  facet normal 0 0 -1
    outer loop
      vertex 29.932699170112613 24.603722594082356 0
      vertex 31.027980033457283 24.516767590641976 0
      vertex 29.928647499680523 24.478454999029637 0
    endloop
  endfacet
  facet normal 0 0 -1
    outer loop
      vertex 29.944854166507724 24.72258981257677 0
      vertex 31.036151942014698 24.571496664881707 0
      vertex 29.932699170112613 24.603722594082356 0
    endloop
  endfacet
  facet normal 0 0 -1
    outer loop
      vertex 29.965112496316436 24.835056669414044 0
      vertex 31.04759262144566 24.622587590813637 0
      vertex 29.944854166507724 24.72258981257677 0
    endloop
  endfacet
  facet normal 0 0 -1
    outer loop
      vertex 29.99347416698933 24.941123149693013 0
      vertex 31.062302064299587 24.670040368437768 0
      vertex 29.965112496316436 24.835056669414044 0
    endloop
  endfacet
  facet normal 0 0 -1
    outer loop
      vertex 30.029939163625244 25.04078926086426 0
      vertex 31.062302064299587 24.670040368437768 0
      vertex 29.99347416698933 24.941123149693013 0
    endloop
  endfacet
  facet normal 0 0 -1
    outer loop
      vertex 30.07450750112534 25.13405500292778 0
      vertex 31.062302064299587 24.670040368437768 0
      vertex 30.029939163625244 25.04078926086426 0
    endloop
  endfacet
  facet normal 0 0 -1
    outer loop
      vertex 30.127179164588455 25.220920368433 0
      vertex 31.062302064299587 24.670040368437768 0
      vertex 30.07450750112534 25.13405500292778 0
    endloop
  endfacet
  facet normal 0 0 -1
    outer loop
      vertex 30.187954168915752 25.301385372281075 0
      vertex 31.08028027802706 24.713854997754098 0
      vertex 30.127179164588455 25.220920368433 0
    endloop
  endfacet
  facet normal 0 0 -1
    outer loop
      vertex 30.25683249920607 25.375449999570847 0
      vertex 31.08028027802706 24.713854997754098 0
      vertex 30.187954168915752 25.301385372281075 0
    endloop
  endfacet
  facet normal 0 0 -1
    outer loop
      vertex 31.02144249916077 24.396394997239113 0
      vertex 31.022432502508167 24.34777975022793 0
      vertex 29.94881416499615 24.214718460440636 0
    endloop
  endfacet
  facet normal 0 0 -1
    outer loop
      vertex 31.023076880872253 24.458400368094445 0
      vertex 31.02144249916077 24.396394997239113 0
      vertex 29.93368916600943 24.34290308445692 0
    endloop
  endfacet
  facet normal 0 0 -1
    outer loop
      vertex 31.027980033457283 24.516767590641976 0
      vertex 31.023076880872253 24.458400368094445 0
      vertex 29.928647499680523 24.478454999029637 0
    endloop
  endfacet
  facet normal 0 0 -1
    outer loop
      vertex 31.036151942014698 24.571496664881707 0
      vertex 31.027980033457283 24.516767590641976 0
      vertex 29.932699170112613 24.603722594082356 0
    endloop
  endfacet
  facet normal 0 0 -1
    outer loop
      vertex 31.04759262144566 24.622587590813637 0
      vertex 31.036151942014698 24.571496664881707 0
      vertex 29.944854166507724 24.72258981257677 0
    endloop
  endfacet
  facet normal 0 0 -1
    outer loop
      vertex 31.062302064299587 24.670040368437768 0
      vertex 31.04759262144566 24.622587590813637 0
      vertex 29.965112496316436 24.835056669414044 0
    endloop
  endfacet
  facet normal 0 0 -1
    outer loop
      vertex 30.127179164588455 25.220920368433 0
      vertex 31.08028027802706 24.713854997754098 0
      vertex 31.062302064299587 24.670040368437768 0
    endloop
  endfacet
  facet normal 0 0 -1
    outer loop
      vertex 30.332951139807705 25.44237752944231 0
      vertex 31.1015272551775 24.754031478762627 0
      vertex 31.08028027802706 24.713854997754098 0
    endloop
  endfacet
  facet normal 0 0 -1
    outer loop
      vertex 31.126042995750907 24.790569811463357 0
      vertex 31.1015272551775 24.754031478762627 0
      vertex 30.50424694657326 25.55261111199856 0
    endloop
  endfacet
  facet normal 0 0 -1
    outer loop
      vertex 31.15382749974728 24.823470003306866 0
      vertex 31.126042995750907 24.790569811463357 0
      vertex 30.5994241052866 25.595917157232762 0
    endloop
  endfacet
  facet normal 0 0 -1
    outer loop
      vertex 31.18433960169554 24.852824381887913 0
      vertex 31.15382749974728 24.823470003306866 0
      vertex 30.700954105854038 25.631349384188653 0
    endloop
  endfacet
  facet normal 0 0 -1
    outer loop
      vertex 31.217013675868515 24.878725312054158 0
      vertex 31.18433960169554 24.852824381887913 0
      vertex 30.80883694082499 25.65890777796507 0
    endloop
  endfacet
  facet normal 0 0 -1
    outer loop
      vertex 31.2518497222662 24.90117277890444 0
      vertex 31.217013675868515 24.878725312054158 0
      vertex 30.923072625100616 25.678592346012593 0
    endloop
  endfacet
  facet normal 0 0 -1
    outer loop
      vertex 30.332951139807705 25.44237752944231 0
      vertex 31.08028027802706 24.713854997754098 0
      vertex 30.25683249920607 25.375449999570847 0
    endloop
  endfacet
  facet normal 0 0 -1
    outer loop
      vertex 30.415422622263435 25.50143123358488 0
      vertex 31.1015272551775 24.754031478762627 0
      vertex 30.332951139807705 25.44237752944231 0
    endloop
  endfacet
  facet normal 0 0 -1
    outer loop
      vertex 30.50424694657326 25.55261111199856 0
      vertex 31.1015272551775 24.754031478762627 0
      vertex 30.415422622263435 25.50143123358488 0
    endloop
  endfacet
  facet normal 0 0 -1
    outer loop
      vertex 31.126042995750907 24.790569811463357 0
      vertex 30.50424694657326 25.55261111199856 0
      vertex 30.5994241052866 25.595917157232762 0
    endloop
  endfacet
  facet normal 0 0 -1
    outer loop
      vertex 31.15382749974728 24.823470003306866 0
      vertex 30.5994241052866 25.595917157232762 0
      vertex 30.700954105854038 25.631349384188653 0
    endloop
  endfacet
  facet normal 0 0 -1
    outer loop
      vertex 31.18433960169554 24.852824381887913 0
      vertex 30.700954105854038 25.631349384188653 0
      vertex 30.80883694082499 25.65890777796507 0
    endloop
  endfacet
  facet normal 0 0 -1
    outer loop
      vertex 31.217013675868515 24.878725312054158 0
      vertex 30.80883694082499 25.65890777796507 0
      vertex 30.923072625100616 25.678592346012593 0
    endloop
  endfacet
  facet normal 0 0 -1
    outer loop
      vertex 31.2518497222662 24.90117277890444 0
      vertex 30.923072625100616 25.678592346012593 0
      vertex 31.043661143779758 25.690403088331223 0
    endloop
  endfacet
  facet normal 0 0 -1
    outer loop
      vertex 31.28884774833918 24.920166789889336 0
      vertex 31.2518497222662 24.90117277890444 0
      vertex 31.043661143779758 25.690403088331223 0
    endloop
  endfacet
  facet normal 0 0 -1
    outer loop
      vertex 31.665620830059055 24.948417774736882 0
      vertex 31.613562312126163 24.956705122590066 0
      vertex 31.71267027795315 25.606071113944054 0
    endloop
  endfacet
  facet normal 0 0 -1
    outer loop
      vertex 31.7166200914979 24.936815492212773 0
      vertex 31.665620830059055 24.948417774736882 0
      vertex 31.71267027795315 25.606071113944054 0
    endloop
  endfacet
  facet normal 0 0 -1
    outer loop
      vertex 31.32800774663687 24.93570734500885 0
      vertex 31.28884774833918 24.920166789889336 0
      vertex 31.043661143779758 25.690403088331223 0
    endloop
  endfacet
  facet normal 0 0 -1
    outer loop
      vertex 31.369329724609855 24.947794444262982 0
      vertex 31.32800774663687 24.93570734500885 0
      vertex 31.170602496862415 25.69433999747038 0
    endloop
  endfacet
  facet normal 0 0 -1
    outer loop
      vertex 31.412813674807552 24.95642808765173 0
      vertex 31.369329724609855 24.947794444262982 0
      vertex 31.170602496862415 25.69433999747038 0
    endloop
  endfacet
  facet normal 0 0 -1
    outer loop
      vertex 31.45845959722996 24.961608275175095 0
      vertex 31.412813674807552 24.95642808765173 0
      vertex 31.362343367338184 25.684532343745232 0
    endloop
  endfacet
  facet normal 0 0 -1
    outer loop
      vertex 31.32800774663687 24.93570734500885 0
      vertex 31.043661143779758 25.690403088331223 0
      vertex 31.170602496862415 25.69433999747038 0
    endloop
  endfacet
  facet normal 0 0 -1
    outer loop
      vertex 31.412813674807552 24.95642808765173 0
      vertex 31.170602496862415 25.69433999747038 0
      vertex 31.362343367338184 25.684532343745232 0
    endloop
  endfacet
  facet normal 0 0 -1
    outer loop
      vertex 31.506267499327663 24.963334999382496 0
      vertex 31.45845959722996 24.961608275175095 0
      vertex 31.362343367338184 25.684532343745232 0
    endloop
  endfacet
  facet normal 0 0 -1
    outer loop
      vertex 31.560444537699226 24.961677528321744 0
      vertex 31.506267499327663 24.963334999382496 0
      vertex 31.543032620251182 25.65510938256979 0
    endloop
  endfacet
  facet normal 0 0 -1
    outer loop
      vertex 31.613562312126163 24.956705122590066 0
      vertex 31.560444537699226 24.961677528321744 0
      vertex 31.543032620251182 25.65510938256979 0
    endloop
  endfacet
  facet normal 0 0 -1
    outer loop
      vertex 31.506267499327663 24.963334999382496 0
      vertex 31.362343367338184 25.684532343745232 0
      vertex 31.543032620251182 25.65510938256979 0
    endloop
  endfacet
  facet normal 0 0 -1
    outer loop
      vertex 31.613562312126163 24.956705122590066 0
      vertex 31.543032620251182 25.65510938256979 0
      vertex 31.71267027795315 25.606071113944054 0
    endloop
  endfacet
  facet normal 0 0 -1
    outer loop
      vertex 31.84567249953747 21.509664996862412 0
      vertex 31.800957497358326 22.188419997096062 0
      vertex 32.01125713080168 21.514315552413464 0
    endloop
  endfacet
  facet normal 0 0 -1
    outer loop
      vertex 32.01125713080168 21.514315552413464 0
      vertex 31.931537006199363 22.197907164096833 0
      vertex 32.16818435132504 21.52826721906662 0
    endloop
  endfacet
  facet normal 0 0 -1
    outer loop
      vertex 32.16818435132504 21.52826721906662 0
      vertex 33.35647768169642 22.402755677103997 0
      vertex 32.316454168558124 21.55151999682188 0
    endloop
  endfacet
  facet normal 0 0 -1
    outer loop
      vertex 32.316454168558124 21.55151999682188 0
      vertex 33.35647768169642 22.402755677103997 0
      vertex 32.45606657505036 21.584073885679246 0
    endloop
  endfacet
  facet normal 0 0 -1
    outer loop
      vertex 37.81772527486086 21.571619442999364 0
      vertex 38.05180256456137 22.297047040760518 0
      vertex 38.00590947657824 21.53720030874014 0
    endloop
  endfacet
  facet normal 0 0 -1
    outer loop
      vertex 38.00590947657824 21.53720030874014 0
      vertex 38.22861737400294 22.246349259614945 0
      vertex 38.20468354612589 21.51654882669449 0
    endloop
  endfacet
  facet normal 0 0 -1
    outer loop
      vertex 38.20468354612589 21.51654882669449 0
      vertex 38.22861737400294 22.246349259614945 0
      vertex 38.41404749840498 21.509664996862412 0
    endloop
  endfacet
  facet normal 0 0 -1
    outer loop
      vertex 38.41404749840498 21.509664996862412 0
      vertex 38.429007496833805 22.229450001716614 0
      vertex 38.62791330009699 21.516318641006947 0
    endloop
  endfacet
  facet normal 0 0 -1
    outer loop
      vertex 38.62791330009699 21.516318641006947 0
      vertex 38.617414411306385 22.245474688112736 0
      vertex 38.83021960049868 21.53627956598997 0
    endloop
  endfacet
  facet normal 0 0 -1
    outer loop
      vertex 38.83021960049868 21.53627956598997 0
      vertex 38.703744720816616 22.265505559146405 0
      vertex 39.020966392159465 21.569547779262066 0
    endloop
  endfacet
  facet normal 0 0 -1
    outer loop
      vertex 39.020966392159465 21.569547779262066 0
      vertex 38.78482626765967 22.293548762202263 0
      vertex 39.20015367507935 21.61612327337265 0
    endloop
  endfacet
  facet normal 0 0 -1
    outer loop
      vertex 31.738213364183906 22.19005506426096 0
      vertex 31.84567249953747 21.509664996862412 0
      vertex 31.679292064309124 22.194960243403912 0
    endloop
  endfacet
  facet normal 0 0 -1
    outer loop
      vertex 31.84567249953747 21.509664996862412 0
      vertex 31.738213364183906 22.19005506426096 0
      vertex 31.800957497358326 22.188419997096062 0
    endloop
  endfacet
  facet normal 0 0 -1
    outer loop
      vertex 32.01125713080168 21.514315552413464 0
      vertex 31.800957497358326 22.188419997096062 0
      vertex 31.86841126173735 22.190791792571545 0
    endloop
  endfacet
  facet normal 0 0 -1
    outer loop
      vertex 32.01125713080168 21.514315552413464 0
      vertex 31.86841126173735 22.190791792571545 0
      vertex 31.931537006199363 22.197907164096833 0
    endloop
  endfacet
  facet normal 0 0 -1
    outer loop
      vertex 31.990334723293785 22.209766111671925 0
      vertex 32.16818435132504 21.52826721906662 0
      vertex 31.931537006199363 22.197907164096833 0
    endloop
  endfacet
  facet normal 0 0 -1
    outer loop
      vertex 32.044804413020614 22.226368642747403 0
      vertex 32.16818435132504 21.52826721906662 0
      vertex 31.990334723293785 22.209766111671925 0
    endloop
  endfacet
  facet normal 0 0 -1
    outer loop
      vertex 32.09494608283043 22.247714749872685 0
      vertex 32.16818435132504 21.52826721906662 0
      vertex 32.044804413020614 22.226368642747403 0
    endloop
  endfacet
  facet normal 0 0 -1
    outer loop
      vertex 32.09494608283043 22.247714749872685 0
      vertex 33.39225417017937 22.529517776668072 0
      vertex 32.16818435132504 21.52826721906662 0
    endloop
  endfacet
  facet normal 0 0 -1
    outer loop
      vertex 32.45606657505036 21.584073885679246 0
      vertex 33.35647768169642 22.402755677103997 0
      vertex 32.58702157080174 21.625928885638714 0
    endloop
  endfacet
  facet normal 0 0 -1
    outer loop
      vertex 32.58702157080174 21.625928885638714 0
      vertex 33.35647768169642 22.402755677103997 0
      vertex 32.70931916326285 21.677084996700287 0
    endloop
  endfacet
  facet normal 0 0 -1
    outer loop
      vertex 32.14075972527266 22.273804447948933 0
      vertex 33.39225417017937 22.529517776668072 0
      vertex 32.09494608283043 22.247714749872685 0
    endloop
  endfacet
  facet normal 0 0 -1
    outer loop
      vertex 32.18224534034729 22.304637714624405 0
      vertex 33.39225417017937 22.529517776668072 0
      vertex 32.14075972527266 22.273804447948933 0
    endloop
  endfacet
  facet normal 0 0 -1
    outer loop
      vertex 32.21940293550492 22.340214564800263 0
      vertex 33.39225417017937 22.529517776668072 0
      vertex 32.18224534034729 22.304637714624405 0
    endloop
  endfacet
  facet normal 0 0 -1
    outer loop
      vertex 32.25223250329495 22.380534998476506 0
      vertex 33.39225417017937 22.529517776668072 0
      vertex 32.21940293550492 22.340214564800263 0
    endloop
  endfacet
  facet normal 0 0 -1
    outer loop
      vertex 32.28119441509247 22.425724632441998 0
      vertex 33.39225417017937 22.529517776668072 0
      vertex 32.25223250329495 22.380534998476506 0
    endloop
  endfacet
  facet normal 0 0 -1
    outer loop
      vertex 32.30674904227257 22.475933521389962 0
      vertex 33.39225417017937 22.529517776668072 0
      vertex 32.28119441509247 22.425724632441998 0
    endloop
  endfacet
  facet normal 0 0 -1
    outer loop
      vertex 32.32889639228583 22.531161665320397 0
      vertex 33.39225417017937 22.529517776668072 0
      vertex 32.30674904227257 22.475933521389962 0
    endloop
  endfacet
  facet normal 0 0 -1
    outer loop
      vertex 32.34763645023108 22.591409071683884 0
      vertex 33.39225417017937 22.529517776668072 0
      vertex 32.32889639228583 22.531161665320397 0
    endloop
  endfacet
  facet normal 0 0 -1
    outer loop
      vertex 32.36296923100949 22.656675740480424 0
      vertex 33.39225417017937 22.529517776668072 0
      vertex 32.34763645023108 22.591409071683884 0
    endloop
  endfacet
  facet normal 0 0 -1
    outer loop
      vertex 32.37489471971989 22.726961664259434 0
      vertex 33.41780879735947 22.664107530713082 0
      vertex 32.36296923100949 22.656675740480424 0
    endloop
  endfacet
  facet normal 0 0 -1
    outer loop
      vertex 32.38341293126345 22.802266850471497 0
      vertex 33.4331415706873 22.806524939239026 0
      vertex 32.37489471971989 22.726961664259434 0
    endloop
  endfacet
  facet normal 0 0 -1
    outer loop
      vertex 32.388523858189586 22.882591299116612 0
      vertex 33.43825249761343 22.956770002245904 0
      vertex 32.38341293126345 22.802266850471497 0
    endloop
  endfacet
  facet normal 0 0 -1
    outer loop
      vertex 32.3902275004983 22.9679350027442 0
      vertex 33.43825249761343 22.956770002245904 0
      vertex 32.388523858189586 22.882591299116612 0
    endloop
  endfacet
  facet normal 0 0 -1
    outer loop
      vertex 32.70931916326285 21.677084996700287 0
      vertex 33.35647768169642 22.402755677103997 0
      vertex 32.822959352433685 21.737542218863965 0
    endloop
  endfacet
  facet normal 0 0 -1
    outer loop
      vertex 32.822959352433685 21.737542218863965 0
      vertex 33.310479354262355 22.283821232020856 0
      vertex 32.92794213086367 21.807300552129746 0
    endloop
  endfacet
  facet normal 0 0 -1
    outer loop
      vertex 32.92794213086367 21.807300552129746 0
      vertex 33.25425916552544 22.17271444141865 0
      vertex 33.0242674985528 21.88635999649763 0
    endloop
  endfacet
  facet normal 0 0 -1
    outer loop
      vertex 33.18781713038683 22.069435305297375 0
      vertex 33.111153241395954 21.973983823657036 0
      vertex 33.0242674985528 21.88635999649763 0
    endloop
  endfacet
  facet normal 0 0 -1
    outer loop
      vertex 33.35647768169642 22.402755677103997 0
      vertex 32.16818435132504 21.52826721906662 0
      vertex 33.39225417017937 22.529517776668072 0
    endloop
  endfacet
  facet normal 0 0 -1
    outer loop
      vertex 33.18781713038683 22.069435305297375 0
      vertex 33.0242674985528 21.88635999649763 0
      vertex 33.25425916552544 22.17271444141865 0
    endloop
  endfacet
  facet normal 0 0 -1
    outer loop
      vertex 33.25425916552544 22.17271444141865 0
      vertex 32.92794213086367 21.807300552129746 0
      vertex 33.310479354262355 22.283821232020856 0
    endloop
  endfacet
  facet normal 0 0 -1
    outer loop
      vertex 33.310479354262355 22.283821232020856 0
      vertex 32.822959352433685 21.737542218863965 0
      vertex 33.35647768169642 22.402755677103997 0
    endloop
  endfacet
  facet normal 0 0 -1
    outer loop
      vertex 33.39225417017937 22.529517776668072 0
      vertex 32.36296923100949 22.656675740480424 0
      vertex 33.41780879735947 22.664107530713082 0
    endloop
  endfacet
  facet normal 0 0 -1
    outer loop
      vertex 32.37489471971989 22.726961664259434 0
      vertex 33.4331415706873 22.806524939239026 0
      vertex 33.41780879735947 22.664107530713082 0
    endloop
  endfacet
  facet normal 0 0 -1
    outer loop
      vertex 32.38341293126345 22.802266850471497 0
      vertex 33.43825249761343 22.956770002245904 0
      vertex 33.4331415706873 22.806524939239026 0
    endloop
  endfacet
  facet normal 0 0 -1
    outer loop
      vertex 31.521227497756485 23.187990001738072 0
      vertex 31.57023793101311 23.781870491206647 0
      vertex 32.3902275004983 23.173085003495217 0
    endloop
  endfacet
  facet normal 0 0 -1
    outer loop
      vertex 31.57023793101311 23.781870491206647 0
      vertex 31.63309138655663 23.77420444726944 0
      vertex 32.3902275004983 23.173085003495217 0
    endloop
  endfacet
  facet normal 0 0 -1
    outer loop
      vertex 31.63309138655663 23.77420444726944 0
      vertex 31.701194968223575 23.767782344818116 0
      vertex 32.3902275004983 23.173085003495217 0
    endloop
  endfacet
  facet normal 0 0 -1
    outer loop
      vertex 31.701194968223575 23.767782344818116 0
      vertex 31.77454867601395 23.762604198753834 0
      vertex 32.3902275004983 23.173085003495217 0
    endloop
  endfacet
  facet normal 0 0 -1
    outer loop
      vertex 32.3902275004983 23.173085003495217 0
      vertex 31.77454867601395 23.762604198753834 0
      vertex 31.853152502477172 23.758670001626015 0
    endloop
  endfacet
  facet normal 0 0 -1
    outer loop
      vertex 32.3902275004983 23.173085003495217 0
      vertex 31.853152502477172 23.758670001626015 0
      vertex 32.3902275004983 23.751189998686314 0
    endloop
  endfacet
  facet normal 0 0 -1
    outer loop
      vertex 32.3902275004983 23.173085003495217 0
      vertex 33.43825249761343 24.42626000136137 0
      vertex 32.3902275004983 22.9679350027442 0
    endloop
  endfacet
  facet normal 0 0 -1
    outer loop
      vertex 32.3902275004983 23.173085003495217 0
      vertex 32.3902275004983 23.751189998686314 0
      vertex 33.43825249761343 24.42626000136137 0
    endloop
  endfacet
  facet normal 0 0 -1
    outer loop
      vertex 32.3902275004983 23.751189998686314 0
      vertex 32.3902275004983 23.956339999437333 0
      vertex 33.43825249761343 24.42626000136137 0
    endloop
  endfacet
  facet normal 0 0 -1
    outer loop
      vertex 32.3902275004983 23.956339999437333 0
      vertex 32.38880021512509 24.014832838773728 0
      vertex 33.43825249761343 24.42626000136137 0
    endloop
  endfacet
  facet normal 0 0 -1
    outer loop
      vertex 32.38880021512509 24.014832838773728 0
      vertex 32.384518366456035 24.07263579905033 0
      vertex 33.43825249761343 24.42626000136137 0
    endloop
  endfacet
  facet normal 0 0 -1
    outer loop
      vertex 32.384518366456035 24.07263579905033 0
      vertex 32.37738194704056 24.129748887717724 0
      vertex 33.43825249761343 24.42626000136137 0
    endloop
  endfacet
  facet normal 0 0 -1
    outer loop
      vertex 32.37738194704056 24.129748887717724 0
      vertex 32.367390956878666 24.186172097325326 0
      vertex 33.43825249761343 24.42626000136137 0
    endloop
  endfacet
  facet normal 0 0 -1
    outer loop
      vertex 32.3902275004983 22.9679350027442 0
      vertex 33.43825249761343 24.42626000136137 0
      vertex 33.43825249761343 22.956770002245904 0
    endloop
  endfacet
  facet normal 0 0 -1
    outer loop
      vertex 35.53463250041008 20.08488999992609 0
      vertex 34.48655250310898 20.08488999992609 0
      vertex 35.53463250041008 25.619759998619557 0
    endloop
  endfacet
  facet normal 0 0 -1
    outer loop
      vertex 34.48655250310898 20.08488999992609 0
      vertex 34.48655250310898 25.619759998619557 0
      vertex 35.53463250041008 25.619759998619557 0
    endloop
  endfacet
  facet normal 0 0 -1
    outer loop
      vertex 32.247844044268135 24.509303211569787 0
      vertex 32.218905892372135 24.558135061860085 0
      vertex 32.49841250121594 24.89992000102997 0
    endloop
  endfacet
  facet normal 0 0 -1
    outer loop
      vertex 32.187803056240085 24.604435555040837 0
      vertex 32.154535520970825 24.648204691112042 0
      vertex 32.49841250121594 24.89992000102997 0
    endloop
  endfacet
  facet normal 0 0 -1
    outer loop
      vertex 32.218905892372135 24.558135061860085 0
      vertex 32.187803056240085 24.604435555040837 0
      vertex 32.49841250121594 24.89992000102997 0
    endloop
  endfacet
  facet normal 0 0 -1
    outer loop
      vertex 32.119103301465515 24.6894424700737 0
      vertex 32.081506390273574 24.728148891925812 0
      vertex 32.39508447438479 25.066650121808053 0
    endloop
  endfacet
  facet normal 0 0 -1
    outer loop
      vertex 32.154535520970825 24.648204691112042 0
      vertex 32.119103301465515 24.6894424700737 0
      vertex 32.39508447438479 25.066650121808053 0
    endloop
  endfacet
  facet normal 0 0 -1
    outer loop
      vertex 32.367390956878666 24.186172097325326 0
      vertex 32.35454540342093 24.241905435323716 0
      vertex 33.43825249761343 24.42626000136137 0
    endloop
  endfacet
  facet normal 0 0 -1
    outer loop
      vertex 33.43825249761343 24.42626000136137 0
      vertex 32.35454540342093 24.241905435323716 0
      vertex 32.33884527921677 24.296948886811734 0
    endloop
  endfacet
  facet normal 0 0 -1
    outer loop
      vertex 33.43825249761343 24.42626000136137 0
      vertex 32.33884527921677 24.296948886811734 0
      vertex 32.32029058426619 24.35130246669054 0
    endloop
  endfacet
  facet normal 0 0 -1
    outer loop
      vertex 33.43825249761343 24.42626000136137 0
      vertex 32.32029058426619 24.35130246669054 0
      vertex 32.29888132601977 24.404966174960137 0
    endloop
  endfacet
  facet normal 0 0 -1
    outer loop
      vertex 33.43825249761343 24.42626000136137 0
      vertex 32.29888132601977 24.404966174960137 0
      vertex 32.274617497026924 24.45793999671936 0
    endloop
  endfacet
  facet normal 0 0 -1
    outer loop
      vertex 32.274617497026924 24.45793999671936 0
      vertex 32.247844044268135 24.509303211569787 0
      vertex 32.49841250121594 24.89992000102997 0
    endloop
  endfacet
  facet normal 0 0 -1
    outer loop
      vertex 32.274617497026924 24.45793999671936 0
      vertex 32.49841250121594 24.89992000102997 0
      vertex 32.52074250221253 24.89992000102997 0
    endloop
  endfacet
  facet normal 0 0 -1
    outer loop
      vertex 32.154535520970825 24.648204691112042 0
      vertex 32.39508447438479 25.066650121808053 0
      vertex 32.49841250121594 24.89992000102997 0
    endloop
  endfacet
  facet normal 0 0 -1
    outer loop
      vertex 33.43825249761343 24.42626000136137 0
      vertex 32.274617497026924 24.45793999671936 0
      vertex 32.52074250221253 24.89992000102997 0
    endloop
  endfacet
  facet normal 0 0 -1
    outer loop
      vertex 31.95572749912739 24.829079999923707 0
      vertex 31.910024535059932 24.857256978154183 0
      vertex 32.15527361273766 25.341264441013337 0
    endloop
  endfacet
  facet normal 0 0 -1
    outer loop
      vertex 31.815440829992298 24.90366610825062 0
      vertex 31.766560088992122 24.92189827501774 0
      vertex 32.0187907704711 25.449148639440537 0
    endloop
  endfacet
  facet normal 0 0 -1
    outer loop
      vertex 31.766560088992122 24.92189827501774 0
      vertex 31.7166200914979 24.936815492212773 0
      vertex 31.87125632554293 25.537417530417443 0
    endloop
  endfacet
  facet normal 0 0 -1
    outer loop
      vertex 31.863262314498428 24.882119014263154 0
      vertex 31.815440829992298 24.90366610825062 0
      vertex 32.0187907704711 25.449148639440537 0
    endloop
  endfacet
  facet normal 0 0 -1
    outer loop
      vertex 31.910024535059932 24.857256978154183 0
      vertex 31.863262314498428 24.882119014263154 0
      vertex 32.15527361273766 25.341264441013337 0
    endloop
  endfacet
  facet normal 0 0 -1
    outer loop
      vertex 31.999818485379222 24.797967656850815 0
      vertex 31.95572749912739 24.829079999923707 0
      vertex 32.28070484489203 25.213764935135842 0
    endloop
  endfacet
  facet normal 0 0 -1
    outer loop
      vertex 32.081506390273574 24.728148891925812 0
      vertex 32.041744787395004 24.764323949217797 0
      vertex 32.28070484489203 25.213764935135842 0
    endloop
  endfacet
  facet normal 0 0 -1
    outer loop
      vertex 32.041744787395004 24.764323949217797 0
      vertex 31.999818485379222 24.797967656850815 0
      vertex 32.28070484489203 25.213764935135842 0
    endloop
  endfacet
  facet normal 0 0 -1
    outer loop
      vertex 32.081506390273574 24.728148891925812 0
      vertex 32.28070484489203 25.213764935135842 0
      vertex 32.39508447438479 25.066650121808053 0
    endloop
  endfacet
  facet normal 0 0 -1
    outer loop
      vertex 31.95572749912739 24.829079999923707 0
      vertex 32.15527361273766 25.341264441013337 0
      vertex 32.28070484489203 25.213764935135842 0
    endloop
  endfacet
  facet normal 0 0 -1
    outer loop
      vertex 31.863262314498428 24.882119014263154 0
      vertex 32.0187907704711 25.449148639440537 0
      vertex 32.15527361273766 25.341264441013337 0
    endloop
  endfacet
  facet normal 0 0 -1
    outer loop
      vertex 31.766560088992122 24.92189827501774 0
      vertex 31.87125632554293 25.537417530417443 0
      vertex 32.0187907704711 25.449148639440537 0
    endloop
  endfacet
  facet normal 0 0 -1
    outer loop
      vertex 31.87125632554293 25.537417530417443 0
      vertex 31.7166200914979 24.936815492212773 0
      vertex 31.71267027795315 25.606071113944054 0
    endloop
  endfacet
  facet normal 0 0 -1
    outer loop
      vertex 32.53090528041125 24.981374322772027 0
      vertex 33.4845000320673 24.82675981462002 0
      vertex 32.52074250221253 24.89992000102997 0
    endloop
  endfacet
  facet normal 0 0 -1
    outer loop
      vertex 32.54479582995177 25.058317280709744 0
      vertex 33.4845000320673 24.82675981462002 0
      vertex 32.53090528041125 24.981374322772027 0
    endloop
  endfacet
  facet normal 0 0 -1
    outer loop
      vertex 32.56241416573525 25.130748889744282 0
      vertex 33.49865743905306 24.863163701593876 0
      vertex 32.54479582995177 25.058317280709744 0
    endloop
  endfacet
  facet normal 0 0 -1
    outer loop
      vertex 32.58376028031111 25.19866913497448 0
      vertex 33.49865743905306 24.863163701593876 0
      vertex 32.56241416573525 25.130748889744282 0
    endloop
  endfacet
  facet normal 0 0 -1
    outer loop
      vertex 32.608834166228775 25.26207802385092 0
      vertex 33.51470250278712 24.894364997148514 0
      vertex 32.58376028031111 25.19866913497448 0
    endloop
  endfacet
  facet normal 0 0 -1
    outer loop
      vertex 32.63763583093882 25.320975556373597 0
      vertex 33.51470250278712 24.894364997148514 0
      vertex 32.608834166228775 25.26207802385092 0
    endloop
  endfacet
  facet normal 0 0 -1
    outer loop
      vertex 33.43825249761343 24.42626000136137 0
      vertex 32.52074250221253 24.89992000102997 0
      vertex 33.43919632971287 24.49908203572035 0
    endloop
  endfacet
  facet normal 0 0 -1
    outer loop
      vertex 32.52074250221253 24.89992000102997 0
      vertex 33.44202781111002 24.566701478660107 0
      vertex 33.43919632971287 24.49908203572035 0
    endloop
  endfacet
  facet normal 0 0 -1
    outer loop
      vertex 32.52074250221253 24.89992000102997 0
      vertex 33.44674694180489 24.629118330180646 0
      vertex 33.44202781111002 24.566701478660107 0
    endloop
  endfacet
  facet normal 0 0 -1
    outer loop
      vertex 32.52074250221253 24.89992000102997 0
      vertex 33.45335373669863 24.686332590281964 0
      vertex 33.44674694180489 24.629118330180646 0
    endloop
  endfacet
  facet normal 0 0 -1
    outer loop
      vertex 32.52074250221253 24.89992000102997 0
      vertex 33.46184818089009 24.738344258964062 0
      vertex 33.45335373669863 24.686332590281964 0
    endloop
  endfacet
  facet normal 0 0 -1
    outer loop
      vertex 32.52074250221253 24.89992000102997 0
      vertex 33.47223027437926 24.78515333622694 0
      vertex 33.46184818089009 24.738344258964062 0
    endloop
  endfacet
  facet normal 0 0 -1
    outer loop
      vertex 33.47223027437926 24.78515333622694 0
      vertex 32.52074250221253 24.89992000102997 0
      vertex 33.4845000320673 24.82675981462002 0
    endloop
  endfacet
  facet normal 0 0 -1
    outer loop
      vertex 32.54479582995177 25.058317280709744 0
      vertex 33.49865743905306 24.863163701593876 0
      vertex 33.4845000320673 24.82675981462002 0
    endloop
  endfacet
  facet normal 0 0 -1
    outer loop
      vertex 33.49865743905306 24.863163701593876 0
      vertex 32.58376028031111 25.19866913497448 0
      vertex 33.51470250278712 24.894364997148514 0
    endloop
  endfacet
  facet normal 0 0 -1
    outer loop
      vertex 33.51470250278712 24.894364997148514 0
      vertex 32.84035021454096 25.54721432119608 0
      vertex 33.53296929240227 24.92136456757784 0
    endloop
  endfacet
  facet normal 0 0 -1
    outer loop
      vertex 33.53296929240227 24.92136456757784 0
      vertex 33.08955861270428 25.64298222154379 0
      vertex 33.55376743912697 24.945187717080117 0
    endloop
  endfacet
  facet normal 0 0 -1
    outer loop
      vertex 32.670165274441246 25.375361725091935 0
      vertex 33.51470250278712 24.894364997148514 0
      vertex 32.63763583093882 25.320975556373597 0
    endloop
  endfacet
  facet normal 0 0 -1
    outer loop
      vertex 32.70642249673605 25.425236544907094 0
      vertex 33.51470250278712 24.894364997148514 0
      vertex 32.670165274441246 25.375361725091935 0
    endloop
  endfacet
  facet normal 0 0 -1
    outer loop
      vertex 33.51470250278712 24.894364997148514 0
      vertex 32.70642249673605 25.425236544907094 0
      vertex 32.74640749782324 25.470600000917912 0
    endloop
  endfacet
  facet normal 0 0 -1
    outer loop
      vertex 33.51470250278712 24.894364997148514 0
      vertex 32.74640749782324 25.470600000917912 0
      vertex 32.79082373172045 25.511301360428334 0
    endloop
  endfacet
  facet normal 0 0 -1
    outer loop
      vertex 33.51470250278712 24.894364997148514 0
      vertex 32.79082373172045 25.511301360428334 0
      vertex 32.84035021454096 25.54721432119608 0
    endloop
  endfacet
  facet normal 0 0 -1
    outer loop
      vertex 32.894986946284774 25.57833889067173 0
      vertex 33.53296929240227 24.92136456757784 0
      vertex 32.84035021454096 25.54721432119608 0
    endloop
  endfacet
  facet normal 0 0 -1
    outer loop
      vertex 32.95473391950131 25.604675061404706 0
      vertex 33.53296929240227 24.92136456757784 0
      vertex 32.894986946284774 25.57833889067173 0
    endloop
  endfacet
  facet normal 0 0 -1
    outer loop
      vertex 33.53296929240227 24.92136456757784 0
      vertex 32.95473391950131 25.604675061404706 0
      vertex 33.01959114164114 25.626222840845585 0
    endloop
  endfacet
  facet normal 0 0 -1
    outer loop
      vertex 33.53296929240227 24.92136456757784 0
      vertex 33.01959114164114 25.626222840845585 0
      vertex 33.08955861270428 25.64298222154379 0
    endloop
  endfacet
  facet normal 0 0 -1
    outer loop
      vertex 33.55376743912697 24.945187717080117 0
      vertex 33.2448242866993 25.66213580161333 0
      vertex 33.57709694296122 24.965834445655346 0
    endloop
  endfacet
  facet normal 0 0 -1
    outer loop
      vertex 33.57709694296122 24.965834445655346 0
      vertex 33.35463755965233 25.66443765103817 0
      vertex 33.602957811355594 24.98330475330353 0
    endloop
  endfacet
  facet normal 0 0 -1
    outer loop
      vertex 33.55376743912697 24.945187717080117 0
      vertex 33.08955861270428 25.64298222154379 0
      vertex 33.16463632524014 25.6549532109499 0
    endloop
  endfacet
  facet normal 0 0 -1
    outer loop
      vertex 33.55376743912697 24.945187717080117 0
      vertex 33.16463632524014 25.6549532109499 0
      vertex 33.2448242866993 25.66213580161333 0
    endloop
  endfacet
  facet normal 0 0 -1
    outer loop
      vertex 33.57709694296122 24.965834445655346 0
      vertex 33.2448242866993 25.66213580161333 0
      vertex 33.33012249708176 25.66453000098467 0
    endloop
  endfacet
  facet normal 0 0 -1
    outer loop
      vertex 33.57709694296122 24.965834445655346 0
      vertex 33.33012249708176 25.66453000098467 0
      vertex 33.35463755965233 25.66443765103817 0
    endloop
  endfacet
  facet normal 0 0 -1
    outer loop
      vertex 33.602957811355594 24.98330475330353 0
      vertex 33.40159805506468 25.663698888719082 0
      vertex 33.42404348790646 25.663052468895913 0
    endloop
  endfacet
  facet normal 0 0 -1
    outer loop
      vertex 33.40159805506468 25.663698888719082 0
      vertex 33.602957811355594 24.98330475330353 0
      vertex 33.37846275061369 25.664160616099835 0
    endloop
  endfacet
  facet normal 0 0 -1
    outer loop
      vertex 33.37846275061369 25.664160616099835 0
      vertex 33.602957811355594 24.98330475330353 0
      vertex 33.35463755965233 25.66443765103817 0
    endloop
  endfacet
  facet normal 0 0 -1
    outer loop
      vertex 33.46686472386122 25.661205551922322 0
      vertex 33.631350029408935 24.997598640024663 0
      vertex 33.445799041688446 25.662221356630326 0
    endloop
  endfacet
  facet normal 0 0 -1
    outer loop
      vertex 33.602957811355594 24.98330475330353 0
      vertex 33.42404348790646 25.663052468895913 0
      vertex 33.445799041688446 25.662221356630326 0
    endloop
  endfacet
  facet normal 0 0 -1
    outer loop
      vertex 33.602957811355594 24.98330475330353 0
      vertex 33.445799041688446 25.662221356630326 0
      vertex 33.631350029408935 24.997598640024663 0
    endloop
  endfacet
  facet normal 0 0 -1
    outer loop
      vertex 33.631350029408935 24.997598640024663 0
      vertex 33.544458177089695 25.65535315066576 0
      vertex 33.6622736120224 25.00871611326933 0
    endloop
  endfacet
  facet normal 0 0 -1
    outer loop
      vertex 33.6622736120224 25.00871611326933 0
      vertex 33.61629224956036 25.647628701627255 0
      vertex 33.69572855174542 25.01665715813637 0
    endloop
  endfacet
  facet normal 0 0 -1
    outer loop
      vertex 33.69572855174542 25.01665715813637 0
      vertex 33.70100583523512 25.635831541717053 0
      vertex 33.73171484857798 25.02142178952694 0
    endloop
  endfacet
  facet normal 0 0 -1
    outer loop
      vertex 33.73171484857798 25.02142178952694 0
      vertex 33.767299164235595 25.623690805733204 0
      vertex 33.77023250252009 25.023009999990464 0
    endloop
  endfacet
  facet normal 0 0 -1
    outer loop
      vertex 33.77023250252009 25.023009999990464 0
      vertex 33.83359250068665 25.608594998121262 0
      vertex 33.79666237920523 25.022733643054963 0
    endloop
  endfacet
  facet normal 0 0 -1
    outer loop
      vertex 33.631350029408935 24.997598640024663 0
      vertex 33.487240526974205 25.66000506222248 0
      vertex 33.5069264510274 25.658619880080224 0
    endloop
  endfacet
  facet normal 0 0 -1
    outer loop
      vertex 33.487240526974205 25.66000506222248 0
      vertex 33.631350029408935 24.997598640024663 0
      vertex 33.46686472386122 25.661205551922322 0
    endloop
  endfacet
  facet normal 0 0 -1
    outer loop
      vertex 33.562762994468216 25.653562589883805 0
      vertex 33.6622736120224 25.00871611326933 0
      vertex 33.544458177089695 25.65535315066576 0
    endloop
  endfacet
  facet normal 0 0 -1
    outer loop
      vertex 33.631350029408935 24.997598640024663 0
      vertex 33.52592250347138 25.657049998044968 0
      vertex 33.544458177089695 25.65535315066576 0
    endloop
  endfacet
  facet normal 0 0 -1
    outer loop
      vertex 33.631350029408935 24.997598640024663 0
      vertex 33.5069264510274 25.658619880080224 0
      vertex 33.52592250347138 25.657049998044968 0
    endloop
  endfacet
  facet normal 0 0 -1
    outer loop
      vertex 33.6622736120224 25.00871611326933 0
      vertex 33.59868003070355 25.649700372815133 0
      vertex 33.61629224956036 25.647628701627255 0
    endloop
  endfacet
  facet normal 0 0 -1
    outer loop
      vertex 33.6622736120224 25.00871611326933 0
      vertex 33.58083694815636 25.651678330600262 0
      vertex 33.59868003070355 25.649700372815133 0
    endloop
  endfacet
  facet normal 0 0 -1
    outer loop
      vertex 33.58083694815636 25.651678330600262 0
      vertex 33.6622736120224 25.00871611326933 0
      vertex 33.562762994468216 25.653562589883805 0
    endloop
  endfacet
  facet normal 0 0 -1
    outer loop
      vertex 33.650824103653434 25.64320425629616 0
      vertex 33.69572855174542 25.01665715813637 0
      vertex 33.633673612177375 25.64546333193779 0
    endloop
  endfacet
  facet normal 0 0 -1
    outer loop
      vertex 33.633673612177375 25.64546333193779 0
      vertex 33.69572855174542 25.01665715813637 0
      vertex 33.61629224956036 25.647628701627255 0
    endloop
  endfacet
  facet normal 0 0 -1
    outer loop
      vertex 33.69572855174542 25.01665715813637 0
      vertex 33.684432502985004 25.638405002057553 0
      vertex 33.70100583523512 25.635831541717053 0
    endloop
  endfacet
  facet normal 0 0 -1
    outer loop
      vertex 33.69572855174542 25.01665715813637 0
      vertex 33.66774373143912 25.64085148215294 0
      vertex 33.684432502985004 25.638405002057553 0
    endloop
  endfacet
  facet normal 0 0 -1
    outer loop
      vertex 33.69572855174542 25.01665715813637 0
      vertex 33.650824103653434 25.64320425629616 0
      vertex 33.66774373143912 25.64085148215294 0
    endloop
  endfacet
  facet normal 0 0 -1
    outer loop
      vertex 33.73415249973536 25.630130558609963 0
      vertex 33.73171484857798 25.02142178952694 0
      vertex 33.71757916748524 25.633073396384717 0
    endloop
  endfacet
  facet normal 0 0 -1
    outer loop
      vertex 33.71757916748524 25.633073396384717 0
      vertex 33.73171484857798 25.02142178952694 0
      vertex 33.70100583523512 25.635831541717053 0
    endloop
  endfacet
  facet normal 0 0 -1
    outer loop
      vertex 33.783872496485714 25.6201938906312 0
      vertex 33.77023250252009 25.023009999990464 0
      vertex 33.767299164235595 25.623690805733204 0
    endloop
  endfacet
  facet normal 0 0 -1
    outer loop
      vertex 33.73171484857798 25.02142178952694 0
      vertex 33.75072583198548 25.627003028392792 0
      vertex 33.767299164235595 25.623690805733204 0
    endloop
  endfacet
  facet normal 0 0 -1
    outer loop
      vertex 33.73171484857798 25.02142178952694 0
      vertex 33.73415249973536 25.630130558609963 0
      vertex 33.75072583198548 25.627003028392792 0
    endloop
  endfacet
  facet normal 0 0 -1
    outer loop
      vertex 33.77023250252009 25.023009999990464 0
      vertex 33.81701916843653 25.61264599055052 0
      vertex 33.83359250068665 25.608594998121262 0
    endloop
  endfacet
  facet normal 0 0 -1
    outer loop
      vertex 33.81701916843653 25.61264599055052 0
      vertex 33.77023250252009 25.023009999990464 0
      vertex 33.80044583618641 25.616512283086777 0
    endloop
  endfacet
  facet normal 0 0 -1
    outer loop
      vertex 33.80044583618641 25.616512283086777 0
      vertex 33.77023250252009 25.023009999990464 0
      vertex 33.783872496485714 25.6201938906312 0
    endloop
  endfacet
  facet normal 0 0 -1
    outer loop
      vertex 33.848968055248264 25.020522780120373 0
      vertex 33.922257933914665 25.586696855127812 0
      vertex 33.874843854606155 25.018588274121285 0
    endloop
  endfacet
  facet normal 0 0 -1
    outer loop
      vertex 33.822907563447956 25.02190456479788 0
      vertex 33.90360682100058 25.5912557387352 0
      vertex 33.848968055248264 25.020522780120373 0
    endloop
  endfacet
  facet normal 0 0 -1
    outer loop
      vertex 33.79666237920523 25.022733643054963 0
      vertex 33.867681633830074 25.600104629397393 0
      vertex 33.822907563447956 25.02190456479788 0
    endloop
  endfacet
  facet normal 0 0 -1
    outer loop
      vertex 33.874843854606155 25.018588274121285 0
      vertex 33.96093719094992 25.577310181558133 0
      vertex 33.90053496897221 25.016101046800614 0
    endloop
  endfacet
  facet normal 0 0 -1
    outer loop
      vertex 33.92604139089585 25.01306111305952 0
      vertex 34.001452502012256 25.56756500095129 0
      vertex 33.95136312037707 25.009468457996846 0
    endloop
  endfacet
  facet normal 0 0 -1
    outer loop
      vertex 33.90053496897221 25.016101046800614 0
      vertex 33.98096534252167 25.572482406497002 0
      vertex 33.92604139089585 25.01306111305952 0
    endloop
  endfacet
  facet normal 0 0 -1
    outer loop
      vertex 33.97650015741587 25.005323089063168 0
      vertex 34.001452502012256 25.56756500095129 0
      vertex 34.001452502012256 25.000624998807908 0
    endloop
  endfacet
  facet normal 0 0 -1
    outer loop
      vertex 33.95136312037707 25.009468457996846 0
      vertex 34.001452502012256 25.56756500095129 0
      vertex 33.97650015741587 25.005323089063168 0
    endloop
  endfacet
  facet normal 0 0 -1
    outer loop
      vertex 33.941368054747585 25.582048333585263 0
      vertex 33.874843854606155 25.018588274121285 0
      vertex 33.922257933914665 25.586696855127812 0
    endloop
  endfacet
  facet normal 0 0 -1
    outer loop
      vertex 33.922257933914665 25.586696855127812 0
      vertex 33.848968055248264 25.020522780120373 0
      vertex 33.90360682100058 25.5912557387352 0
    endloop
  endfacet
  facet normal 0 0 -1
    outer loop
      vertex 33.98096534252167 25.572482406497002 0
      vertex 33.90053496897221 25.016101046800614 0
      vertex 33.96093719094992 25.577310181558133 0
    endloop
  endfacet
  facet normal 0 0 -1
    outer loop
      vertex 33.96093719094992 25.577310181558133 0
      vertex 33.874843854606155 25.018588274121285 0
      vertex 33.941368054747585 25.582048333585263 0
    endloop
  endfacet
  facet normal 0 0 -1
    outer loop
      vertex 33.867681633830074 25.600104629397393 0
      vertex 33.79666237920523 25.022733643054963 0
      vertex 33.850407559573654 25.604394629001618 0
    endloop
  endfacet
  facet normal 0 0 -1
    outer loop
      vertex 33.850407559573654 25.604394629001618 0
      vertex 33.79666237920523 25.022733643054963 0
      vertex 33.83359250068665 25.608594998121262 0
    endloop
  endfacet
  facet normal 0 0 -1
    outer loop
      vertex 33.822907563447956 25.02190456479788 0
      vertex 33.88541472345591 25.595724999308587 0
      vertex 33.90360682100058 25.5912557387352 0
    endloop
  endfacet
  facet normal 0 0 -1
    outer loop
      vertex 33.88541472345591 25.595724999308587 0
      vertex 33.822907563447956 25.02190456479788 0
      vertex 33.867681633830074 25.600104629397393 0
    endloop
  endfacet
  facet normal 0 0 -1
    outer loop
      vertex 34.001452502012256 25.56756500095129 0
      vertex 33.92604139089585 25.01306111305952 0
      vertex 33.98096534252167 25.572482406497002 0
    endloop
  endfacet
  facet normal 0 0 -1
    outer loop
      vertex 36.69882972180844 22.3356088244915 0
      vertex 37.58029638618231 22.837823330760003 0
      vertex 36.798288058638576 22.196297898292542 0
    endloop
  endfacet
  facet normal 0 0 -1
    outer loop
      vertex 37.03565244019032 21.950229934751988 0
      vertex 37.662809971868995 22.651931478977204 0
      vertex 37.17088725060225 21.846972531974316 0
    endloop
  endfacet
  facet normal 0 0 -1
    outer loop
      vertex 37.31671194374562 21.757482781410218 0
      vertex 37.76889885604382 22.499838150441647 0
      vertex 37.47312651216984 21.681760675609112 0
    endloop
  endfacet
  facet normal 0 0 -1
    outer loop
      vertex 37.17088725060225 21.846972531974316 0
      vertex 37.76889885604382 22.499838150441647 0
      vertex 37.31671194374562 21.757482781410218 0
    endloop
  endfacet
  facet normal 0 0 -1
    outer loop
      vertex 36.911007497608665 22.067254997193814 0
      vertex 37.662809971868995 22.651931478977204 0
      vertex 37.03565244019032 21.950229934751988 0
    endloop
  endfacet
  facet normal 0 0 -1
    outer loop
      vertex 36.798288058638576 22.196297898292542 0
      vertex 37.662809971868995 22.651931478977204 0
      vertex 36.911007497608665 22.067254997193814 0
    endloop
  endfacet
  facet normal 0 0 -1
    outer loop
      vertex 37.662809971868995 22.651931478977204 0
      vertex 37.76889885604382 22.499838150441647 0
      vertex 37.17088725060225 21.846972531974316 0
    endloop
  endfacet
  facet normal 0 0 -1
    outer loop
      vertex 36.61263250201941 22.485187775790692 0
      vertex 37.58029638618231 22.837823330760003 0
      vertex 36.69882972180844 22.3356088244915 0
    endloop
  endfacet
  facet normal 0 0 -1
    outer loop
      vertex 36.53969639182091 22.645034752190114 0
      vertex 37.52135811388493 23.057513705790043 0
      vertex 36.61263250201941 22.485187775790692 0
    endloop
  endfacet
  facet normal 0 0 -1
    outer loop
      vertex 36.480021391212944 22.815149753689766 0
      vertex 37.52135811388493 23.057513705790043 0
      vertex 36.53969639182091 22.645034752190114 0
    endloop
  endfacet
  facet normal 0 0 -1
    outer loop
      vertex 36.43360750019551 22.99553278028965 0
      vertex 37.52135811388493 23.057513705790043 0
      vertex 36.480021391212944 22.815149753689766 0
    endloop
  endfacet
  facet normal 0 0 -1
    outer loop
      vertex 36.798288058638576 22.196297898292542 0
      vertex 37.58029638618231 22.837823330760003 0
      vertex 37.662809971868995 22.651931478977204 0
    endloop
  endfacet
  facet normal 0 0 -1
    outer loop
      vertex 37.52135811388493 23.057513705790043 0
      vertex 37.58029638618231 22.837823330760003 0
      vertex 36.61263250201941 22.485187775790692 0
    endloop
  endfacet
  facet normal 0 0 -1
    outer loop
      vertex 37.47312651216984 21.681760675609112 0
      vertex 37.898563053607944 22.38154333025217 0
      vertex 37.64013095587492 21.61980623692274 0
    endloop
  endfacet
  facet normal 0 0 -1
    outer loop
      vertex 37.64013095587492 21.61980623692274 0
      vertex 37.898563053607944 22.38154333025217 0
      vertex 37.81772527486086 21.571619442999364 0
    endloop
  endfacet
  facet normal 0 0 -1
    outer loop
      vertex 37.898563053607944 22.38154333025217 0
      vertex 38.05180256456137 22.297047040760518 0
      vertex 37.81772527486086 21.571619442999364 0
    endloop
  endfacet
  facet normal 0 0 -1
    outer loop
      vertex 38.00590947657824 21.53720030874014 0
      vertex 38.05180256456137 22.297047040760518 0
      vertex 38.22861737400294 22.246349259614945 0
    endloop
  endfacet
  facet normal 0 0 -1
    outer loop
      vertex 37.76889885604382 22.499838150441647 0
      vertex 37.898563053607944 22.38154333025217 0
      vertex 37.47312651216984 21.681760675609112 0
    endloop
  endfacet
  facet normal 0 0 -1
    outer loop
      vertex 38.22861737400294 22.246349259614945 0
      vertex 38.429007496833805 22.229450001716614 0
      vertex 38.41404749840498 21.509664996862412 0
    endloop
  endfacet
  facet normal 0 0 -1
    outer loop
      vertex 38.62791330009699 21.516318641006947 0
      vertex 38.429007496833805 22.229450001716614 0
      vertex 38.525835339128975 22.233456171453 0
    endloop
  endfacet
  facet normal 0 0 -1
    outer loop
      vertex 38.62791330009699 21.516318641006947 0
      vertex 38.525835339128975 22.233456171453 0
      vertex 38.617414411306385 22.245474688112736 0
    endloop
  endfacet
  facet normal 0 0 -1
    outer loop
      vertex 38.83021960049868 21.53627956598997 0
      vertex 38.617414411306385 22.245474688112736 0
      vertex 38.703744720816616 22.265505559146405 0
    endloop
  endfacet
  facet normal 0 0 -1
    outer loop
      vertex 39.020966392159465 21.569547779262066 0
      vertex 38.703744720816616 22.265505559146405 0
      vertex 38.78482626765967 22.293548762202263 0
    endloop
  endfacet
  facet normal 0 0 -1
    outer loop
      vertex 36.4004547187686 23.186183824539185 0
      vertex 37.48599515497685 23.311002589166165 0
      vertex 36.43360750019551 22.99553278028965 0
    endloop
  endfacet
  facet normal 0 0 -1
    outer loop
      vertex 36.380563054382804 23.38710290133953 0
      vertex 37.48599515497685 23.311002589166165 0
      vertex 36.4004547187686 23.186183824539185 0
    endloop
  endfacet
  facet normal 0 0 -1
    outer loop
      vertex 36.37393249958754 23.59829000324011 0
      vertex 37.47420750200749 23.59829000324011 0
      vertex 36.380563054382804 23.38710290133953 0
    endloop
  endfacet
  facet normal 0 0 -1
    outer loop
      vertex 36.43360750019551 22.99553278028965 0
      vertex 37.48599515497685 23.311002589166165 0
      vertex 37.52135811388493 23.057513705790043 0
    endloop
  endfacet
  facet normal 0 0 -1
    outer loop
      vertex 36.380563054382804 23.38710290133953 0
      vertex 37.47420750200749 23.59829000324011 0
      vertex 37.48599515497685 23.311002589166165 0
    endloop
  endfacet
  facet normal 0 0 -1
    outer loop
      vertex 36.37393249958754 23.59829000324011 0
      vertex 37.4770851546526 23.744322470724583 0
      vertex 37.47420750200749 23.59829000324011 0
    endloop
  endfacet
  facet normal 0 0 -1
    outer loop
      vertex 36.380563054382804 23.81027357965708 0
      vertex 37.48571812003851 23.882388762533665 0
      vertex 36.37393249958754 23.59829000324011 0
    endloop
  endfacet
  facet normal 0 0 -1
    outer loop
      vertex 36.4004547187686 24.011944323182107 0
      vertex 37.50010639071465 24.012488886117936 0
      vertex 36.380563054382804 23.81027357965708 0
    endloop
  endfacet
  facet normal 0 0 -1
    outer loop
      vertex 36.43360750019551 24.203302218914033 0
      vertex 37.50010639071465 24.012488886117936 0
      vertex 36.4004547187686 24.011944323182107 0
    endloop
  endfacet
  facet normal 0 0 -1
    outer loop
      vertex 36.480021391212944 24.384347281754017 0
      vertex 37.52024996668101 24.134622841477395 0
      vertex 36.43360750019551 24.203302218914033 0
    endloop
  endfacet
  facet normal 0 0 -1
    outer loop
      vertex 37.48571812003851 23.882388762533665 0
      vertex 37.4770851546526 23.744322470724583 0
      vertex 36.37393249958754 23.59829000324011 0
    endloop
  endfacet
  facet normal 0 0 -1
    outer loop
      vertex 37.50010639071465 24.012488886117936 0
      vertex 37.48571812003851 23.882388762533665 0
      vertex 36.380563054382804 23.81027357965708 0
    endloop
  endfacet
  facet normal 0 0 -1
    outer loop
      vertex 36.43360750019551 24.203302218914033 0
      vertex 37.52024996668101 24.134622841477395 0
      vertex 37.50010639071465 24.012488886117936 0
    endloop
  endfacet
  facet normal 0 0 -1
    outer loop
      vertex 37.54614885538817 24.24879061371088 0
      vertex 37.52024996668101 24.134622841477395 0
      vertex 36.480021391212944 24.384347281754017 0
    endloop
  endfacet
  facet normal 0 0 -1
    outer loop
      vertex 39.20015367507935 21.61612327337265 0
      vertex 38.86065904438496 22.329604319632054 0
      vertex 39.36778144925833 21.676006048321725 0
    endloop
  endfacet
  facet normal 0 0 -1
    outer loop
      vertex 39.20015367507935 21.61612327337265 0
      vertex 38.78482626765967 22.293548762202263 0
      vertex 38.86065904438496 22.329604319632054 0
    endloop
  endfacet
  facet normal 0 0 -1
    outer loop
      vertex 39.36778144925833 21.676006048321725 0
      vertex 38.86065904438496 22.329604319632054 0
      vertex 38.93124305844307 22.373672223985196 0
    endloop
  endfacet
  facet normal 0 0 -1
    outer loop
      vertex 39.36778144925833 21.676006048321725 0
      vertex 38.996578302383426 22.425752467811108 0
      vertex 39.52384972214699 21.74919611155987 0
    endloop
  endfacet
  facet normal 0 0 -1
    outer loop
      vertex 39.52384972214699 21.74919611155987 0
      vertex 38.996578302383426 22.425752467811108 0
      vertex 39.66835848629475 21.835693455636502 0
    endloop
  endfacet
  facet normal 0 0 -1
    outer loop
      vertex 39.36778144925833 21.676006048321725 0
      vertex 38.93124305844307 22.373672223985196 0
      vertex 38.996578302383426 22.425752467811108 0
    endloop
  endfacet
  facet normal 0 0 -1
    outer loop
      vertex 38.996578302383426 22.425752467811108 0
      vertex 39.0566647836566 22.485845058560372 0
      vertex 39.66835848629475 21.835693455636502 0
    endloop
  endfacet
  facet normal 0 0 -1
    outer loop
      vertex 39.80130774915219 21.935498088002205 0
      vertex 39.0566647836566 22.485845058560372 0
      vertex 39.111502502262596 22.553950003683568 0
    endloop
  endfacet
  facet normal 0 0 -1
    outer loop
      vertex 39.92269750326872 22.0486100012064 0
      vertex 39.111502502262596 22.553950003683568 0
      vertex 39.160826634764675 22.630941852331162 0
    endloop
  endfacet
  facet normal 0 0 -1
    outer loop
      vertex 39.66835848629475 21.835693455636502 0
      vertex 39.0566647836566 22.485845058560372 0
      vertex 39.80130774915219 21.935498088002205 0
    endloop
  endfacet
  facet normal 0 0 -1
    outer loop
      vertex 39.80130774915219 21.935498088002205 0
      vertex 39.111502502262596 22.553950003683568 0
      vertex 39.92269750326872 22.0486100012064 0
    endloop
  endfacet
  facet normal 0 0 -1
    outer loop
      vertex 39.92269750326872 22.0486100012064 0
      vertex 39.160826634764675 22.630941852331162 0
      vertex 40.03189626723528 22.174189261496068 0
    endloop
  endfacet
  facet normal 0 0 -1
    outer loop
      vertex 40.03189626723528 22.174189261496068 0
      vertex 39.204347934722904 22.717695183455945 0
      vertex 40.12824811428786 22.311420373022557 0
    endloop
  endfacet
  facet normal 0 0 -1
    outer loop
      vertex 40.03189626723528 22.174189261496068 0
      vertex 39.160826634764675 22.630941852331162 0
      vertex 39.204347934722904 22.717695183455945 0
    endloop
  endfacet
  facet normal 0 0 -1
    outer loop
      vertex 39.204347934722904 22.717695183455945 0
      vertex 39.24206638723612 22.814209997057915 0
      vertex 40.12824811428786 22.311420373022557 0
    endloop
  endfacet
  facet normal 0 0 -1
    outer loop
      vertex 39.24206638723612 22.814209997057915 0
      vertex 39.27398200720549 22.920486293137074 0
      vertex 40.211753051877025 22.460303335785866 0
    endloop
  endfacet
  facet normal 0 0 -1
    outer loop
      vertex 40.12824811428786 22.311420373022557 0
      vertex 39.24206638723612 22.814209997057915 0
      vertex 40.211753051877025 22.460303335785866 0
    endloop
  endfacet
  facet normal 0 0 -1
    outer loop
      vertex 40.211753051877025 22.460303335785866 0
      vertex 39.27398200720549 22.920486293137074 0
      vertex 40.28241108000279 22.620838149785996 0
    endloop
  endfacet
  facet normal 0 0 -1
    outer loop
      vertex 39.27398200720549 22.920486293137074 0
      vertex 39.30009478718043 23.03652407169342 0
      vertex 40.340222191214565 22.793024815022946 0
    endloop
  endfacet
  facet normal 0 0 -1
    outer loop
      vertex 40.385186385512355 22.976863331496716 0
      vertex 39.30009478718043 23.03652407169342 0
      vertex 39.32040471971035 23.162323332726956 0
    endloop
  endfacet
  facet normal 0 0 -1
    outer loop
      vertex 40.28241108000279 22.620838149785996 0
      vertex 39.27398200720549 22.920486293137074 0
      vertex 40.340222191214565 22.793024815022946 0
    endloop
  endfacet
  facet normal 0 0 -1
    outer loop
      vertex 40.340222191214565 22.793024815022946 0
      vertex 39.30009478718043 23.03652407169342 0
      vertex 40.385186385512355 22.976863331496716 0
    endloop
  endfacet
  facet normal 0 0 -1
    outer loop
      vertex 39.32040471971035 23.162323332726956 0
      vertex 39.33491181969643 23.29788407623768 0
      vertex 40.41730367034674 23.172353706657887 0
    endloop
  endfacet
  facet normal 0 0 -1
    outer loop
      vertex 40.385186385512355 22.976863331496716 0
      vertex 39.32040471971035 23.162323332726956 0
      vertex 40.41730367034674 23.172353706657887 0
    endloop
  endfacet
  facet normal 0 0 -1
    outer loop
      vertex 39.33491181969643 23.29788407623768 0
      vertex 39.343616079688076 23.44320629477501 0
      vertex 40.43657404571772 23.379495925605298 0
    endloop
  endfacet
  facet normal 0 0 -1
    outer loop
      vertex 39.343616079688076 23.44320629477501 0
      vertex 39.34651749968529 23.59829000324011 0
      vertex 40.44299749672413 23.59829000324011 0
    endloop
  endfacet
  facet normal 0 0 -1
    outer loop
      vertex 39.34651749968529 23.59829000324011 0
      vertex 39.33459132552147 23.887909136116505 0
      vertex 40.43627459943295 23.811035431325436 0
    endloop
  endfacet
  facet normal 0 0 -1
    outer loop
      vertex 39.33459132552147 23.887909136116505 0
      vertex 39.2988128104806 24.143455430269242 0
      vertex 40.38249139130116 24.205172225236893 0
    endloop
  endfacet
  facet normal 0 0 -1
    outer loop
      vertex 40.38249139130116 24.205172225236893 0
      vertex 39.2988128104806 24.143455430269242 0
      vertex 40.33543108046055 24.386563583612443 0
    endloop
  endfacet
  facet normal 0 0 -1
    outer loop
      vertex 40.41730367034674 23.172353706657887 0
      vertex 39.33491181969643 23.29788407623768 0
      vertex 40.43657404571772 23.379495925605298 0
    endloop
  endfacet
  facet normal 0 0 -1
    outer loop
      vertex 40.43657404571772 23.379495925605298 0
      vertex 39.343616079688076 23.44320629477501 0
      vertex 40.44299749672413 23.59829000324011 0
    endloop
  endfacet
  facet normal 0 0 -1
    outer loop
      vertex 40.44299749672413 23.59829000324011 0
      vertex 39.34651749968529 23.59829000324011 0
      vertex 40.43627459943295 23.811035431325436 0
    endloop
  endfacet
  facet normal 0 0 -1
    outer loop
      vertex 40.43627459943295 23.811035431325436 0
      vertex 39.33459132552147 23.887909136116505 0
      vertex 40.41610589265824 24.013329505324364 0
    endloop
  endfacet
  facet normal 0 0 -1
    outer loop
      vertex 40.41610589265824 24.013329505324364 0
      vertex 39.33459132552147 23.887909136116505 0
      vertex 40.38249139130116 24.205172225236893 0
    endloop
  endfacet
  facet normal 0 0 -1
    outer loop
      vertex 36.53969639182091 24.55507950425148 0
      vertex 37.54614885538817 24.24879061371088 0
      vertex 36.480021391212944 24.384347281754017 0
    endloop
  endfacet
  facet normal 0 0 -1
    outer loop
      vertex 37.57780305683613 24.354992225170136 0
      vertex 37.54614885538817 24.24879061371088 0
      vertex 36.53969639182091 24.55507950425148 0
    endloop
  endfacet
  facet normal 0 0 -1
    outer loop
      vertex 37.61521256357432 24.45322765350342 0
      vertex 37.57780305683613 24.354992225170136 0
      vertex 36.53969639182091 24.55507950425148 0
    endloop
  endfacet
  facet normal 0 0 -1
    outer loop
      vertex 37.658377375602726 24.54349691361189 0
      vertex 37.61521256357432 24.45322765350342 0
      vertex 36.53969639182091 24.55507950425148 0
    endloop
  endfacet
  facet normal 0 0 -1
    outer loop
      vertex 37.707297500371936 24.625799998044968 0
      vertex 37.658377375602726 24.54349691361189 0
      vertex 36.53969639182091 24.55507950425148 0
    endloop
  endfacet
  facet normal 0 0 -1
    outer loop
      vertex 37.76165108025074 24.69976888537407 0
      vertex 37.707297500371936 24.625799998044968 0
      vertex 36.53969639182091 24.55507950425148 0
    endloop
  endfacet
  facet normal 0 0 -1
    outer loop
      vertex 37.82111626505852 24.76503555417061 0
      vertex 37.76165108025074 24.69976888537407 0
      vertex 36.53969639182091 24.55507950425148 0
    endloop
  endfacet
  facet normal 0 0 -1
    outer loop
      vertex 37.88569305479527 24.821599996984006 0
      vertex 37.82111626505852 24.76503555417061 0
      vertex 36.53969639182091 24.55507950425148 0
    endloop
  endfacet
  facet normal 0 0 -1
    outer loop
      vertex 37.95538144946099 24.86946222126484 0
      vertex 37.88569305479527 24.821599996984006 0
      vertex 36.53969639182091 24.55507950425148 0
    endloop
  endfacet
  facet normal 0 0 -1
    outer loop
      vertex 36.61263250201941 24.715498886406422 0
      vertex 37.992401201426986 25.666712343096734 0
      vertex 36.53969639182091 24.55507950425148 0
    endloop
  endfacet
  facet normal 0 0 -1
    outer loop
      vertex 36.69882972180844 24.865605435669423 0
      vertex 37.46871564924717 25.52166715949774 0
      vertex 36.61263250201941 24.715498886406422 0
    endloop
  endfacet
  facet normal 0 0 -1
    outer loop
      vertex 36.798288058638576 25.00539913713932 0
      vertex 37.46871564924717 25.52166715949774 0
      vertex 36.69882972180844 24.865605435669423 0
    endloop
  endfacet
  facet normal 0 0 -1
    outer loop
      vertex 36.911007497608665 25.134879998266697 0
      vertex 37.314230833351616 25.445691108107567 0
      vertex 36.798288058638576 25.00539913713932 0
    endloop
  endfacet
  facet normal 0 0 -1
    outer loop
      vertex 36.911007497608665 25.134879998266697 0
      vertex 37.03537676125765 25.252297527492047 0
      vertex 37.16978453487158 25.355901233255864 0
    endloop
  endfacet
  facet normal 0 0 -1
    outer loop
      vertex 37.95538144946099 24.86946222126484 0
      vertex 36.53969639182091 24.55507950425148 0
      vertex 37.992401201426986 25.666712343096734 0
    endloop
  endfacet
  facet normal 0 0 -1
    outer loop
      vertex 36.911007497608665 25.134879998266697 0
      vertex 37.16978453487158 25.355901233255864 0
      vertex 37.314230833351616 25.445691108107567 0
    endloop
  endfacet
  facet normal 0 0 -1
    outer loop
      vertex 36.798288058638576 25.00539913713932 0
      vertex 37.314230833351616 25.445691108107567 0
      vertex 37.46871564924717 25.52166715949774 0
    endloop
  endfacet
  facet normal 0 0 -1
    outer loop
      vertex 37.633238982558254 25.583829379975796 0
      vertex 36.61263250201941 24.715498886406422 0
      vertex 37.46871564924717 25.52166715949774 0
    endloop
  endfacet
  facet normal 0 0 -1
    outer loop
      vertex 36.61263250201941 24.715498886406422 0
      vertex 37.633238982558254 25.583829379975796 0
      vertex 37.80780083328486 25.63217777699232 0
    endloop
  endfacet
  facet normal 0 0 -1
    outer loop
      vertex 36.61263250201941 24.715498886406422 0
      vertex 37.80780083328486 25.63217777699232 0
      vertex 37.992401201426986 25.666712343096734 0
    endloop
  endfacet
  facet normal 0 0 -1
    outer loop
      vertex 38.030181449055675 24.90862221956253 0
      vertex 37.95538144946099 24.86946222126484 0
      vertex 37.992401201426986 25.666712343096734 0
    endloop
  endfacet
  facet normal 0 0 -1
    outer loop
      vertex 38.110093053579334 24.93907999932766 0
      vertex 38.030181449055675 24.90862221956253 0
      vertex 37.992401201426986 25.666712343096734 0
    endloop
  endfacet
  facet normal 0 0 -1
    outer loop
      vertex 38.19511626303196 24.960835553109646 0
      vertex 38.110093053579334 24.93907999932766 0
      vertex 37.992401201426986 25.666712343096734 0
    endloop
  endfacet
  facet normal 0 0 -1
    outer loop
      vertex 38.28525107741356 24.97388888835907 0
      vertex 38.19511626303196 24.960835553109646 0
      vertex 38.18704009443522 25.687433085739613 0
    endloop
  endfacet
  facet normal 0 0 -1
    outer loop
      vertex 38.18704009443522 25.687433085739613 0
      vertex 38.19511626303196 24.960835553109646 0
      vertex 37.992401201426986 25.666712343096734 0
    endloop
  endfacet
  facet normal 0 0 -1
    outer loop
      vertex 38.38049749672413 24.97823999762535 0
      vertex 38.28525107741356 24.97388888835907 0
      vertex 38.18704009443522 25.687433085739613 0
    endloop
  endfacet
  facet normal 0 0 -1
    outer loop
      vertex 38.5832424351573 24.961203581988812 0
      vertex 38.38049749672413 24.97823999762535 0
      vertex 38.39171749740839 25.69433999747038 0
    endloop
  endfacet
  facet normal 0 0 -1
    outer loop
      vertex 38.39171749740839 25.69433999747038 0
      vertex 38.38049749672413 24.97823999762535 0
      vertex 38.18704009443522 25.687433085739613 0
    endloop
  endfacet
  facet normal 0 0 -1
    outer loop
      vertex 38.5832424351573 24.961203581988812 0
      vertex 38.39171749740839 25.69433999747038 0
      vertex 38.60038818061352 25.687456175088883 0
    endloop
  endfacet
  facet normal 0 0 -1
    outer loop
      vertex 38.76213503271342 24.910094320178032 0
      vertex 38.5832424351573 24.961203581988812 0
      vertex 38.79874466001988 25.666804693043233 0
    endloop
  endfacet
  facet normal 0 0 -1
    outer loop
      vertex 38.79874466001988 25.666804693043233 0
      vertex 38.5832424351573 24.961203581988812 0
      vertex 38.60038818061352 25.687456175088883 0
    endloop
  endfacet
  facet normal 0 0 -1
    outer loop
      vertex 38.986786943078044 25.63238555878401 0
      vertex 38.76213503271342 24.910094320178032 0
      vertex 38.79874466001988 25.666804693043233 0
    endloop
  endfacet
  facet normal 0 0 -1
    outer loop
      vertex 39.15569873541594 24.552329509854317 0
      vertex 39.048363175392154 24.705657280385495 0
      vertex 39.63581410437823 25.357032469809056 0
    endloop
  endfacet
  facet normal 0 0 -1
    outer loop
      vertex 39.2988128104806 24.143455430269242 0
      vertex 39.23918194711209 24.36492888569832 0
      vertex 40.200973052680496 24.717992223203183 0
    endloop
  endfacet
  facet normal 0 0 -1
    outer loop
      vertex 40.33543108046055 24.386563583612443 0
      vertex 39.2988128104806 24.143455430269242 0
      vertex 40.274924967587 24.557503580451012 0
    endloop
  endfacet
  facet normal 0 0 -1
    outer loop
      vertex 39.2988128104806 24.143455430269242 0
      vertex 40.200973052680496 24.717992223203183 0
      vertex 40.274924967587 24.557503580451012 0
    endloop
  endfacet
  facet normal 0 0 -1
    outer loop
      vertex 39.23918194711209 24.36492888569832 0
      vertex 39.15569873541594 24.552329509854317 0
      vertex 40.01273182421923 25.007615431547165 0
    endloop
  endfacet
  facet normal 0 0 -1
    outer loop
      vertex 40.200973052680496 24.717992223203183 0
      vertex 39.23918194711209 24.36492888569832 0
      vertex 40.11357534319163 24.868029504418374 0
    endloop
  endfacet
  facet normal 0 0 -1
    outer loop
      vertex 39.23918194711209 24.36492888569832 0
      vertex 40.01273182421923 25.007615431547165 0
      vertex 40.11357534319163 24.868029504418374 0
    endloop
  endfacet
  facet normal 0 0 -1
    outer loop
      vertex 39.048363175392154 24.705657280385495 0
      vertex 38.91717527449131 24.824912219643593 0
      vertex 39.33192892014981 25.52224431872368 0
    endloop
  endfacet
  facet normal 0 0 -1
    outer loop
      vertex 38.91717527449131 24.824912219643593 0
      vertex 38.76213503271342 24.910094320178032 0
      vertex 38.986786943078044 25.63238555878401 0
    endloop
  endfacet
  facet normal 0 0 -1
    outer loop
      vertex 39.63581410437823 25.357032469809056 0
      vertex 39.048363175392154 24.705657280385495 0
      vertex 39.4890286141634 25.446522220373154 0
    endloop
  endfacet
  facet normal 0 0 -1
    outer loop
      vertex 39.33192892014981 25.52224431872368 0
      vertex 38.91717527449131 24.824912219643593 0
      vertex 39.16451502978802 25.58419876486063 0
    endloop
  endfacet
  facet normal 0 0 -1
    outer loop
      vertex 38.91717527449131 24.824912219643593 0
      vertex 38.986786943078044 25.63238555878401 0
      vertex 39.16451502978802 25.58419876486063 0
    endloop
  endfacet
  facet normal 0 0 -1
    outer loop
      vertex 39.048363175392154 24.705657280385495 0
      vertex 39.33192892014981 25.52224431872368 0
      vertex 39.4890286141634 25.446522220373154 0
    endloop
  endfacet
  facet normal 0 0 -1
    outer loop
      vertex 40.01273182421923 25.007615431547165 0
      vertex 39.15569873541594 24.552329509854317 0
      vertex 39.898442503213886 25.136749997138978 0
    endloop
  endfacet
  facet normal 0 0 -1
    outer loop
      vertex 39.898442503213886 25.136749997138978 0
      vertex 39.15569873541594 24.552329509854317 0
      vertex 39.77228539824486 25.253775059580803 0
    endloop
  endfacet
  facet normal 0 0 -1
    outer loop
      vertex 39.15569873541594 24.552329509854317 0
      vertex 39.63581410437823 25.357032469809056 0
      vertex 39.77228539824486 25.253775059580803 0
    endloop
  endfacet
endsolid OpenSCAD_Model
