solid OpenSCAD_Model
  facet normal 0 0 1
    outer loop
      vertex -10.589163062900049 -3.7484425065049463 1.5999999999999996
      vertex -10.989087296526012 -4.110912703473988 1.5999999999999996
      vertex -10.155636281607812 -3.4269171323360013 1.5999999999999996
    endloop
  endfacet
  facet normal 0 0 1
    outer loop
      vertex -8.696565724899543 -2.7368281534728514 1.5999999999999996
      vertex -9.692682052542986 -3.149433046084047 1.5999999999999996
      vertex -7.639094271812583 -2.526484003302917 1.5999999999999996
    endloop
  endfacet
  facet normal 0 0 1
    outer loop
      vertex -9.692682052542986 -3.149433046084047 1.5999999999999996
      vertex -10.155636281607812 -3.4269171323360013 1.5999999999999996
      vertex -10.989087296526012 -4.110912703473988 1.5999999999999996
    endloop
  endfacet
  facet normal 0 0 1
    outer loop
      vertex -8.696565724899543 -2.7368281534728514 1.5999999999999996
      vertex -9.204758878007993 -2.918662571187923 1.5999999999999996
      vertex -9.692682052542986 -3.149433046084047 1.5999999999999996
    endloop
  endfacet
  facet normal -0.5956993044924339 0.8032075314806446 0
    outer loop
      vertex -10.589163062900049 -3.7484425065049463 1.5999999999999996
      vertex -10.155636281607812 -3.4269171323360013 1.5999999999999996
      vertex -10.589163062900049 -3.7484425065049463 0
    endloop
  endfacet
  facet normal -0.3368898533922202 0.9415440651830207 0
    outer loop
      vertex -8.696565724899543 -2.7368281534728514 1.5999999999999996
      vertex -8.696565724899543 -2.7368281534728514 0
      vertex -9.204758878007993 -2.918662571187923 1.5999999999999996
    endloop
  endfacet
  facet normal -0.24298017990326395 0.970031253194544 0
    outer loop
      vertex -8.696565724899543 -2.7368281534728514 1.5999999999999996
      vertex -8.172996771088705 -2.6056809577822326 1.5999999999999996
      vertex -8.696565724899543 -2.7368281534728514 0
    endloop
  endfacet
  facet normal -0.514102744193222 0.8577286100002719 0
    outer loop
      vertex -9.692682052542986 -3.149433046084047 1.5999999999999996
      vertex -9.692682052542986 -3.149433046084047 0
      vertex -10.155636281607812 -3.4269171323360013 1.5999999999999996
    endloop
  endfacet
  facet normal -0.4275550934302814 0.9039892931234436 0
    outer loop
      vertex -9.692682052542986 -3.149433046084047 1.5999999999999996
      vertex -9.204758878007993 -2.918662571187923 1.5999999999999996
      vertex -9.692682052542986 -3.149433046084047 0
    endloop
  endfacet
  facet normal 0 0 1
    outer loop
      vertex -9.692682052542986 -3.149433046084047 1.5999999999999996
      vertex -10.989087296526012 -4.110912703473988 1.5999999999999996
      vertex -11.950566953915953 -5.407317947457013 1.5999999999999996
    endloop
  endfacet
  facet normal 0 0 1
    outer loop
      vertex -10.989087296526012 -4.110912703473988 1.5999999999999996
      vertex -11.351557493495054 -4.51083693709995 1.5999999999999996
      vertex -11.673082867663998 -4.944363718392188 1.5999999999999996
    endloop
  endfacet
  facet normal 0 0 1
    outer loop
      vertex -10.989087296526012 -4.110912703473988 1.5999999999999996
      vertex -11.673082867663998 -4.944363718392188 1.5999999999999996
      vertex -11.950566953915953 -5.407317947457013 1.5999999999999996
    endloop
  endfacet
  facet normal 0 0 1
    outer loop
      vertex -9.692682052542986 -3.149433046084047 1.5999999999999996
      vertex -11.950566953915953 -5.407317947457013 1.5999999999999996
      vertex -12.6 -8 1.5999999999999996
    endloop
  endfacet
  facet normal -0.6715589548470164 0.740951125354961 0
    outer loop
      vertex -10.589163062900049 -3.7484425065049463 1.5999999999999996
      vertex -10.589163062900049 -3.7484425065049463 0
      vertex -10.989087296526012 -4.110912703473988 1.5999999999999996
    endloop
  endfacet
  facet normal -0.7409511253549593 0.671558954847018 -2.165760570462937e-18
    outer loop
      vertex -10.989087296526012 -4.110912703473988 1.5999999999999996
      vertex -11.351557493495054 -4.51083693709995 0
      vertex -11.351557493495054 -4.51083693709995 1.5999999999999996
    endloop
  endfacet
  facet normal -0.8032075314806459 0.5956993044924319 0
    outer loop
      vertex -11.351557493495054 -4.51083693709995 1.5999999999999996
      vertex -11.351557493495054 -4.51083693709995 0
      vertex -11.673082867663998 -4.944363718392188 1.5999999999999996
    endloop
  endfacet
  facet normal -0.8577286100002719 0.514102744193222 -9.579709576415618e-18
    outer loop
      vertex -11.673082867663998 -4.944363718392188 1.5999999999999996
      vertex -11.950566953915953 -5.407317947457013 0
      vertex -11.950566953915953 -5.407317947457013 1.5999999999999996
    endloop
  endfacet
  facet normal -0.9039892931234436 0.4275550934302814 0
    outer loop
      vertex -11.950566953915953 -5.407317947457013 1.5999999999999996
      vertex -11.950566953915953 -5.407317947457013 0
      vertex -12.181337428812077 -5.895241121992006 1.5999999999999996
    endloop
  endfacet
  facet normal 0 0 1
    outer loop
      vertex -8.696565724899543 -2.7368281534728514 1.5999999999999996
      vertex -7.639094271812583 -2.526484003302917 1.5999999999999996
      vertex -8.172996771088705 -2.6056809577822326 1.5999999999999996
    endloop
  endfacet
  facet normal 0 0 1
    outer loop
      vertex -9.692682052542986 -3.149433046084047 1.5999999999999996
      vertex -2.100000001490116 -2.5 1.5999999999999996
      vertex -7.639094271812583 -2.526484003302917 1.5999999999999996
    endloop
  endfacet
  facet normal 0 0 1
    outer loop
      vertex -7.639094271812583 -2.526484003302917 1.5999999999999996
      vertex -2.100000001490116 -2.5 1.5999999999999996
      vertex -7.1 -2.5 1.5999999999999996
    endloop
  endfacet
  facet normal -0.1467304744553622 0.989176509964781 0
    outer loop
      vertex -7.639094271812583 -2.526484003302917 1.5999999999999996
      vertex -7.639094271812583 -2.526484003302917 0
      vertex -8.172996771088705 -2.6056809577822326 1.5999999999999996
    endloop
  endfacet
  facet normal -0.04906767432741777 0.9987954562051724 3.1411152463465004e-19
    outer loop
      vertex -7.639094271812583 -2.526484003302917 1.5999999999999996
      vertex -7.1 -2.5 1.5999999999999996
      vertex -7.1 -2.5 0
    endloop
  endfacet
  facet normal 0 1 0
    outer loop
      vertex -7.1 -2.5 1.5999999999999996
      vertex -2.100000001490116 -2.5 1.5999999999999996
      vertex -2.100000001490116 -2.5 0
    endloop
  endfacet
  facet normal 0 0 1
    outer loop
      vertex -9.692682052542986 -3.149433046084047 1.5999999999999996
      vertex -12.6 -8 1.5999999999999996
      vertex -2.100000001490116 -2.5 1.5999999999999996
    endloop
  endfacet
  facet normal 0 0 1
    outer loop
      vertex -2.100000001490116 -2.5 1.5999999999999996
      vertex -12.6 -8 1.5999999999999996
      vertex -8.183361954388223 -6.378634256010037 1.5999999999999996
    endloop
  endfacet
  facet normal 0 0 1
    outer loop
      vertex -2.100000001490116 -2.5 1.5999999999999996
      vertex -8.019223636810695 -6.280253534520708 1.5999999999999996
      vertex -7.846232693111925 -6.198434911602991 1.5999999999999996
    endloop
  endfacet
  facet normal 0 0 1
    outer loop
      vertex -2.100000001490116 -2.5 1.5999999999999996
      vertex -8.183361954388223 -6.378634256010037 1.5999999999999996
      vertex -8.019223636810695 -6.280253534520708 1.5999999999999996
    endloop
  endfacet
  facet normal 0 0 1
    outer loop
      vertex -2.100000001490116 -2.5 1.5999999999999996
      vertex -7.6660551206462015 -6.133966345322193 1.5999999999999996
      vertex -7.48042612793145 -6.087468703213701 1.5999999999999996
    endloop
  endfacet
  facet normal 0 0 1
    outer loop
      vertex -2.100000001490116 -2.5 1.5999999999999996
      vertex -7.846232693111925 -6.198434911602991 1.5999999999999996
      vertex -7.6660551206462015 -6.133966345322193 1.5999999999999996
    endloop
  endfacet
  facet normal 0 0 1
    outer loop
      vertex -2.100000001490116 -2.5 1.5999999999999996
      vertex -7.48042612793145 -6.087468703213701 1.5999999999999996
      vertex -7.291133423642643 -6.059389782989216 1.5999999999999996
    endloop
  endfacet
  facet normal 0 0 1
    outer loop
      vertex -2.100000001490116 -2.5 1.5999999999999996
      vertex -7.291133423642643 -6.059389782989216 1.5999999999999996
      vertex -7.1 -6.05 1.5999999999999996
    endloop
  endfacet
  facet normal 0 0 1
    outer loop
      vertex -2.100000001490116 -2.5 1.5999999999999996
      vertex -7.1 -6.05 1.5999999999999996
      vertex -6.908866576357356 -6.059389782989216 1.5999999999999996
    endloop
  endfacet
  facet normal 0 0 1
    outer loop
      vertex -2.100000001490116 -2.5 1.5999999999999996
      vertex -6.908866576357356 -6.059389782989216 1.5999999999999996
      vertex -6.719573872068549 -6.087468703213701 1.5999999999999996
    endloop
  endfacet
  facet normal 0 0 1
    outer loop
      vertex -2.100000001490116 -2.5 1.5999999999999996
      vertex -6.719573872068549 -6.087468703213701 1.5999999999999996
      vertex -6.533944879353798 -6.133966345322193 1.5999999999999996
    endloop
  endfacet
  facet normal 0 0 1
    outer loop
      vertex -2.100000001490116 -2.5 1.5999999999999996
      vertex -6.533944879353798 -6.133966345322193 1.5999999999999996
      vertex -6.3537673068880745 -6.198434911602991 1.5999999999999996
    endloop
  endfacet
  facet normal 0 0 1
    outer loop
      vertex -2.100000001490116 -2.5 1.5999999999999996
      vertex -6.3537673068880745 -6.198434911602991 1.5999999999999996
      vertex -6.180776363189304 -6.280253534520708 1.5999999999999996
    endloop
  endfacet
  facet normal 0 0 1
    outer loop
      vertex -2.100000001490116 -2.5 1.5999999999999996
      vertex -6.180776363189304 -6.280253534520708 1.5999999999999996
      vertex -6.016638045611775 -6.378634256010037 1.5999999999999996
    endloop
  endfacet
  facet normal 0 0 1
    outer loop
      vertex -2.100000001490116 -2.5 1.5999999999999996
      vertex -6.016638045611775 -6.378634256010037 1.5999999999999996
      vertex -5.862933095880891 -6.492629615942663 1.5999999999999996
    endloop
  endfacet
  facet normal 0 0 1
    outer loop
      vertex -2.100000001490116 -2.5 1.5999999999999996
      vertex -5.862933095880891 -6.492629615942663 1.5999999999999996
      vertex -5.721141776686232 -6.621141776686232 1.5999999999999996
    endloop
  endfacet
  facet normal 0 0 1
    outer loop
      vertex -2.100000001490116 -2.5 1.5999999999999996
      vertex -5.721141776686232 -6.621141776686232 1.5999999999999996
      vertex -5.592629615942663 -6.762933095880891 1.5999999999999996
    endloop
  endfacet
  facet normal 0 0 1
    outer loop
      vertex -2.100000001490116 -2.5 1.5999999999999996
      vertex -5.592629615942663 -6.762933095880891 1.5999999999999996
      vertex -5.478634256010037 -6.9166380456117755 1.5999999999999996
    endloop
  endfacet
  facet normal 0 0 1
    outer loop
      vertex -2.100000001490116 -2.5 1.5999999999999996
      vertex -5.478634256010037 -6.9166380456117755 1.5999999999999996
      vertex -5.380253534520707 -7.080776363189305 1.5999999999999996
    endloop
  endfacet
  facet normal 0 0 1
    outer loop
      vertex -2.100000001490116 -2.5 1.5999999999999996
      vertex -5.380253534520707 -7.080776363189305 1.5999999999999996
      vertex -5.298434911602991 -7.253767306888075 1.5999999999999996
    endloop
  endfacet
  facet normal 0 0 1
    outer loop
      vertex -2.100000001490116 -2.5 1.5999999999999996
      vertex -5.298434911602991 -7.253767306888075 1.5999999999999996
      vertex -5.233966345322193 -7.433944879353798 1.5999999999999996
    endloop
  endfacet
  facet normal -0.24298017990326395 0.970031253194544 0
    outer loop
      vertex -8.172996771088705 -2.6056809577822326 1.5999999999999996
      vertex -8.172996771088705 -2.6056809577822326 0
      vertex -8.696565724899543 -2.7368281534728514 0
    endloop
  endfacet
  facet normal -0.514102744193222 0.8577286100002719 0
    outer loop
      vertex -10.155636281607812 -3.4269171323360013 1.5999999999999996
      vertex -9.692682052542986 -3.149433046084047 0
      vertex -10.155636281607812 -3.4269171323360013 0
    endloop
  endfacet
  facet normal -0.4275550934302814 0.9039892931234436 0
    outer loop
      vertex -9.204758878007993 -2.918662571187923 1.5999999999999996
      vertex -9.204758878007993 -2.918662571187923 0
      vertex -9.692682052542986 -3.149433046084047 0
    endloop
  endfacet
  facet normal -0.5956993044924339 0.8032075314806446 0
    outer loop
      vertex -10.155636281607812 -3.4269171323360013 1.5999999999999996
      vertex -10.155636281607812 -3.4269171323360013 0
      vertex -10.589163062900049 -3.7484425065049463 0
    endloop
  endfacet
  facet normal -0.3368898533922202 0.9415440651830207 0
    outer loop
      vertex -9.204758878007993 -2.918662571187923 1.5999999999999996
      vertex -8.696565724899543 -2.7368281534728514 0
      vertex -9.204758878007993 -2.918662571187923 0
    endloop
  endfacet
  facet normal 0 0 -1
    outer loop
      vertex -10.589163062900049 -3.7484425065049463 0
      vertex -9.692682052542986 -3.149433046084047 0
      vertex -11.351557493495054 -4.51083693709995 0
    endloop
  endfacet
  facet normal 0 0 -1
    outer loop
      vertex -8.696565724899543 -2.7368281534728514 0
      vertex -7.639094271812583 -2.526484003302917 0
      vertex -9.692682052542986 -3.149433046084047 0
    endloop
  endfacet
  facet normal 0 0 -1
    outer loop
      vertex -10.589163062900049 -3.7484425065049463 0
      vertex -10.155636281607812 -3.4269171323360013 0
      vertex -9.692682052542986 -3.149433046084047 0
    endloop
  endfacet
  facet normal 0 0 -1
    outer loop
      vertex -9.692682052542986 -3.149433046084047 0
      vertex -7.639094271812583 -2.526484003302917 0
      vertex -11.351557493495054 -4.51083693709995 0
    endloop
  endfacet
  facet normal 0 0 -1
    outer loop
      vertex -8.696565724899543 -2.7368281534728514 0
      vertex -9.692682052542986 -3.149433046084047 0
      vertex -9.204758878007993 -2.918662571187923 0
    endloop
  endfacet
  facet normal -0.8032075314806459 0.5956993044924319 0
    outer loop
      vertex -11.673082867663998 -4.944363718392188 1.5999999999999996
      vertex -11.351557493495054 -4.51083693709995 0
      vertex -11.673082867663998 -4.944363718392188 0
    endloop
  endfacet
  facet normal -0.7409511253549593 0.671558954847018 0
    outer loop
      vertex -10.989087296526012 -4.110912703473988 1.5999999999999996
      vertex -10.989087296526012 -4.110912703473988 0
      vertex -11.351557493495054 -4.51083693709995 0
    endloop
  endfacet
  facet normal -0.6715589548470164 0.740951125354961 0
    outer loop
      vertex -10.989087296526012 -4.110912703473988 1.5999999999999996
      vertex -10.589163062900049 -3.7484425065049463 0
      vertex -10.989087296526012 -4.110912703473988 0
    endloop
  endfacet
  facet normal -0.8577286100002719 0.514102744193222 0
    outer loop
      vertex -11.673082867663998 -4.944363718392188 1.5999999999999996
      vertex -11.673082867663998 -4.944363718392188 0
      vertex -11.950566953915953 -5.407317947457013 0
    endloop
  endfacet
  facet normal -0.9039892931234436 0.4275550934302814 6.872977172292647e-19
    outer loop
      vertex -11.950566953915953 -5.407317947457013 0
      vertex -12.181337428812077 -5.895241121992006 0
      vertex -12.181337428812077 -5.895241121992006 1.5999999999999996
    endloop
  endfacet
  facet normal 0 0 -1
    outer loop
      vertex -10.589163062900049 -3.7484425065049463 0
      vertex -11.351557493495054 -4.51083693709995 0
      vertex -10.989087296526012 -4.110912703473988 0
    endloop
  endfacet
  facet normal 0 0 -1
    outer loop
      vertex -11.351557493495054 -4.51083693709995 0
      vertex -11.950566953915953 -5.407317947457013 0
      vertex -11.673082867663998 -4.944363718392188 0
    endloop
  endfacet
  facet normal 0 0 -1
    outer loop
      vertex -11.351557493495054 -4.51083693709995 0
      vertex -12.494319042217768 -6.927003228911294 0
      vertex -11.950566953915953 -5.407317947457013 0
    endloop
  endfacet
  facet normal 0 0 -1
    outer loop
      vertex -11.351557493495054 -4.51083693709995 0
      vertex -7.639094271812583 -2.526484003302917 0
      vertex -8.337066904119109 -6.492629615942663 0
    endloop
  endfacet
  facet normal -0.1467304744553622 0.989176509964781 0
    outer loop
      vertex -8.172996771088705 -2.6056809577822326 1.5999999999999996
      vertex -7.639094271812583 -2.526484003302917 0
      vertex -8.172996771088705 -2.6056809577822326 0
    endloop
  endfacet
  facet normal -0.04906767432741777 0.9987954562051724 0
    outer loop
      vertex -7.639094271812583 -2.526484003302917 1.5999999999999996
      vertex -7.1 -2.5 0
      vertex -7.639094271812583 -2.526484003302917 0
    endloop
  endfacet
  facet normal 0 1 0
    outer loop
      vertex -7.1 -2.5 1.5999999999999996
      vertex -2.100000001490116 -2.5 0
      vertex -7.1 -2.5 0
    endloop
  endfacet
  facet normal 0 0 -1
    outer loop
      vertex -8.696565724899543 -2.7368281534728514 0
      vertex -8.172996771088705 -2.6056809577822326 0
      vertex -7.639094271812583 -2.526484003302917 0
    endloop
  endfacet
  facet normal 0 0 -1
    outer loop
      vertex -7.639094271812583 -2.526484003302917 0
      vertex -8.019223636810695 -6.280253534520708 0
      vertex -8.183361954388223 -6.378634256010037 0
    endloop
  endfacet
  facet normal 0 0 -1
    outer loop
      vertex -7.639094271812583 -2.526484003302917 0
      vertex -7.846232693111925 -6.198434911602991 0
      vertex -8.019223636810695 -6.280253534520708 0
    endloop
  endfacet
  facet normal 0 0 -1
    outer loop
      vertex -7.639094271812583 -2.526484003302917 0
      vertex -7.6660551206462015 -6.133966345322193 0
      vertex -7.846232693111925 -6.198434911602991 0
    endloop
  endfacet
  facet normal 0 0 -1
    outer loop
      vertex -7.639094271812583 -2.526484003302917 0
      vertex -8.183361954388223 -6.378634256010037 0
      vertex -8.337066904119109 -6.492629615942663 0
    endloop
  endfacet
  facet normal 0 0 -1
    outer loop
      vertex -7.639094271812583 -2.526484003302917 0
      vertex -7.48042612793145 -6.087468703213701 0
      vertex -7.6660551206462015 -6.133966345322193 0
    endloop
  endfacet
  facet normal 0 0 -1
    outer loop
      vertex -7.639094271812583 -2.526484003302917 0
      vertex -7.291133423642643 -6.059389782989216 0
      vertex -7.48042612793145 -6.087468703213701 0
    endloop
  endfacet
  facet normal 0 0 -1
    outer loop
      vertex -7.639094271812583 -2.526484003302917 0
      vertex -7.1 -6.05 0
      vertex -7.291133423642643 -6.059389782989216 0
    endloop
  endfacet
  facet normal 0 0 -1
    outer loop
      vertex -7.639094271812583 -2.526484003302917 0
      vertex -6.908866576357356 -6.059389782989216 0
      vertex -7.1 -6.05 0
    endloop
  endfacet
  facet normal 0 0 -1
    outer loop
      vertex -7.639094271812583 -2.526484003302917 0
      vertex -6.719573872068549 -6.087468703213701 0
      vertex -6.908866576357356 -6.059389782989216 0
    endloop
  endfacet
  facet normal 0 0 -1
    outer loop
      vertex -7.639094271812583 -2.526484003302917 0
      vertex -6.533944879353798 -6.133966345322193 0
      vertex -6.719573872068549 -6.087468703213701 0
    endloop
  endfacet
  facet normal 0 0 -1
    outer loop
      vertex -7.639094271812583 -2.526484003302917 0
      vertex -6.3537673068880745 -6.198434911602991 0
      vertex -6.533944879353798 -6.133966345322193 0
    endloop
  endfacet
  facet normal 0 0 -1
    outer loop
      vertex -7.639094271812583 -2.526484003302917 0
      vertex -6.180776363189304 -6.280253534520708 0
      vertex -6.3537673068880745 -6.198434911602991 0
    endloop
  endfacet
  facet normal 0 0 -1
    outer loop
      vertex -7.639094271812583 -2.526484003302917 0
      vertex -6.016638045611775 -6.378634256010037 0
      vertex -6.180776363189304 -6.280253534520708 0
    endloop
  endfacet
  facet normal 0 0 -1
    outer loop
      vertex -7.639094271812583 -2.526484003302917 0
      vertex -5.862933095880891 -6.492629615942663 0
      vertex -6.016638045611775 -6.378634256010037 0
    endloop
  endfacet
  facet normal 0 0 -1
    outer loop
      vertex -7.639094271812583 -2.526484003302917 0
      vertex -5.721141776686232 -6.621141776686232 0
      vertex -5.862933095880891 -6.492629615942663 0
    endloop
  endfacet
  facet normal 0 0 -1
    outer loop
      vertex -7.639094271812583 -2.526484003302917 0
      vertex -5.592629615942663 -6.762933095880891 0
      vertex -5.721141776686232 -6.621141776686232 0
    endloop
  endfacet
  facet normal 0 0 -1
    outer loop
      vertex -7.639094271812583 -2.526484003302917 0
      vertex -5.478634256010037 -6.9166380456117755 0
      vertex -5.592629615942663 -6.762933095880891 0
    endloop
  endfacet
  facet normal 0 0 -1
    outer loop
      vertex -7.639094271812583 -2.526484003302917 0
      vertex -5.380253534520707 -7.080776363189305 0
      vertex -5.478634256010037 -6.9166380456117755 0
    endloop
  endfacet
  facet normal 0 0 1
    outer loop
      vertex -11.950566953915953 -5.407317947457013 1.5999999999999996
      vertex -12.181337428812077 -5.895241121992006 1.5999999999999996
      vertex -12.363171846527148 -6.403434275100457 1.5999999999999996
    endloop
  endfacet
  facet normal 0 0 1
    outer loop
      vertex -11.950566953915953 -5.407317947457013 1.5999999999999996
      vertex -12.363171846527148 -6.403434275100457 1.5999999999999996
      vertex -12.494319042217768 -6.927003228911294 1.5999999999999996
    endloop
  endfacet
  facet normal 0 0 1
    outer loop
      vertex -11.950566953915953 -5.407317947457013 1.5999999999999996
      vertex -12.494319042217768 -6.927003228911294 1.5999999999999996
      vertex -12.6 -8 1.5999999999999996
    endloop
  endfacet
  facet normal 0 0 1
    outer loop
      vertex -12.494319042217768 -6.927003228911294 1.5999999999999996
      vertex -12.573515996697083 -7.4609057281874165 1.5999999999999996
      vertex -12.6 -8 1.5999999999999996
    endloop
  endfacet
  facet normal 0 0 1
    outer loop
      vertex -12.6 -8 1.5999999999999996
      vertex -8.607370384057337 -6.762933095880891 1.5999999999999996
      vertex -8.478858223313768 -6.621141776686232 1.5999999999999996
    endloop
  endfacet
  facet normal 0 0 1
    outer loop
      vertex -12.6 -8 1.5999999999999996
      vertex -8.721365743989963 -6.9166380456117755 1.5999999999999996
      vertex -8.607370384057337 -6.762933095880891 1.5999999999999996
    endloop
  endfacet
  facet normal 0 0 1
    outer loop
      vertex -12.6 -8 1.5999999999999996
      vertex -8.337066904119109 -6.492629615942663 1.5999999999999996
      vertex -8.183361954388223 -6.378634256010037 1.5999999999999996
    endloop
  endfacet
  facet normal 0 0 1
    outer loop
      vertex -12.6 -8 1.5999999999999996
      vertex -8.478858223313768 -6.621141776686232 1.5999999999999996
      vertex -8.337066904119109 -6.492629615942663 1.5999999999999996
    endloop
  endfacet
  facet normal 0 0 1
    outer loop
      vertex -12.6 -8 1.5999999999999996
      vertex -8.819746465479291 -7.080776363189305 1.5999999999999996
      vertex -8.721365743989963 -6.9166380456117755 1.5999999999999996
    endloop
  endfacet
  facet normal 0 0 1
    outer loop
      vertex -12.6 -8 1.5999999999999996
      vertex -8.901565088397009 -7.253767306888075 1.5999999999999996
      vertex -8.819746465479291 -7.080776363189305 1.5999999999999996
    endloop
  endfacet
  facet normal 0 0 1
    outer loop
      vertex -12.6 -8 1.5999999999999996
      vertex -8.966033654677807 -7.433944879353798 1.5999999999999996
      vertex -8.901565088397009 -7.253767306888075 1.5999999999999996
    endloop
  endfacet
  facet normal 0 0 1
    outer loop
      vertex -12.6 -8 1.5999999999999996
      vertex -9.0125312967863 -7.61957387206855 1.5999999999999996
      vertex -8.966033654677807 -7.433944879353798 1.5999999999999996
    endloop
  endfacet
  facet normal -0.9415440651830207 0.3368898533922202 4.9809974256800355e-18
    outer loop
      vertex -12.181337428812077 -5.895241121992006 1.5999999999999996
      vertex -12.363171846527148 -6.403434275100457 0
      vertex -12.363171846527148 -6.403434275100457 1.5999999999999996
    endloop
  endfacet
  facet normal -0.9700312531945435 0.24298017990326545 5.533368017807288e-18
    outer loop
      vertex -12.363171846527148 -6.403434275100457 1.5999999999999996
      vertex -12.494319042217768 -6.927003228911294 0
      vertex -12.494319042217768 -6.927003228911294 1.5999999999999996
    endloop
  endfacet
  facet normal -0.9891765099647811 0.14673047445536055 -3.635637996995521e-18
    outer loop
      vertex -12.494319042217768 -6.927003228911294 1.5999999999999996
      vertex -12.573515996697083 -7.4609057281874165 0
      vertex -12.573515996697083 -7.4609057281874165 1.5999999999999996
    endloop
  endfacet
  facet normal -0.9987954562051724 0.04906767432741777 0
    outer loop
      vertex -12.573515996697083 -7.4609057281874165 1.5999999999999996
      vertex -12.573515996697083 -7.4609057281874165 0
      vertex -12.6 -8 1.5999999999999996
    endloop
  endfacet
  facet normal 0 0 1
    outer loop
      vertex -12.6 -8 1.5999999999999996
      vertex -12.573515996697083 -8.539094271812584 1.5999999999999996
      vertex -12.494319042217768 -9.072996771088706 1.5999999999999996
    endloop
  endfacet
  facet normal 0 0 1
    outer loop
      vertex -12.6 -8 1.5999999999999996
      vertex -12.494319042217768 -9.072996771088706 1.5999999999999996
      vertex -12.363171846527148 -9.596565724899543 1.5999999999999996
    endloop
  endfacet
  facet normal 0 0 1
    outer loop
      vertex -12.6 -8 1.5999999999999996
      vertex -12.363171846527148 -9.596565724899543 1.5999999999999996
      vertex -11.673082867663998 -11.055636281607812 1.5999999999999996
    endloop
  endfacet
  facet normal 0 0 1
    outer loop
      vertex -12.6 -8 1.5999999999999996
      vertex -9.040610217010784 -7.808866576357357 1.5999999999999996
      vertex -9.0125312967863 -7.61957387206855 1.5999999999999996
    endloop
  endfacet
  facet normal 0 0 1
    outer loop
      vertex -12.6 -8 1.5999999999999996
      vertex -9.049999999999999 -8 1.5999999999999996
      vertex -9.040610217010784 -7.808866576357357 1.5999999999999996
    endloop
  endfacet
  facet normal 0 0 1
    outer loop
      vertex -12.6 -8 1.5999999999999996
      vertex -9.040610217010784 -8.191133423642643 1.5999999999999996
      vertex -9.049999999999999 -8 1.5999999999999996
    endloop
  endfacet
  facet normal 0 0 1
    outer loop
      vertex -12.6 -8 1.5999999999999996
      vertex -9.0125312967863 -8.38042612793145 1.5999999999999996
      vertex -9.040610217010784 -8.191133423642643 1.5999999999999996
    endloop
  endfacet
  facet normal 0 0 1
    outer loop
      vertex -12.6 -8 1.5999999999999996
      vertex -8.966033654677807 -8.566055120646201 1.5999999999999996
      vertex -9.0125312967863 -8.38042612793145 1.5999999999999996
    endloop
  endfacet
  facet normal 0 0 1
    outer loop
      vertex -12.6 -8 1.5999999999999996
      vertex -8.901565088397009 -8.746232693111924 1.5999999999999996
      vertex -8.966033654677807 -8.566055120646201 1.5999999999999996
    endloop
  endfacet
  facet normal 0 0 1
    outer loop
      vertex -12.6 -8 1.5999999999999996
      vertex -8.819746465479291 -8.919223636810695 1.5999999999999996
      vertex -8.901565088397009 -8.746232693111924 1.5999999999999996
    endloop
  endfacet
  facet normal 0 0 1
    outer loop
      vertex -12.6 -8 1.5999999999999996
      vertex -8.721365743989963 -9.083361954388224 1.5999999999999996
      vertex -8.819746465479291 -8.919223636810695 1.5999999999999996
    endloop
  endfacet
  facet normal 0 0 1
    outer loop
      vertex -12.6 -8 1.5999999999999996
      vertex -8.607370384057337 -9.237066904119109 1.5999999999999996
      vertex -8.721365743989963 -9.083361954388224 1.5999999999999996
    endloop
  endfacet
  facet normal -0.9987954562051724 -0.04906767432741777 -3.1411152463465004e-19
    outer loop
      vertex -12.6 -8 1.5999999999999996
      vertex -12.573515996697083 -8.539094271812584 0
      vertex -12.573515996697083 -8.539094271812584 1.5999999999999996
    endloop
  endfacet
  facet normal -0.9891765099647811 -0.14673047445536055 0
    outer loop
      vertex -12.573515996697083 -8.539094271812584 1.5999999999999996
      vertex -12.573515996697083 -8.539094271812584 0
      vertex -12.494319042217768 -9.072996771088706 1.5999999999999996
    endloop
  endfacet
  facet normal -0.9700312531945435 -0.24298017990326545 0
    outer loop
      vertex -12.494319042217768 -9.072996771088706 1.5999999999999996
      vertex -12.494319042217768 -9.072996771088706 0
      vertex -12.363171846527148 -9.596565724899543 1.5999999999999996
    endloop
  endfacet
  facet normal 0 0 1
    outer loop
      vertex -2.100000001490116 -2.5 1.5999999999999996
      vertex -5.233966345322193 -7.433944879353798 1.5999999999999996
      vertex -5.187468703213701 -7.61957387206855 1.5999999999999996
    endloop
  endfacet
  facet normal 0 0 1
    outer loop
      vertex -2.100000001490116 -2.5 1.5999999999999996
      vertex -5.187468703213701 -7.61957387206855 1.5999999999999996
      vertex -5.159389782989216 -7.808866576357357 1.5999999999999996
    endloop
  endfacet
  facet normal 0 0 1
    outer loop
      vertex -2.100000001490116 -2.5 1.5999999999999996
      vertex -5.159389782989216 -7.808866576357357 1.5999999999999996
      vertex -5.1499999999999995 -8 1.5999999999999996
    endloop
  endfacet
  facet normal 0 0 1
    outer loop
      vertex -2.100000001490116 -2.5 1.5999999999999996
      vertex -5.1499999999999995 -8 1.5999999999999996
      vertex -5.159389782989216 -8.191133423642643 1.5999999999999996
    endloop
  endfacet
  facet normal 0 0 1
    outer loop
      vertex -2.100000001490116 -2.5 1.5999999999999996
      vertex -5.159389782989216 -8.191133423642643 1.5999999999999996
      vertex -5.187468703213701 -8.38042612793145 1.5999999999999996
    endloop
  endfacet
  facet normal 0 0 1
    outer loop
      vertex -2.100000001490116 -2.5 1.5999999999999996
      vertex -5.187468703213701 -8.38042612793145 1.5999999999999996
      vertex -5.233966345322193 -8.566055120646201 1.5999999999999996
    endloop
  endfacet
  facet normal 0 0 1
    outer loop
      vertex -2.100000001490116 -2.5 1.5999999999999996
      vertex -5.233966345322193 -8.566055120646201 1.5999999999999996
      vertex -5.298434911602991 -8.746232693111924 1.5999999999999996
    endloop
  endfacet
  facet normal 0 0 1
    outer loop
      vertex -2.100000001490116 -2.5 1.5999999999999996
      vertex -5.298434911602991 -8.746232693111924 1.5999999999999996
      vertex -5.380253534520707 -8.919223636810695 1.5999999999999996
    endloop
  endfacet
  facet normal 0 0 1
    outer loop
      vertex -2.100000001490116 -2.5 1.5999999999999996
      vertex -5.380253534520707 -8.919223636810695 1.5999999999999996
      vertex -7.639094271812583 -13.473515996697083 1.5999999999999996
    endloop
  endfacet
  facet normal -0.9415440651830207 0.3368898533922202 0
    outer loop
      vertex -12.181337428812077 -5.895241121992006 1.5999999999999996
      vertex -12.181337428812077 -5.895241121992006 0
      vertex -12.363171846527148 -6.403434275100457 0
    endloop
  endfacet
  facet normal -0.9700312531945435 0.24298017990326545 0
    outer loop
      vertex -12.363171846527148 -6.403434275100457 1.5999999999999996
      vertex -12.363171846527148 -6.403434275100457 0
      vertex -12.494319042217768 -6.927003228911294 0
    endloop
  endfacet
  facet normal -0.9891765099647811 0.14673047445536055 0
    outer loop
      vertex -12.494319042217768 -6.927003228911294 1.5999999999999996
      vertex -12.494319042217768 -6.927003228911294 0
      vertex -12.573515996697083 -7.4609057281874165 0
    endloop
  endfacet
  facet normal 0 0 -1
    outer loop
      vertex -11.950566953915953 -5.407317947457013 0
      vertex -12.363171846527148 -6.403434275100457 0
      vertex -12.181337428812077 -5.895241121992006 0
    endloop
  endfacet
  facet normal 0 0 -1
    outer loop
      vertex -11.950566953915953 -5.407317947457013 0
      vertex -12.494319042217768 -6.927003228911294 0
      vertex -12.363171846527148 -6.403434275100457 0
    endloop
  endfacet
  facet normal 0 0 -1
    outer loop
      vertex -11.351557493495054 -4.51083693709995 0
      vertex -12.494319042217768 -9.072996771088706 0
      vertex -12.494319042217768 -6.927003228911294 0
    endloop
  endfacet
  facet normal 0 0 -1
    outer loop
      vertex -12.494319042217768 -6.927003228911294 0
      vertex -12.6 -8 0
      vertex -12.573515996697083 -7.4609057281874165 0
    endloop
  endfacet
  facet normal 0 0 -1
    outer loop
      vertex -11.351557493495054 -4.51083693709995 0
      vertex -8.337066904119109 -6.492629615942663 0
      vertex -8.478858223313768 -6.621141776686232 0
    endloop
  endfacet
  facet normal 0 0 -1
    outer loop
      vertex -11.351557493495054 -4.51083693709995 0
      vertex -8.478858223313768 -6.621141776686232 0
      vertex -8.607370384057337 -6.762933095880891 0
    endloop
  endfacet
  facet normal 0 0 -1
    outer loop
      vertex -11.351557493495054 -4.51083693709995 0
      vertex -8.721365743989963 -6.9166380456117755 0
      vertex -8.819746465479291 -7.080776363189305 0
    endloop
  endfacet
  facet normal 0 0 -1
    outer loop
      vertex -11.351557493495054 -4.51083693709995 0
      vertex -8.819746465479291 -7.080776363189305 0
      vertex -8.901565088397009 -7.253767306888075 0
    endloop
  endfacet
  facet normal 0 0 -1
    outer loop
      vertex -11.351557493495054 -4.51083693709995 0
      vertex -8.607370384057337 -6.762933095880891 0
      vertex -8.721365743989963 -6.9166380456117755 0
    endloop
  endfacet
  facet normal 0 0 -1
    outer loop
      vertex -11.351557493495054 -4.51083693709995 0
      vertex -8.901565088397009 -7.253767306888075 0
      vertex -8.966033654677807 -7.433944879353798 0
    endloop
  endfacet
  facet normal 0 0 -1
    outer loop
      vertex -11.351557493495054 -4.51083693709995 0
      vertex -8.966033654677807 -7.433944879353798 0
      vertex -9.0125312967863 -7.61957387206855 0
    endloop
  endfacet
  facet normal 0 0 -1
    outer loop
      vertex -11.351557493495054 -4.51083693709995 0
      vertex -9.0125312967863 -7.61957387206855 0
      vertex -9.040610217010784 -7.808866576357357 0
    endloop
  endfacet
  facet normal 0 0 -1
    outer loop
      vertex -11.351557493495054 -4.51083693709995 0
      vertex -9.040610217010784 -7.808866576357357 0
      vertex -9.049999999999999 -8 0
    endloop
  endfacet
  facet normal 0 0 -1
    outer loop
      vertex -11.351557493495054 -4.51083693709995 0
      vertex -9.049999999999999 -8 0
      vertex -9.040610217010784 -8.191133423642643 0
    endloop
  endfacet
  facet normal 0 0 -1
    outer loop
      vertex -11.351557493495054 -4.51083693709995 0
      vertex -9.040610217010784 -8.191133423642643 0
      vertex -9.0125312967863 -8.38042612793145 0
    endloop
  endfacet
  facet normal 0 0 -1
    outer loop
      vertex -11.351557493495054 -4.51083693709995 0
      vertex -9.0125312967863 -8.38042612793145 0
      vertex -8.966033654677807 -8.566055120646201 0
    endloop
  endfacet
  facet normal 0 0 -1
    outer loop
      vertex -11.351557493495054 -4.51083693709995 0
      vertex -8.966033654677807 -8.566055120646201 0
      vertex -8.901565088397009 -8.746232693111924 0
    endloop
  endfacet
  facet normal 0 0 -1
    outer loop
      vertex -11.351557493495054 -4.51083693709995 0
      vertex -8.901565088397009 -8.746232693111924 0
      vertex -8.819746465479291 -8.919223636810695 0
    endloop
  endfacet
  facet normal -0.9987954562051724 0.04906767432741777 0
    outer loop
      vertex -12.6 -8 1.5999999999999996
      vertex -12.573515996697083 -7.4609057281874165 0
      vertex -12.6 -8 0
    endloop
  endfacet
  facet normal -0.9987954562051724 -0.04906767432741777 0
    outer loop
      vertex -12.6 -8 1.5999999999999996
      vertex -12.6 -8 0
      vertex -12.573515996697083 -8.539094271812584 0
    endloop
  endfacet
  facet normal -0.9891765099647811 -0.14673047445536055 0
    outer loop
      vertex -12.494319042217768 -9.072996771088706 1.5999999999999996
      vertex -12.573515996697083 -8.539094271812584 0
      vertex -12.494319042217768 -9.072996771088706 0
    endloop
  endfacet
  facet normal -0.9700312531945435 -0.24298017990326545 0
    outer loop
      vertex -12.363171846527148 -9.596565724899543 1.5999999999999996
      vertex -12.494319042217768 -9.072996771088706 0
      vertex -12.363171846527148 -9.596565724899543 0
    endloop
  endfacet
  facet normal 0 0 -1
    outer loop
      vertex -12.494319042217768 -6.927003228911294 0
      vertex -12.494319042217768 -9.072996771088706 0
      vertex -12.6 -8 0
    endloop
  endfacet
  facet normal 0 0 -1
    outer loop
      vertex -12.6 -8 0
      vertex -12.494319042217768 -9.072996771088706 0
      vertex -12.573515996697083 -8.539094271812584 0
    endloop
  endfacet
  facet normal 0 0 -1
    outer loop
      vertex -12.494319042217768 -9.072996771088706 0
      vertex -12.181337428812077 -10.104758878007994 0
      vertex -12.363171846527148 -9.596565724899543 0
    endloop
  endfacet
  facet normal 0 0 -1
    outer loop
      vertex -11.351557493495054 -4.51083693709995 0
      vertex -9.692682052542986 -12.850566953915953 0
      vertex -12.494319042217768 -9.072996771088706 0
    endloop
  endfacet
  facet normal 0 0 -1
    outer loop
      vertex -11.351557493495054 -4.51083693709995 0
      vertex -8.819746465479291 -8.919223636810695 0
      vertex -9.692682052542986 -12.850566953915953 0
    endloop
  endfacet
  facet normal 0 0 -1
    outer loop
      vertex -7.639094271812583 -2.526484003302917 0
      vertex -7.1 -2.5 0
      vertex -2.100000001490116 -13.5 0
    endloop
  endfacet
  facet normal 0 0 -1
    outer loop
      vertex -7.1 -2.5 0
      vertex -2.100000001490116 -2.5 0
      vertex -2.100000001490116 -13.5 0
    endloop
  endfacet
  facet normal 0 0 -1
    outer loop
      vertex -7.639094271812583 -2.526484003302917 0
      vertex -2.100000001490116 -13.5 0
      vertex -5.380253534520707 -7.080776363189305 0
    endloop
  endfacet
  facet normal 0 0 -1
    outer loop
      vertex -2.100000001490116 -13.5 0
      vertex -5.298434911602991 -7.253767306888075 0
      vertex -5.380253534520707 -7.080776363189305 0
    endloop
  endfacet
  facet normal 0 0 -1
    outer loop
      vertex -2.100000001490116 -13.5 0
      vertex -5.233966345322193 -7.433944879353798 0
      vertex -5.298434911602991 -7.253767306888075 0
    endloop
  endfacet
  facet normal 0 0 -1
    outer loop
      vertex -2.100000001490116 -13.5 0
      vertex -5.187468703213701 -7.61957387206855 0
      vertex -5.233966345322193 -7.433944879353798 0
    endloop
  endfacet
  facet normal 0 0 -1
    outer loop
      vertex -2.100000001490116 -13.5 0
      vertex -5.159389782989216 -7.808866576357357 0
      vertex -5.187468703213701 -7.61957387206855 0
    endloop
  endfacet
  facet normal 0 0 1
    outer loop
      vertex -12.363171846527148 -9.596565724899543 1.5999999999999996
      vertex -12.181337428812077 -10.104758878007994 1.5999999999999996
      vertex -11.950566953915953 -10.592682052542987 1.5999999999999996
    endloop
  endfacet
  facet normal 0 0 1
    outer loop
      vertex -12.363171846527148 -9.596565724899543 1.5999999999999996
      vertex -11.950566953915953 -10.592682052542987 1.5999999999999996
      vertex -11.673082867663998 -11.055636281607812 1.5999999999999996
    endloop
  endfacet
  facet normal 0 0 1
    outer loop
      vertex -12.6 -8 1.5999999999999996
      vertex -11.673082867663998 -11.055636281607812 1.5999999999999996
      vertex -9.692682052542986 -12.850566953915953 1.5999999999999996
    endloop
  endfacet
  facet normal 0 0 1
    outer loop
      vertex -11.673082867663998 -11.055636281607812 1.5999999999999996
      vertex -11.351557493495054 -11.489163062900051 1.5999999999999996
      vertex -10.989087296526012 -11.88908729652601 1.5999999999999996
    endloop
  endfacet
  facet normal 0 0 1
    outer loop
      vertex -12.6 -8 1.5999999999999996
      vertex -9.692682052542986 -12.850566953915953 1.5999999999999996
      vertex -8.607370384057337 -9.237066904119109 1.5999999999999996
    endloop
  endfacet
  facet normal 0 0 1
    outer loop
      vertex -9.692682052542986 -12.850566953915953 1.5999999999999996
      vertex -8.478858223313768 -9.378858223313769 1.5999999999999996
      vertex -8.607370384057337 -9.237066904119109 1.5999999999999996
    endloop
  endfacet
  facet normal 0 0 1
    outer loop
      vertex -9.692682052542986 -12.850566953915953 1.5999999999999996
      vertex -8.337066904119109 -9.507370384057337 1.5999999999999996
      vertex -8.478858223313768 -9.378858223313769 1.5999999999999996
    endloop
  endfacet
  facet normal 0 0 1
    outer loop
      vertex -9.692682052542986 -12.850566953915953 1.5999999999999996
      vertex -8.183361954388223 -9.621365743989964 1.5999999999999996
      vertex -8.337066904119109 -9.507370384057337 1.5999999999999996
    endloop
  endfacet
  facet normal 0 0 1
    outer loop
      vertex -9.692682052542986 -12.850566953915953 1.5999999999999996
      vertex -8.019223636810695 -9.719746465479293 1.5999999999999996
      vertex -8.183361954388223 -9.621365743989964 1.5999999999999996
    endloop
  endfacet
  facet normal 0 0 1
    outer loop
      vertex -9.692682052542986 -12.850566953915953 1.5999999999999996
      vertex -7.846232693111925 -9.801565088397009 1.5999999999999996
      vertex -8.019223636810695 -9.719746465479293 1.5999999999999996
    endloop
  endfacet
  facet normal 0 0 1
    outer loop
      vertex -9.692682052542986 -12.850566953915953 1.5999999999999996
      vertex -7.6660551206462015 -9.866033654677807 1.5999999999999996
      vertex -7.846232693111925 -9.801565088397009 1.5999999999999996
    endloop
  endfacet
  facet normal -0.9415440651830207 -0.3368898533922202 -4.9809974256800355e-18
    outer loop
      vertex -12.363171846527148 -9.596565724899543 1.5999999999999996
      vertex -12.181337428812077 -10.104758878007994 0
      vertex -12.181337428812077 -10.104758878007994 1.5999999999999996
    endloop
  endfacet
  facet normal -0.9039892931234436 -0.4275550934302814 0
    outer loop
      vertex -12.181337428812077 -10.104758878007994 1.5999999999999996
      vertex -12.181337428812077 -10.104758878007994 0
      vertex -11.950566953915953 -10.592682052542987 1.5999999999999996
    endloop
  endfacet
  facet normal -0.8577286100002719 -0.514102744193222 0
    outer loop
      vertex -11.950566953915953 -10.592682052542987 1.5999999999999996
      vertex -11.950566953915953 -10.592682052542987 0
      vertex -11.673082867663998 -11.055636281607812 1.5999999999999996
    endloop
  endfacet
  facet normal -0.8032075314806465 -0.5956993044924311 1.0370447511095137e-17
    outer loop
      vertex -11.673082867663998 -11.055636281607812 1.5999999999999996
      vertex -11.351557493495054 -11.489163062900051 0
      vertex -11.351557493495054 -11.489163062900051 1.5999999999999996
    endloop
  endfacet
  facet normal -0.740951125354958 -0.6715589548470197 0
    outer loop
      vertex -11.351557493495054 -11.489163062900051 1.5999999999999996
      vertex -11.351557493495054 -11.489163062900051 0
      vertex -10.989087296526012 -11.88908729652601 1.5999999999999996
    endloop
  endfacet
  facet normal 0 0 1
    outer loop
      vertex -11.673082867663998 -11.055636281607812 1.5999999999999996
      vertex -10.989087296526012 -11.88908729652601 1.5999999999999996
      vertex -9.692682052542986 -12.850566953915953 1.5999999999999996
    endloop
  endfacet
  facet normal 0 0 1
    outer loop
      vertex -10.989087296526012 -11.88908729652601 1.5999999999999996
      vertex -10.589163062900049 -12.251557493495053 1.5999999999999996
      vertex -9.692682052542986 -12.850566953915953 1.5999999999999996
    endloop
  endfacet
  facet normal 0 0 1
    outer loop
      vertex -10.589163062900049 -12.251557493495053 1.5999999999999996
      vertex -10.155636281607812 -12.573082867663999 1.5999999999999996
      vertex -9.692682052542986 -12.850566953915953 1.5999999999999996
    endloop
  endfacet
  facet normal 0 0 1
    outer loop
      vertex -9.692682052542986 -12.850566953915953 1.5999999999999996
      vertex -7.639094271812583 -13.473515996697083 1.5999999999999996
      vertex -7.6660551206462015 -9.866033654677807 1.5999999999999996
    endloop
  endfacet
  facet normal 0 0 1
    outer loop
      vertex -9.692682052542986 -12.850566953915953 1.5999999999999996
      vertex -9.204758878007993 -13.081337428812077 1.5999999999999996
      vertex -8.696565724899543 -13.263171846527149 1.5999999999999996
    endloop
  endfacet
  facet normal 0 0 1
    outer loop
      vertex -9.692682052542986 -12.850566953915953 1.5999999999999996
      vertex -8.696565724899543 -13.263171846527149 1.5999999999999996
      vertex -7.639094271812583 -13.473515996697083 1.5999999999999996
    endloop
  endfacet
  facet normal -0.6715589548470164 -0.740951125354961 -4.200880433533402e-18
    outer loop
      vertex -10.989087296526012 -11.88908729652601 1.5999999999999996
      vertex -10.589163062900049 -12.251557493495053 0
      vertex -10.589163062900049 -12.251557493495053 1.5999999999999996
    endloop
  endfacet
  facet normal -0.5956993044924349 -0.8032075314806437 4.968080084534113e-18
    outer loop
      vertex -10.589163062900049 -12.251557493495053 1.5999999999999996
      vertex -10.155636281607812 -12.573082867663999 0
      vertex -10.155636281607812 -12.573082867663999 1.5999999999999996
    endloop
  endfacet
  facet normal -0.514102744193222 -0.8577286100002719 0
    outer loop
      vertex -10.155636281607812 -12.573082867663999 1.5999999999999996
      vertex -10.155636281607812 -12.573082867663999 0
      vertex -9.692682052542986 -12.850566953915953 1.5999999999999996
    endloop
  endfacet
  facet normal -0.4275550934302814 -0.9039892931234436 -6.872977172292647e-19
    outer loop
      vertex -9.692682052542986 -12.850566953915953 1.5999999999999996
      vertex -9.204758878007993 -13.081337428812077 0
      vertex -9.204758878007993 -13.081337428812077 1.5999999999999996
    endloop
  endfacet
  facet normal -0.3368898533922202 -0.9415440651830207 0
    outer loop
      vertex -9.204758878007993 -13.081337428812077 1.5999999999999996
      vertex -9.204758878007993 -13.081337428812077 0
      vertex -8.696565724899543 -13.263171846527149 1.5999999999999996
    endloop
  endfacet
  facet normal -0.2429801799032624 -0.9700312531945444 -5.262975137942088e-18
    outer loop
      vertex -8.696565724899543 -13.263171846527149 1.5999999999999996
      vertex -8.172996771088705 -13.394319042217766 0
      vertex -8.172996771088705 -13.394319042217766 1.5999999999999996
    endloop
  endfacet
  facet normal 0 0 1
    outer loop
      vertex -7.639094271812583 -13.473515996697083 1.5999999999999996
      vertex -5.380253534520707 -8.919223636810695 1.5999999999999996
      vertex -5.478634256010037 -9.083361954388224 1.5999999999999996
    endloop
  endfacet
  facet normal 0 0 1
    outer loop
      vertex -7.639094271812583 -13.473515996697083 1.5999999999999996
      vertex -5.592629615942663 -9.237066904119109 1.5999999999999996
      vertex -5.721141776686232 -9.378858223313769 1.5999999999999996
    endloop
  endfacet
  facet normal 0 0 1
    outer loop
      vertex -7.639094271812583 -13.473515996697083 1.5999999999999996
      vertex -5.478634256010037 -9.083361954388224 1.5999999999999996
      vertex -5.592629615942663 -9.237066904119109 1.5999999999999996
    endloop
  endfacet
  facet normal 0 0 1
    outer loop
      vertex -7.639094271812583 -13.473515996697083 1.5999999999999996
      vertex -7.48042612793145 -9.9125312967863 1.5999999999999996
      vertex -7.6660551206462015 -9.866033654677807 1.5999999999999996
    endloop
  endfacet
  facet normal 0 0 1
    outer loop
      vertex -7.639094271812583 -13.473515996697083 1.5999999999999996
      vertex -7.291133423642643 -9.940610217010784 1.5999999999999996
      vertex -7.48042612793145 -9.9125312967863 1.5999999999999996
    endloop
  endfacet
  facet normal 0 0 1
    outer loop
      vertex -7.639094271812583 -13.473515996697083 1.5999999999999996
      vertex -6.719573872068549 -9.9125312967863 1.5999999999999996
      vertex -6.908866576357356 -9.940610217010784 1.5999999999999996
    endloop
  endfacet
  facet normal 0 0 1
    outer loop
      vertex -7.639094271812583 -13.473515996697083 1.5999999999999996
      vertex -7.1 -9.95 1.5999999999999996
      vertex -7.291133423642643 -9.940610217010784 1.5999999999999996
    endloop
  endfacet
  facet normal 0 0 1
    outer loop
      vertex -7.639094271812583 -13.473515996697083 1.5999999999999996
      vertex -6.908866576357356 -9.940610217010784 1.5999999999999996
      vertex -7.1 -9.95 1.5999999999999996
    endloop
  endfacet
  facet normal 0 0 1
    outer loop
      vertex -7.639094271812583 -13.473515996697083 1.5999999999999996
      vertex -6.016638045611775 -9.621365743989964 1.5999999999999996
      vertex -6.180776363189304 -9.719746465479293 1.5999999999999996
    endloop
  endfacet
  facet normal 0 0 1
    outer loop
      vertex -7.639094271812583 -13.473515996697083 1.5999999999999996
      vertex -6.533944879353798 -9.866033654677807 1.5999999999999996
      vertex -6.719573872068549 -9.9125312967863 1.5999999999999996
    endloop
  endfacet
  facet normal 0 0 1
    outer loop
      vertex -7.639094271812583 -13.473515996697083 1.5999999999999996
      vertex -6.3537673068880745 -9.801565088397009 1.5999999999999996
      vertex -6.533944879353798 -9.866033654677807 1.5999999999999996
    endloop
  endfacet
  facet normal 0 0 1
    outer loop
      vertex -7.639094271812583 -13.473515996697083 1.5999999999999996
      vertex -6.180776363189304 -9.719746465479293 1.5999999999999996
      vertex -6.3537673068880745 -9.801565088397009 1.5999999999999996
    endloop
  endfacet
  facet normal 0 0 1
    outer loop
      vertex -7.639094271812583 -13.473515996697083 1.5999999999999996
      vertex -5.721141776686232 -9.378858223313769 1.5999999999999996
      vertex -5.862933095880891 -9.507370384057337 1.5999999999999996
    endloop
  endfacet
  facet normal 0 0 1
    outer loop
      vertex -7.639094271812583 -13.473515996697083 1.5999999999999996
      vertex -5.862933095880891 -9.507370384057337 1.5999999999999996
      vertex -6.016638045611775 -9.621365743989964 1.5999999999999996
    endloop
  endfacet
  facet normal 0 0 1
    outer loop
      vertex -2.100000001490116 -2.5 1.5999999999999996
      vertex -7.639094271812583 -13.473515996697083 1.5999999999999996
      vertex -7.1 -13.5 1.5999999999999996
    endloop
  endfacet
  facet normal 0 0 1
    outer loop
      vertex -2.100000001490116 -2.5 1.5999999999999996
      vertex -7.1 -13.5 1.5999999999999996
      vertex -2.100000001490116 -13.5 1.5999999999999996
    endloop
  endfacet
  facet normal 0 0 1
    outer loop
      vertex -8.696565724899543 -13.263171846527149 1.5999999999999996
      vertex -8.172996771088705 -13.394319042217766 1.5999999999999996
      vertex -7.639094271812583 -13.473515996697083 1.5999999999999996
    endloop
  endfacet
  facet normal -0.14673047445536377 -0.9891765099647806 0
    outer loop
      vertex -8.172996771088705 -13.394319042217766 1.5999999999999996
      vertex -8.172996771088705 -13.394319042217766 0
      vertex -7.639094271812583 -13.473515996697083 1.5999999999999996
    endloop
  endfacet
  facet normal -0.04906767432741777 -0.9987954562051724 -3.1411152463465004e-19
    outer loop
      vertex -7.639094271812583 -13.473515996697083 1.5999999999999996
      vertex -7.1 -13.5 0
      vertex -7.1 -13.5 1.5999999999999996
    endloop
  endfacet
  facet normal 0 -1 0
    outer loop
      vertex -7.1 -13.5 1.5999999999999996
      vertex -7.1 -13.5 0
      vertex -2.100000001490116 -13.5 1.5999999999999996
    endloop
  endfacet
  facet normal -0.9415440651830207 -0.3368898533922202 0
    outer loop
      vertex -12.363171846527148 -9.596565724899543 1.5999999999999996
      vertex -12.363171846527148 -9.596565724899543 0
      vertex -12.181337428812077 -10.104758878007994 0
    endloop
  endfacet
  facet normal -0.9039892931234436 -0.4275550934302814 0
    outer loop
      vertex -11.950566953915953 -10.592682052542987 1.5999999999999996
      vertex -12.181337428812077 -10.104758878007994 0
      vertex -11.950566953915953 -10.592682052542987 0
    endloop
  endfacet
  facet normal -0.8577286100002719 -0.514102744193222 0
    outer loop
      vertex -11.673082867663998 -11.055636281607812 1.5999999999999996
      vertex -11.950566953915953 -10.592682052542987 0
      vertex -11.673082867663998 -11.055636281607812 0
    endloop
  endfacet
  facet normal -0.8032075314806465 -0.5956993044924311 0
    outer loop
      vertex -11.673082867663998 -11.055636281607812 1.5999999999999996
      vertex -11.673082867663998 -11.055636281607812 0
      vertex -11.351557493495054 -11.489163062900051 0
    endloop
  endfacet
  facet normal 0 0 -1
    outer loop
      vertex -12.494319042217768 -9.072996771088706 0
      vertex -11.950566953915953 -10.592682052542987 0
      vertex -12.181337428812077 -10.104758878007994 0
    endloop
  endfacet
  facet normal 0 0 -1
    outer loop
      vertex -12.494319042217768 -9.072996771088706 0
      vertex -11.351557493495054 -11.489163062900051 0
      vertex -11.950566953915953 -10.592682052542987 0
    endloop
  endfacet
  facet normal 0 0 -1
    outer loop
      vertex -11.950566953915953 -10.592682052542987 0
      vertex -11.351557493495054 -11.489163062900051 0
      vertex -11.673082867663998 -11.055636281607812 0
    endloop
  endfacet
  facet normal 0 0 -1
    outer loop
      vertex -12.494319042217768 -9.072996771088706 0
      vertex -9.692682052542986 -12.850566953915953 0
      vertex -11.351557493495054 -11.489163062900051 0
    endloop
  endfacet
  facet normal 0 0 -1
    outer loop
      vertex -9.692682052542986 -12.850566953915953 0
      vertex -8.819746465479291 -8.919223636810695 0
      vertex -8.721365743989963 -9.083361954388224 0
    endloop
  endfacet
  facet normal 0 0 -1
    outer loop
      vertex -9.692682052542986 -12.850566953915953 0
      vertex -8.721365743989963 -9.083361954388224 0
      vertex -8.607370384057337 -9.237066904119109 0
    endloop
  endfacet
  facet normal 0 0 -1
    outer loop
      vertex -9.692682052542986 -12.850566953915953 0
      vertex -8.607370384057337 -9.237066904119109 0
      vertex -8.478858223313768 -9.378858223313769 0
    endloop
  endfacet
  facet normal 0 0 -1
    outer loop
      vertex -9.692682052542986 -12.850566953915953 0
      vertex -8.478858223313768 -9.378858223313769 0
      vertex -8.337066904119109 -9.507370384057337 0
    endloop
  endfacet
  facet normal 0 0 -1
    outer loop
      vertex -9.692682052542986 -12.850566953915953 0
      vertex -8.337066904119109 -9.507370384057337 0
      vertex -8.183361954388223 -9.621365743989964 0
    endloop
  endfacet
  facet normal 0 0 -1
    outer loop
      vertex -9.692682052542986 -12.850566953915953 0
      vertex -8.183361954388223 -9.621365743989964 0
      vertex -8.019223636810695 -9.719746465479293 0
    endloop
  endfacet
  facet normal 0 0 -1
    outer loop
      vertex -9.692682052542986 -12.850566953915953 0
      vertex -8.019223636810695 -9.719746465479293 0
      vertex -7.846232693111925 -9.801565088397009 0
    endloop
  endfacet
  facet normal 0 0 -1
    outer loop
      vertex -9.692682052542986 -12.850566953915953 0
      vertex -7.846232693111925 -9.801565088397009 0
      vertex -7.6660551206462015 -9.866033654677807 0
    endloop
  endfacet
  facet normal 0 0 -1
    outer loop
      vertex -9.692682052542986 -12.850566953915953 0
      vertex -7.6660551206462015 -9.866033654677807 0
      vertex -7.48042612793145 -9.9125312967863 0
    endloop
  endfacet
  facet normal -0.740951125354958 -0.6715589548470197 0
    outer loop
      vertex -10.989087296526012 -11.88908729652601 1.5999999999999996
      vertex -11.351557493495054 -11.489163062900051 0
      vertex -10.989087296526012 -11.88908729652601 0
    endloop
  endfacet
  facet normal -0.6715589548470164 -0.740951125354961 0
    outer loop
      vertex -10.989087296526012 -11.88908729652601 1.5999999999999996
      vertex -10.989087296526012 -11.88908729652601 0
      vertex -10.589163062900049 -12.251557493495053 0
    endloop
  endfacet
  facet normal -0.5956993044924349 -0.8032075314806437 0
    outer loop
      vertex -10.589163062900049 -12.251557493495053 1.5999999999999996
      vertex -10.589163062900049 -12.251557493495053 0
      vertex -10.155636281607812 -12.573082867663999 0
    endloop
  endfacet
  facet normal -0.514102744193222 -0.8577286100002719 0
    outer loop
      vertex -9.692682052542986 -12.850566953915953 1.5999999999999996
      vertex -10.155636281607812 -12.573082867663999 0
      vertex -9.692682052542986 -12.850566953915953 0
    endloop
  endfacet
  facet normal -0.4275550934302814 -0.9039892931234436 0
    outer loop
      vertex -9.692682052542986 -12.850566953915953 1.5999999999999996
      vertex -9.692682052542986 -12.850566953915953 0
      vertex -9.204758878007993 -13.081337428812077 0
    endloop
  endfacet
  facet normal -0.3368898533922202 -0.9415440651830207 0
    outer loop
      vertex -8.696565724899543 -13.263171846527149 1.5999999999999996
      vertex -9.204758878007993 -13.081337428812077 0
      vertex -8.696565724899543 -13.263171846527149 0
    endloop
  endfacet
  facet normal -0.2429801799032624 -0.9700312531945444 0
    outer loop
      vertex -8.696565724899543 -13.263171846527149 1.5999999999999996
      vertex -8.696565724899543 -13.263171846527149 0
      vertex -8.172996771088705 -13.394319042217766 0
    endloop
  endfacet
  facet normal 0 0 -1
    outer loop
      vertex -11.351557493495054 -11.489163062900051 0
      vertex -10.589163062900049 -12.251557493495053 0
      vertex -10.989087296526012 -11.88908729652601 0
    endloop
  endfacet
  facet normal 0 0 -1
    outer loop
      vertex -11.351557493495054 -11.489163062900051 0
      vertex -9.692682052542986 -12.850566953915953 0
      vertex -10.589163062900049 -12.251557493495053 0
    endloop
  endfacet
  facet normal 0 0 -1
    outer loop
      vertex -10.589163062900049 -12.251557493495053 0
      vertex -9.692682052542986 -12.850566953915953 0
      vertex -10.155636281607812 -12.573082867663999 0
    endloop
  endfacet
  facet normal 0 0 -1
    outer loop
      vertex -9.692682052542986 -12.850566953915953 0
      vertex -8.696565724899543 -13.263171846527149 0
      vertex -9.204758878007993 -13.081337428812077 0
    endloop
  endfacet
  facet normal 0 0 -1
    outer loop
      vertex -9.692682052542986 -12.850566953915953 0
      vertex -7.639094271812583 -13.473515996697083 0
      vertex -8.696565724899543 -13.263171846527149 0
    endloop
  endfacet
  facet normal 0 0 -1
    outer loop
      vertex -9.692682052542986 -12.850566953915953 0
      vertex -7.48042612793145 -9.9125312967863 0
      vertex -7.291133423642643 -9.940610217010784 0
    endloop
  endfacet
  facet normal 0 0 -1
    outer loop
      vertex -9.692682052542986 -12.850566953915953 0
      vertex -7.291133423642643 -9.940610217010784 0
      vertex -7.1 -9.95 0
    endloop
  endfacet
  facet normal 0 0 -1
    outer loop
      vertex -9.692682052542986 -12.850566953915953 0
      vertex -7.1 -9.95 0
      vertex -6.908866576357356 -9.940610217010784 0
    endloop
  endfacet
  facet normal 0 0 -1
    outer loop
      vertex -9.692682052542986 -12.850566953915953 0
      vertex -6.908866576357356 -9.940610217010784 0
      vertex -6.719573872068549 -9.9125312967863 0
    endloop
  endfacet
  facet normal 0 0 -1
    outer loop
      vertex -9.692682052542986 -12.850566953915953 0
      vertex -6.719573872068549 -9.9125312967863 0
      vertex -6.533944879353798 -9.866033654677807 0
    endloop
  endfacet
  facet normal 0 0 -1
    outer loop
      vertex -2.100000001490116 -13.5 0
      vertex -5.1499999999999995 -8 0
      vertex -5.159389782989216 -7.808866576357357 0
    endloop
  endfacet
  facet normal 0 0 -1
    outer loop
      vertex -2.100000001490116 -13.5 0
      vertex -5.159389782989216 -8.191133423642643 0
      vertex -5.1499999999999995 -8 0
    endloop
  endfacet
  facet normal 0 0 -1
    outer loop
      vertex -2.100000001490116 -13.5 0
      vertex -5.187468703213701 -8.38042612793145 0
      vertex -5.159389782989216 -8.191133423642643 0
    endloop
  endfacet
  facet normal 0 0 -1
    outer loop
      vertex -2.100000001490116 -13.5 0
      vertex -5.233966345322193 -8.566055120646201 0
      vertex -5.187468703213701 -8.38042612793145 0
    endloop
  endfacet
  facet normal 0 0 -1
    outer loop
      vertex -2.100000001490116 -13.5 0
      vertex -5.478634256010037 -9.083361954388224 0
      vertex -5.380253534520707 -8.919223636810695 0
    endloop
  endfacet
  facet normal 0 0 -1
    outer loop
      vertex -2.100000001490116 -13.5 0
      vertex -5.592629615942663 -9.237066904119109 0
      vertex -5.478634256010037 -9.083361954388224 0
    endloop
  endfacet
  facet normal 0 0 -1
    outer loop
      vertex -2.100000001490116 -13.5 0
      vertex -5.721141776686232 -9.378858223313769 0
      vertex -5.592629615942663 -9.237066904119109 0
    endloop
  endfacet
  facet normal 0 0 -1
    outer loop
      vertex -2.100000001490116 -13.5 0
      vertex -5.298434911602991 -8.746232693111924 0
      vertex -5.233966345322193 -8.566055120646201 0
    endloop
  endfacet
  facet normal 0 0 -1
    outer loop
      vertex -2.100000001490116 -13.5 0
      vertex -5.380253534520707 -8.919223636810695 0
      vertex -5.298434911602991 -8.746232693111924 0
    endloop
  endfacet
  facet normal 0 0 -1
    outer loop
      vertex -2.100000001490116 -13.5 0
      vertex -6.3537673068880745 -9.801565088397009 0
      vertex -6.180776363189304 -9.719746465479293 0
    endloop
  endfacet
  facet normal 0 0 -1
    outer loop
      vertex -2.100000001490116 -13.5 0
      vertex -6.533944879353798 -9.866033654677807 0
      vertex -6.3537673068880745 -9.801565088397009 0
    endloop
  endfacet
  facet normal 0 0 -1
    outer loop
      vertex -2.100000001490116 -13.5 0
      vertex -6.180776363189304 -9.719746465479293 0
      vertex -6.016638045611775 -9.621365743989964 0
    endloop
  endfacet
  facet normal 0 0 -1
    outer loop
      vertex -2.100000001490116 -13.5 0
      vertex -6.016638045611775 -9.621365743989964 0
      vertex -5.862933095880891 -9.507370384057337 0
    endloop
  endfacet
  facet normal 0 0 -1
    outer loop
      vertex -2.100000001490116 -13.5 0
      vertex -5.862933095880891 -9.507370384057337 0
      vertex -5.721141776686232 -9.378858223313769 0
    endloop
  endfacet
  facet normal -0.14673047445536377 -0.9891765099647806 0
    outer loop
      vertex -7.639094271812583 -13.473515996697083 1.5999999999999996
      vertex -8.172996771088705 -13.394319042217766 0
      vertex -7.639094271812583 -13.473515996697083 0
    endloop
  endfacet
  facet normal -0.04906767432741777 -0.9987954562051724 0
    outer loop
      vertex -7.639094271812583 -13.473515996697083 1.5999999999999996
      vertex -7.639094271812583 -13.473515996697083 0
      vertex -7.1 -13.5 0
    endloop
  endfacet
  facet normal 0 -1 0
    outer loop
      vertex -7.1 -13.5 0
      vertex -2.100000001490116 -13.5 0
      vertex -2.100000001490116 -13.5 1.5999999999999996
    endloop
  endfacet
  facet normal 0 0 -1
    outer loop
      vertex -9.692682052542986 -12.850566953915953 0
      vertex -6.533944879353798 -9.866033654677807 0
      vertex -2.100000001490116 -13.5 0
    endloop
  endfacet
  facet normal 0 0 -1
    outer loop
      vertex -8.696565724899543 -13.263171846527149 0
      vertex -7.639094271812583 -13.473515996697083 0
      vertex -8.172996771088705 -13.394319042217766 0
    endloop
  endfacet
  facet normal 0 0 -1
    outer loop
      vertex -9.692682052542986 -12.850566953915953 0
      vertex -2.100000001490116 -13.5 0
      vertex -7.639094271812583 -13.473515996697083 0
    endloop
  endfacet
  facet normal 0 0 -1
    outer loop
      vertex -7.639094271812583 -13.473515996697083 0
      vertex -2.100000001490116 -13.5 0
      vertex -7.1 -13.5 0
    endloop
  endfacet
  facet normal 0 0 1
    outer loop
      vertex 43.59000000357628 -18.52 1.5999999999999996
      vertex 43.59000000357628 -18.55458660985357 1.5999999999999996
      vertex 52.589999999999996 -18.52 1.5999999999999996
    endloop
  endfacet
  facet normal 0 0 1
    outer loop
      vertex 43.59000000357628 -18.55458660985357 1.5999999999999996
      vertex 42.589999999999996 -26.906435554015342 1.5999999999999996
      vertex 54.69475887800799 -18.938662571187923 1.5999999999999996
    endloop
  endfacet
  facet normal 0 1 0
    outer loop
      vertex 43.59000000357628 -18.52 1.5999999999999996
      vertex 52.589999999999996 -18.52 0
      vertex 43.59000000357628 -18.52 0
    endloop
  endfacet
  facet normal 0 0 -1
    outer loop
      vertex 43.59000000357628 -18.52 0
      vertex 54.69475887800799 -18.938662571187923 0
      vertex 43.59000000357628 -18.910285846778404 0
    endloop
  endfacet
  facet normal 0 0 -1
    outer loop
      vertex 43.59000000357628 -18.910285846778404 0
      vertex 52.02394487935379 -22.153966345322193 0
      vertex 51.84376730688807 -22.21843491160299 0
    endloop
  endfacet
  facet normal 0 0 -1
    outer loop
      vertex 43.59000000357628 -18.910285846778404 0
      vertex 51.211141776686226 -22.641141776686233 0
      vertex 51.08262961594266 -22.782933095880892 0
    endloop
  endfacet
  facet normal 0 0 -1
    outer loop
      vertex 43.59000000357628 -18.910285846778404 0
      vertex 51.08262961594266 -22.782933095880892 0
      vertex 50.968634256010034 -22.936638045611776 0
    endloop
  endfacet
  facet normal 0 0 -1
    outer loop
      vertex 43.59000000357628 -18.910285846778404 0
      vertex 51.670776363189304 -22.300253534520706 0
      vertex 51.50663804561177 -22.398634256010038 0
    endloop
  endfacet
  facet normal 0 0 -1
    outer loop
      vertex 43.59000000357628 -18.910285846778404 0
      vertex 51.50663804561177 -22.398634256010038 0
      vertex 51.352933095880886 -22.51262961594266 0
    endloop
  endfacet
  facet normal 0 0 -1
    outer loop
      vertex 43.59000000357628 -18.910285846778404 0
      vertex 51.352933095880886 -22.51262961594266 0
      vertex 51.211141776686226 -22.641141776686233 0
    endloop
  endfacet
  facet normal 0 0 -1
    outer loop
      vertex 43.59000000357628 -18.910285846778404 0
      vertex 51.84376730688807 -22.21843491160299 0
      vertex 51.670776363189304 -22.300253534520706 0
    endloop
  endfacet
  facet normal 0 0 1
    outer loop
      vertex 43.59000000357628 -18.55458660985357 1.5999999999999996
      vertex 54.69475887800799 -18.938662571187923 1.5999999999999996
      vertex 52.589999999999996 -18.52 1.5999999999999996
    endloop
  endfacet
  facet normal 0 0 1
    outer loop
      vertex 52.589999999999996 -18.52 1.5999999999999996
      vertex 53.6629967710887 -18.625680957782233 1.5999999999999996
      vertex 53.129094271812576 -18.546484003302915 1.5999999999999996
    endloop
  endfacet
  facet normal 0 0 1
    outer loop
      vertex 52.589999999999996 -18.52 1.5999999999999996
      vertex 54.69475887800799 -18.938662571187923 1.5999999999999996
      vertex 53.6629967710887 -18.625680957782233 1.5999999999999996
    endloop
  endfacet
  facet normal 0 1 0
    outer loop
      vertex 43.59000000357628 -18.52 1.5999999999999996
      vertex 52.589999999999996 -18.52 1.5999999999999996
      vertex 52.589999999999996 -18.52 0
    endloop
  endfacet
  facet normal 0.0490676743274148 0.9987954562051725 0
    outer loop
      vertex 52.589999999999996 -18.52 1.5999999999999996
      vertex 53.129094271812576 -18.546484003302915 1.5999999999999996
      vertex 52.589999999999996 -18.52 0
    endloop
  endfacet
  facet normal 0.14673047445536652 0.9891765099647802 -1.4464551255989745e-18
    outer loop
      vertex 53.129094271812576 -18.546484003302915 1.5999999999999996
      vertex 53.6629967710887 -18.625680957782233 1.5999999999999996
      vertex 53.6629967710887 -18.625680957782233 0
    endloop
  endfacet
  facet normal 0 0 1
    outer loop
      vertex 54.69475887800799 -18.938662571187923 1.5999999999999996
      vertex 51.352933095880886 -22.51262961594266 1.5999999999999996
      vertex 51.50663804561177 -22.398634256010038 1.5999999999999996
    endloop
  endfacet
  facet normal 0 0 1
    outer loop
      vertex 54.69475887800799 -18.938662571187923 1.5999999999999996
      vertex 51.84376730688807 -22.21843491160299 1.5999999999999996
      vertex 52.02394487935379 -22.153966345322193 1.5999999999999996
    endloop
  endfacet
  facet normal 0 0 1
    outer loop
      vertex 54.69475887800799 -18.938662571187923 1.5999999999999996
      vertex 52.02394487935379 -22.153966345322193 1.5999999999999996
      vertex 52.209573872068546 -22.1074687032137 1.5999999999999996
    endloop
  endfacet
  facet normal 0 0 1
    outer loop
      vertex 54.69475887800799 -18.938662571187923 1.5999999999999996
      vertex 52.209573872068546 -22.1074687032137 1.5999999999999996
      vertex 52.39886657635736 -22.079389782989217 1.5999999999999996
    endloop
  endfacet
  facet normal 0 0 1
    outer loop
      vertex 54.69475887800799 -18.938662571187923 1.5999999999999996
      vertex 52.39886657635736 -22.079389782989217 1.5999999999999996
      vertex 52.589999999999996 -22.07 1.5999999999999996
    endloop
  endfacet
  facet normal 0 0 1
    outer loop
      vertex 54.69475887800799 -18.938662571187923 1.5999999999999996
      vertex 52.589999999999996 -22.07 1.5999999999999996
      vertex 52.781133423642636 -22.079389782989217 1.5999999999999996
    endloop
  endfacet
  facet normal 0 0 1
    outer loop
      vertex 54.69475887800799 -18.938662571187923 1.5999999999999996
      vertex 52.781133423642636 -22.079389782989217 1.5999999999999996
      vertex 52.97042612793145 -22.1074687032137 1.5999999999999996
    endloop
  endfacet
  facet normal 0 0 1
    outer loop
      vertex 54.69475887800799 -18.938662571187923 1.5999999999999996
      vertex 52.97042612793145 -22.1074687032137 1.5999999999999996
      vertex 53.1560551206462 -22.153966345322193 1.5999999999999996
    endloop
  endfacet
  facet normal 0 0 1
    outer loop
      vertex 54.69475887800799 -18.938662571187923 1.5999999999999996
      vertex 51.50663804561177 -22.398634256010038 1.5999999999999996
      vertex 51.670776363189304 -22.300253534520706 1.5999999999999996
    endloop
  endfacet
  facet normal 0 0 1
    outer loop
      vertex 54.69475887800799 -18.938662571187923 1.5999999999999996
      vertex 51.670776363189304 -22.300253534520706 1.5999999999999996
      vertex 51.84376730688807 -22.21843491160299 1.5999999999999996
    endloop
  endfacet
  facet normal 0 0 1
    outer loop
      vertex 53.6629967710887 -18.625680957782233 1.5999999999999996
      vertex 54.69475887800799 -18.938662571187923 1.5999999999999996
      vertex 54.18656572489954 -18.756828153472853 1.5999999999999996
    endloop
  endfacet
  facet normal 0 0 1
    outer loop
      vertex 54.69475887800799 -18.938662571187923 1.5999999999999996
      vertex 55.64563628160781 -19.446917132336 1.5999999999999996
      vertex 55.18268205254299 -19.169433046084045 1.5999999999999996
    endloop
  endfacet
  facet normal 0.24298017990326545 0.9700312531945435 0
    outer loop
      vertex 53.6629967710887 -18.625680957782233 1.5999999999999996
      vertex 54.18656572489954 -18.756828153472853 1.5999999999999996
      vertex 53.6629967710887 -18.625680957782233 0
    endloop
  endfacet
  facet normal 0.33688985339221733 0.9415440651830218 -4.198016015191333e-18
    outer loop
      vertex 54.18656572489954 -18.756828153472853 1.5999999999999996
      vertex 54.69475887800799 -18.938662571187923 1.5999999999999996
      vertex 54.69475887800799 -18.938662571187923 0
    endloop
  endfacet
  facet normal 0.4275550934302749 0.9039892931234468 -3.285730161178276e-18
    outer loop
      vertex 54.69475887800799 -18.938662571187923 1.5999999999999996
      vertex 55.18268205254299 -19.169433046084045 1.5999999999999996
      vertex 55.18268205254299 -19.169433046084045 0
    endloop
  endfacet
  facet normal 0.5141027441932288 0.8577286100002679 0
    outer loop
      vertex 55.18268205254299 -19.169433046084045 1.5999999999999996
      vertex 55.64563628160781 -19.446917132336 1.5999999999999996
      vertex 55.18268205254299 -19.169433046084045 0
    endloop
  endfacet
  facet normal 0.5956993044924349 0.8032075314806437 0
    outer loop
      vertex 55.64563628160781 -19.446917132336 1.5999999999999996
      vertex 56.079163062900044 -19.768442506504947 1.5999999999999996
      vertex 55.64563628160781 -19.446917132336 0
    endloop
  endfacet
  facet normal 0 0 1
    outer loop
      vertex 54.69475887800799 -18.938662571187923 1.5999999999999996
      vertex 56.84155749349505 -20.53083693709995 1.5999999999999996
      vertex 55.64563628160781 -19.446917132336 1.5999999999999996
    endloop
  endfacet
  facet normal 0 0 1
    outer loop
      vertex 54.69475887800799 -18.938662571187923 1.5999999999999996
      vertex 53.1560551206462 -22.153966345322193 1.5999999999999996
      vertex 53.336232693111924 -22.21843491160299 1.5999999999999996
    endloop
  endfacet
  facet normal 0 0 1
    outer loop
      vertex 54.69475887800799 -18.938662571187923 1.5999999999999996
      vertex 53.336232693111924 -22.21843491160299 1.5999999999999996
      vertex 53.50922363681069 -22.300253534520706 1.5999999999999996
    endloop
  endfacet
  facet normal 0 0 1
    outer loop
      vertex 54.69475887800799 -18.938662571187923 1.5999999999999996
      vertex 53.50922363681069 -22.300253534520706 1.5999999999999996
      vertex 53.67336195438822 -22.398634256010038 1.5999999999999996
    endloop
  endfacet
  facet normal 0 0 1
    outer loop
      vertex 54.69475887800799 -18.938662571187923 1.5999999999999996
      vertex 53.67336195438822 -22.398634256010038 1.5999999999999996
      vertex 53.82706690411911 -22.51262961594266 1.5999999999999996
    endloop
  endfacet
  facet normal 0 0 1
    outer loop
      vertex 54.69475887800799 -18.938662571187923 1.5999999999999996
      vertex 53.82706690411911 -22.51262961594266 1.5999999999999996
      vertex 53.96885822331377 -22.641141776686233 1.5999999999999996
    endloop
  endfacet
  facet normal 0 0 1
    outer loop
      vertex 54.69475887800799 -18.938662571187923 1.5999999999999996
      vertex 53.96885822331377 -22.641141776686233 1.5999999999999996
      vertex 54.097370384057335 -22.782933095880892 1.5999999999999996
    endloop
  endfacet
  facet normal 0 0 1
    outer loop
      vertex 54.69475887800799 -18.938662571187923 1.5999999999999996
      vertex 54.097370384057335 -22.782933095880892 1.5999999999999996
      vertex 54.21136574398996 -22.936638045611776 1.5999999999999996
    endloop
  endfacet
  facet normal 0 0 1
    outer loop
      vertex 55.64563628160781 -19.446917132336 1.5999999999999996
      vertex 56.84155749349505 -20.53083693709995 1.5999999999999996
      vertex 56.079163062900044 -19.768442506504947 1.5999999999999996
    endloop
  endfacet
  facet normal 0 0 1
    outer loop
      vertex 56.079163062900044 -19.768442506504947 1.5999999999999996
      vertex 56.84155749349505 -20.53083693709995 1.5999999999999996
      vertex 56.47908729652601 -20.13091270347399 1.5999999999999996
    endloop
  endfacet
  facet normal 0 0 1
    outer loop
      vertex 54.69475887800799 -18.938662571187923 1.5999999999999996
      vertex 57.98431904221776 -22.947003228911296 1.5999999999999996
      vertex 56.84155749349505 -20.53083693709995 1.5999999999999996
    endloop
  endfacet
  facet normal 0 0 1
    outer loop
      vertex 56.84155749349505 -20.53083693709995 1.5999999999999996
      vertex 57.44056695391595 -21.427317947457013 1.5999999999999996
      vertex 57.163082867663995 -20.96436371839219 1.5999999999999996
    endloop
  endfacet
  facet normal 0.6715589548470131 0.7409511253549638 0
    outer loop
      vertex 56.079163062900044 -19.768442506504947 1.5999999999999996
      vertex 56.47908729652601 -20.13091270347399 1.5999999999999996
      vertex 56.079163062900044 -19.768442506504947 0
    endloop
  endfacet
  facet normal 0.740951125354958 0.6715589548470197 8.532401574459308e-18
    outer loop
      vertex 56.47908729652601 -20.13091270347399 1.5999999999999996
      vertex 56.84155749349505 -20.53083693709995 1.5999999999999996
      vertex 56.84155749349505 -20.53083693709995 0
    endloop
  endfacet
  facet normal 0.8032075314806492 0.5956993044924275 1.5772814937663463e-17
    outer loop
      vertex 56.84155749349505 -20.53083693709995 1.5999999999999996
      vertex 57.163082867663995 -20.96436371839219 1.5999999999999996
      vertex 57.163082867663995 -20.96436371839219 0
    endloop
  endfacet
  facet normal 0.8577286100002726 0.514102744193221 0
    outer loop
      vertex 57.163082867663995 -20.96436371839219 1.5999999999999996
      vertex 57.44056695391595 -21.427317947457013 1.5999999999999996
      vertex 57.163082867663995 -20.96436371839219 0
    endloop
  endfacet
  facet normal 0.0490676743274148 0.9987954562051725 0
    outer loop
      vertex 53.129094271812576 -18.546484003302915 1.5999999999999996
      vertex 53.129094271812576 -18.546484003302915 0
      vertex 52.589999999999996 -18.52 0
    endloop
  endfacet
  facet normal 0.14673047445536652 0.9891765099647802 0
    outer loop
      vertex 53.129094271812576 -18.546484003302915 1.5999999999999996
      vertex 53.6629967710887 -18.625680957782233 0
      vertex 53.129094271812576 -18.546484003302915 0
    endloop
  endfacet
  facet normal 0 0 -1
    outer loop
      vertex 43.59000000357628 -18.52 0
      vertex 52.589999999999996 -18.52 0
      vertex 54.69475887800799 -18.938662571187923 0
    endloop
  endfacet
  facet normal 0 0 -1
    outer loop
      vertex 52.589999999999996 -18.52 0
      vertex 53.129094271812576 -18.546484003302915 0
      vertex 53.6629967710887 -18.625680957782233 0
    endloop
  endfacet
  facet normal 0 0 -1
    outer loop
      vertex 52.589999999999996 -18.52 0
      vertex 53.6629967710887 -18.625680957782233 0
      vertex 54.69475887800799 -18.938662571187923 0
    endloop
  endfacet
  facet normal 0 0 -1
    outer loop
      vertex 43.59000000357628 -18.910285846778404 0
      vertex 54.69475887800799 -18.938662571187923 0
      vertex 52.97042612793145 -22.1074687032137 0
    endloop
  endfacet
  facet normal 0 0 -1
    outer loop
      vertex 43.59000000357628 -18.910285846778404 0
      vertex 52.209573872068546 -22.1074687032137 0
      vertex 52.02394487935379 -22.153966345322193 0
    endloop
  endfacet
  facet normal 0 0 -1
    outer loop
      vertex 43.59000000357628 -18.910285846778404 0
      vertex 52.39886657635736 -22.079389782989217 0
      vertex 52.209573872068546 -22.1074687032137 0
    endloop
  endfacet
  facet normal 0 0 -1
    outer loop
      vertex 43.59000000357628 -18.910285846778404 0
      vertex 52.589999999999996 -22.07 0
      vertex 52.39886657635736 -22.079389782989217 0
    endloop
  endfacet
  facet normal 0 0 -1
    outer loop
      vertex 43.59000000357628 -18.910285846778404 0
      vertex 52.781133423642636 -22.079389782989217 0
      vertex 52.589999999999996 -22.07 0
    endloop
  endfacet
  facet normal 0 0 -1
    outer loop
      vertex 43.59000000357628 -18.910285846778404 0
      vertex 52.97042612793145 -22.1074687032137 0
      vertex 52.781133423642636 -22.079389782989217 0
    endloop
  endfacet
  facet normal 0 0 -1
    outer loop
      vertex 54.69475887800799 -18.938662571187923 0
      vertex 53.1560551206462 -22.153966345322193 0
      vertex 52.97042612793145 -22.1074687032137 0
    endloop
  endfacet
  facet normal 0.24298017990326545 0.9700312531945435 0
    outer loop
      vertex 54.18656572489954 -18.756828153472853 1.5999999999999996
      vertex 54.18656572489954 -18.756828153472853 0
      vertex 53.6629967710887 -18.625680957782233 0
    endloop
  endfacet
  facet normal 0.33688985339221733 0.9415440651830218 0
    outer loop
      vertex 54.18656572489954 -18.756828153472853 1.5999999999999996
      vertex 54.69475887800799 -18.938662571187923 0
      vertex 54.18656572489954 -18.756828153472853 0
    endloop
  endfacet
  facet normal 0.4275550934302749 0.9039892931234468 0
    outer loop
      vertex 54.69475887800799 -18.938662571187923 1.5999999999999996
      vertex 55.18268205254299 -19.169433046084045 0
      vertex 54.69475887800799 -18.938662571187923 0
    endloop
  endfacet
  facet normal 0.5141027441932288 0.8577286100002679 0
    outer loop
      vertex 55.64563628160781 -19.446917132336 1.5999999999999996
      vertex 55.64563628160781 -19.446917132336 0
      vertex 55.18268205254299 -19.169433046084045 0
    endloop
  endfacet
  facet normal 0 0 -1
    outer loop
      vertex 53.6629967710887 -18.625680957782233 0
      vertex 54.18656572489954 -18.756828153472853 0
      vertex 54.69475887800799 -18.938662571187923 0
    endloop
  endfacet
  facet normal 0 0 -1
    outer loop
      vertex 54.69475887800799 -18.938662571187923 0
      vertex 55.18268205254299 -19.169433046084045 0
      vertex 56.079163062900044 -19.768442506504947 0
    endloop
  endfacet
  facet normal 0 0 -1
    outer loop
      vertex 55.18268205254299 -19.169433046084045 0
      vertex 55.64563628160781 -19.446917132336 0
      vertex 56.079163062900044 -19.768442506504947 0
    endloop
  endfacet
  facet normal 0.5956993044924349 0.8032075314806437 0
    outer loop
      vertex 56.079163062900044 -19.768442506504947 1.5999999999999996
      vertex 56.079163062900044 -19.768442506504947 0
      vertex 55.64563628160781 -19.446917132336 0
    endloop
  endfacet
  facet normal 0.6715589548470131 0.7409511253549638 0
    outer loop
      vertex 56.47908729652601 -20.13091270347399 1.5999999999999996
      vertex 56.47908729652601 -20.13091270347399 0
      vertex 56.079163062900044 -19.768442506504947 0
    endloop
  endfacet
  facet normal 0.740951125354958 0.6715589548470197 0
    outer loop
      vertex 56.47908729652601 -20.13091270347399 1.5999999999999996
      vertex 56.84155749349505 -20.53083693709995 0
      vertex 56.47908729652601 -20.13091270347399 0
    endloop
  endfacet
  facet normal 0.8032075314806492 0.5956993044924275 0
    outer loop
      vertex 56.84155749349505 -20.53083693709995 1.5999999999999996
      vertex 57.163082867663995 -20.96436371839219 0
      vertex 56.84155749349505 -20.53083693709995 0
    endloop
  endfacet
  facet normal 0.8577286100002726 0.514102744193221 0
    outer loop
      vertex 57.44056695391595 -21.427317947457013 1.5999999999999996
      vertex 57.44056695391595 -21.427317947457013 0
      vertex 57.163082867663995 -20.96436371839219 0
    endloop
  endfacet
  facet normal 0.9039892931234418 0.42755509343028536 0
    outer loop
      vertex 57.44056695391595 -21.427317947457013 1.5999999999999996
      vertex 57.67133742881207 -21.915241121992004 0
      vertex 57.44056695391595 -21.427317947457013 0
    endloop
  endfacet
  facet normal 0 0 -1
    outer loop
      vertex 54.69475887800799 -18.938662571187923 0
      vertex 53.336232693111924 -22.21843491160299 0
      vertex 53.1560551206462 -22.153966345322193 0
    endloop
  endfacet
  facet normal 0 0 -1
    outer loop
      vertex 54.69475887800799 -18.938662571187923 0
      vertex 53.50922363681069 -22.300253534520706 0
      vertex 53.336232693111924 -22.21843491160299 0
    endloop
  endfacet
  facet normal 0 0 -1
    outer loop
      vertex 54.69475887800799 -18.938662571187923 0
      vertex 53.67336195438822 -22.398634256010038 0
      vertex 53.50922363681069 -22.300253534520706 0
    endloop
  endfacet
  facet normal 0 0 -1
    outer loop
      vertex 54.69475887800799 -18.938662571187923 0
      vertex 53.82706690411911 -22.51262961594266 0
      vertex 53.67336195438822 -22.398634256010038 0
    endloop
  endfacet
  facet normal 0 0 -1
    outer loop
      vertex 54.69475887800799 -18.938662571187923 0
      vertex 53.96885822331377 -22.641141776686233 0
      vertex 53.82706690411911 -22.51262961594266 0
    endloop
  endfacet
  facet normal 0 0 -1
    outer loop
      vertex 54.69475887800799 -18.938662571187923 0
      vertex 54.097370384057335 -22.782933095880892 0
      vertex 53.96885822331377 -22.641141776686233 0
    endloop
  endfacet
  facet normal 0 0 -1
    outer loop
      vertex 54.69475887800799 -18.938662571187923 0
      vertex 54.21136574398996 -22.936638045611776 0
      vertex 54.097370384057335 -22.782933095880892 0
    endloop
  endfacet
  facet normal 0 0 -1
    outer loop
      vertex 54.69475887800799 -18.938662571187923 0
      vertex 56.079163062900044 -19.768442506504947 0
      vertex 57.163082867663995 -20.96436371839219 0
    endloop
  endfacet
  facet normal 0 0 -1
    outer loop
      vertex 56.079163062900044 -19.768442506504947 0
      vertex 56.47908729652601 -20.13091270347399 0
      vertex 57.163082867663995 -20.96436371839219 0
    endloop
  endfacet
  facet normal 0 0 -1
    outer loop
      vertex 56.47908729652601 -20.13091270347399 0
      vertex 56.84155749349505 -20.53083693709995 0
      vertex 57.163082867663995 -20.96436371839219 0
    endloop
  endfacet
  facet normal 0 0 -1
    outer loop
      vertex 54.69475887800799 -18.938662571187923 0
      vertex 57.163082867663995 -20.96436371839219 0
      vertex 58.06351599669708 -24.559094271812583 0
    endloop
  endfacet
  facet normal 0 0 -1
    outer loop
      vertex 57.163082867663995 -20.96436371839219 0
      vertex 57.44056695391595 -21.427317947457013 0
      vertex 57.85317184652715 -22.42343427510046 0
    endloop
  endfacet
  facet normal 0 0 1
    outer loop
      vertex 54.69475887800799 -18.938662571187923 1.5999999999999996
      vertex 42.589999999999996 -26.906435554015342 1.5999999999999996
      vertex 42.589999999999996 -29.249554264407355 1.5999999999999996
    endloop
  endfacet
  facet normal 0 0 1
    outer loop
      vertex 42.589999999999996 -29.52 1.5999999999999996
      vertex 50.87025353452071 -23.100776363189304 1.5999999999999996
      vertex 50.968634256010034 -22.936638045611776 1.5999999999999996
    endloop
  endfacet
  facet normal 0 0 1
    outer loop
      vertex 42.589999999999996 -29.52 1.5999999999999996
      vertex 50.788434911602984 -23.273767306888075 1.5999999999999996
      vertex 50.87025353452071 -23.100776363189304 1.5999999999999996
    endloop
  endfacet
  facet normal 0 0 1
    outer loop
      vertex 42.589999999999996 -29.52 1.5999999999999996
      vertex 50.72396634532219 -23.4539448793538 1.5999999999999996
      vertex 50.788434911602984 -23.273767306888075 1.5999999999999996
    endloop
  endfacet
  facet normal 0 0 1
    outer loop
      vertex 42.589999999999996 -29.52 1.5999999999999996
      vertex 50.6774687032137 -23.63957387206855 1.5999999999999996
      vertex 50.72396634532219 -23.4539448793538 1.5999999999999996
    endloop
  endfacet
  facet normal 0 0 1
    outer loop
      vertex 42.589999999999996 -29.52 1.5999999999999996
      vertex 51.211141776686226 -22.641141776686233 1.5999999999999996
      vertex 51.352933095880886 -22.51262961594266 1.5999999999999996
    endloop
  endfacet
  facet normal 0 0 1
    outer loop
      vertex 42.589999999999996 -29.52 1.5999999999999996
      vertex 51.08262961594266 -22.782933095880892 1.5999999999999996
      vertex 51.211141776686226 -22.641141776686233 1.5999999999999996
    endloop
  endfacet
  facet normal 0 0 1
    outer loop
      vertex 42.589999999999996 -29.52 1.5999999999999996
      vertex 50.968634256010034 -22.936638045611776 1.5999999999999996
      vertex 51.08262961594266 -22.782933095880892 1.5999999999999996
    endloop
  endfacet
  facet normal 0 0 -1
    outer loop
      vertex 43.59000000357628 -18.910285846778404 0
      vertex 50.64938978298921 -24.211133423642643 0
      vertex 42.589999999999996 -26.906435554015342 0
    endloop
  endfacet
  facet normal 0 0 -1
    outer loop
      vertex 43.59000000357628 -18.910285846778404 0
      vertex 50.87025353452071 -23.100776363189304 0
      vertex 50.788434911602984 -23.273767306888075 0
    endloop
  endfacet
  facet normal 0 0 -1
    outer loop
      vertex 43.59000000357628 -18.910285846778404 0
      vertex 50.968634256010034 -22.936638045611776 0
      vertex 50.87025353452071 -23.100776363189304 0
    endloop
  endfacet
  facet normal 0 0 -1
    outer loop
      vertex 43.59000000357628 -18.910285846778404 0
      vertex 50.788434911602984 -23.273767306888075 0
      vertex 50.72396634532219 -23.4539448793538 0
    endloop
  endfacet
  facet normal 0 0 -1
    outer loop
      vertex 43.59000000357628 -18.910285846778404 0
      vertex 50.72396634532219 -23.4539448793538 0
      vertex 50.6774687032137 -23.63957387206855 0
    endloop
  endfacet
  facet normal 0 0 -1
    outer loop
      vertex 43.59000000357628 -18.910285846778404 0
      vertex 50.6774687032137 -23.63957387206855 0
      vertex 50.64938978298921 -23.828866576357356 0
    endloop
  endfacet
  facet normal 0 0 -1
    outer loop
      vertex 43.59000000357628 -18.910285846778404 0
      vertex 50.64938978298921 -23.828866576357356 0
      vertex 50.63999999999999 -24.02 0
    endloop
  endfacet
  facet normal 0 0 -1
    outer loop
      vertex 43.59000000357628 -18.910285846778404 0
      vertex 50.63999999999999 -24.02 0
      vertex 50.64938978298921 -24.211133423642643 0
    endloop
  endfacet
  facet normal 0 0 -1
    outer loop
      vertex 42.589999999999996 -26.906435554015342 0
      vertex 50.64938978298921 -24.211133423642643 0
      vertex 50.6774687032137 -24.40042612793145 0
    endloop
  endfacet
  facet normal 0 0 -1
    outer loop
      vertex 42.589999999999996 -26.906435554015342 0
      vertex 50.6774687032137 -24.40042612793145 0
      vertex 50.72396634532219 -24.5860551206462 0
    endloop
  endfacet
  facet normal 0 0 -1
    outer loop
      vertex 42.589999999999996 -26.906435554015342 0
      vertex 50.72396634532219 -24.5860551206462 0
      vertex 50.788434911602984 -24.766232693111924 0
    endloop
  endfacet
  facet normal 0 0 -1
    outer loop
      vertex 42.589999999999996 -26.906435554015342 0
      vertex 50.788434911602984 -24.766232693111924 0
      vertex 50.87025353452071 -24.939223636810695 0
    endloop
  endfacet
  facet normal -1 0 0
    outer loop
      vertex 42.589999999999996 -29.249554264407355 1.5999999999999996
      vertex 42.589999999999996 -29.249554264407355 0
      vertex 42.589999999999996 -29.52 1.5999999999999996
    endloop
  endfacet
  facet normal 0 0 1
    outer loop
      vertex 54.69475887800799 -18.938662571187923 1.5999999999999996
      vertex 42.589999999999996 -29.249554264407355 1.5999999999999996
      vertex 42.589999999999996 -29.52 1.5999999999999996
    endloop
  endfacet
  facet normal 0 0 1
    outer loop
      vertex 42.589999999999996 -29.52 1.5999999999999996
      vertex 50.64938978298921 -23.828866576357356 1.5999999999999996
      vertex 50.6774687032137 -23.63957387206855 1.5999999999999996
    endloop
  endfacet
  facet normal 0 0 1
    outer loop
      vertex 42.589999999999996 -29.52 1.5999999999999996
      vertex 50.63999999999999 -24.02 1.5999999999999996
      vertex 50.64938978298921 -23.828866576357356 1.5999999999999996
    endloop
  endfacet
  facet normal 0 0 1
    outer loop
      vertex 42.589999999999996 -29.52 1.5999999999999996
      vertex 50.64938978298921 -24.211133423642643 1.5999999999999996
      vertex 50.63999999999999 -24.02 1.5999999999999996
    endloop
  endfacet
  facet normal 0 0 1
    outer loop
      vertex 42.589999999999996 -29.52 1.5999999999999996
      vertex 50.6774687032137 -24.40042612793145 1.5999999999999996
      vertex 50.64938978298921 -24.211133423642643 1.5999999999999996
    endloop
  endfacet
  facet normal 0 0 1
    outer loop
      vertex 42.589999999999996 -29.52 1.5999999999999996
      vertex 50.72396634532219 -24.5860551206462 1.5999999999999996
      vertex 50.6774687032137 -24.40042612793145 1.5999999999999996
    endloop
  endfacet
  facet normal 0 0 1
    outer loop
      vertex 42.589999999999996 -29.52 1.5999999999999996
      vertex 50.788434911602984 -24.766232693111924 1.5999999999999996
      vertex 50.72396634532219 -24.5860551206462 1.5999999999999996
    endloop
  endfacet
  facet normal 0 0 1
    outer loop
      vertex 42.589999999999996 -29.52 1.5999999999999996
      vertex 50.87025353452071 -24.939223636810695 1.5999999999999996
      vertex 50.788434911602984 -24.766232693111924 1.5999999999999996
    endloop
  endfacet
  facet normal 0 0 1
    outer loop
      vertex 42.589999999999996 -29.52 1.5999999999999996
      vertex 50.968634256010034 -25.103361954388223 1.5999999999999996
      vertex 50.87025353452071 -24.939223636810695 1.5999999999999996
    endloop
  endfacet
  facet normal 0 0 1
    outer loop
      vertex 42.589999999999996 -29.52 1.5999999999999996
      vertex 51.08262961594266 -25.257066904119107 1.5999999999999996
      vertex 50.968634256010034 -25.103361954388223 1.5999999999999996
    endloop
  endfacet
  facet normal 0 0 1
    outer loop
      vertex 42.589999999999996 -29.52 1.5999999999999996
      vertex 51.211141776686226 -25.398858223313766 1.5999999999999996
      vertex 51.08262961594266 -25.257066904119107 1.5999999999999996
    endloop
  endfacet
  facet normal 0 0 1
    outer loop
      vertex 42.589999999999996 -29.52 1.5999999999999996
      vertex 51.352933095880886 -25.52737038405734 1.5999999999999996
      vertex 51.211141776686226 -25.398858223313766 1.5999999999999996
    endloop
  endfacet
  facet normal 0 0 1
    outer loop
      vertex 42.589999999999996 -29.52 1.5999999999999996
      vertex 51.50663804561177 -25.64136574398996 1.5999999999999996
      vertex 51.352933095880886 -25.52737038405734 1.5999999999999996
    endloop
  endfacet
  facet normal 0 0 1
    outer loop
      vertex 42.589999999999996 -29.52 1.5999999999999996
      vertex 51.670776363189304 -25.739746465479293 1.5999999999999996
      vertex 51.50663804561177 -25.64136574398996 1.5999999999999996
    endloop
  endfacet
  facet normal 0 0 1
    outer loop
      vertex 42.589999999999996 -29.52 1.5999999999999996
      vertex 51.84376730688807 -25.82156508839701 1.5999999999999996
      vertex 51.670776363189304 -25.739746465479293 1.5999999999999996
    endloop
  endfacet
  facet normal 0 -1 0
    outer loop
      vertex 42.589999999999996 -29.52 1.5999999999999996
      vertex 42.589999999999996 -29.52 0
      vertex 52.589999999999996 -29.52 1.5999999999999996
    endloop
  endfacet
  facet normal -1 0 0
    outer loop
      vertex 42.589999999999996 -29.52 1.5999999999999996
      vertex 42.589999999999996 -29.249554264407355 0
      vertex 42.589999999999996 -29.52 0
    endloop
  endfacet
  facet normal 0 0 -1
    outer loop
      vertex 42.589999999999996 -26.906435554015342 0
      vertex 51.50663804561177 -25.64136574398996 0
      vertex 42.589999999999996 -29.18231403029981 0
    endloop
  endfacet
  facet normal 0 0 -1
    outer loop
      vertex 42.589999999999996 -26.906435554015342 0
      vertex 50.87025353452071 -24.939223636810695 0
      vertex 50.968634256010034 -25.103361954388223 0
    endloop
  endfacet
  facet normal 0 0 -1
    outer loop
      vertex 42.589999999999996 -26.906435554015342 0
      vertex 50.968634256010034 -25.103361954388223 0
      vertex 51.08262961594266 -25.257066904119107 0
    endloop
  endfacet
  facet normal 0 0 -1
    outer loop
      vertex 42.589999999999996 -26.906435554015342 0
      vertex 51.08262961594266 -25.257066904119107 0
      vertex 51.211141776686226 -25.398858223313766 0
    endloop
  endfacet
  facet normal 0 0 -1
    outer loop
      vertex 42.589999999999996 -26.906435554015342 0
      vertex 51.211141776686226 -25.398858223313766 0
      vertex 51.352933095880886 -25.52737038405734 0
    endloop
  endfacet
  facet normal 0 0 -1
    outer loop
      vertex 42.589999999999996 -26.906435554015342 0
      vertex 51.352933095880886 -25.52737038405734 0
      vertex 51.50663804561177 -25.64136574398996 0
    endloop
  endfacet
  facet normal 0 0 -1
    outer loop
      vertex 42.589999999999996 -29.18231403029981 0
      vertex 51.50663804561177 -25.64136574398996 0
      vertex 51.670776363189304 -25.739746465479293 0
    endloop
  endfacet
  facet normal 0 0 -1
    outer loop
      vertex 42.589999999999996 -29.18231403029981 0
      vertex 51.670776363189304 -25.739746465479293 0
      vertex 51.84376730688807 -25.82156508839701 0
    endloop
  endfacet
  facet normal 0 0 -1
    outer loop
      vertex 42.589999999999996 -29.18231403029981 0
      vertex 51.84376730688807 -25.82156508839701 0
      vertex 52.02394487935379 -25.886033654677806 0
    endloop
  endfacet
  facet normal 0 0 -1
    outer loop
      vertex 42.589999999999996 -29.18231403029981 0
      vertex 52.02394487935379 -25.886033654677806 0
      vertex 52.209573872068546 -25.932531296786298 0
    endloop
  endfacet
  facet normal 0 0 -1
    outer loop
      vertex 42.589999999999996 -29.18231403029981 0
      vertex 52.209573872068546 -25.932531296786298 0
      vertex 52.39886657635736 -25.96061021701078 0
    endloop
  endfacet
  facet normal 0 0 -1
    outer loop
      vertex 42.589999999999996 -29.18231403029981 0
      vertex 52.39886657635736 -25.96061021701078 0
      vertex 52.589999999999996 -25.97 0
    endloop
  endfacet
  facet normal 0 0 -1
    outer loop
      vertex 42.589999999999996 -29.18231403029981 0
      vertex 58.06351599669708 -24.559094271812583 0
      vertex 42.589999999999996 -29.249554264407355 0
    endloop
  endfacet
  facet normal 0 0 -1
    outer loop
      vertex 42.589999999999996 -29.249554264407355 0
      vertex 58.06351599669708 -24.559094271812583 0
      vertex 42.589999999999996 -29.52 0
    endloop
  endfacet
  facet normal 0 0 1
    outer loop
      vertex 54.69475887800799 -18.938662571187923 1.5999999999999996
      vertex 42.589999999999996 -29.52 1.5999999999999996
      vertex 51.352933095880886 -22.51262961594266 1.5999999999999996
    endloop
  endfacet
  facet normal 0 0 1
    outer loop
      vertex 54.69475887800799 -18.938662571187923 1.5999999999999996
      vertex 54.21136574398996 -22.936638045611776 1.5999999999999996
      vertex 54.309746465479286 -23.100776363189304 1.5999999999999996
    endloop
  endfacet
  facet normal 0 0 1
    outer loop
      vertex 54.69475887800799 -18.938662571187923 1.5999999999999996
      vertex 54.309746465479286 -23.100776363189304 1.5999999999999996
      vertex 54.39156508839701 -23.273767306888075 1.5999999999999996
    endloop
  endfacet
  facet normal 0 0 1
    outer loop
      vertex 54.69475887800799 -18.938662571187923 1.5999999999999996
      vertex 54.39156508839701 -23.273767306888075 1.5999999999999996
      vertex 54.4560336546778 -23.4539448793538 1.5999999999999996
    endloop
  endfacet
  facet normal 0 0 1
    outer loop
      vertex 54.69475887800799 -18.938662571187923 1.5999999999999996
      vertex 54.4560336546778 -23.4539448793538 1.5999999999999996
      vertex 54.502531296786294 -23.63957387206855 1.5999999999999996
    endloop
  endfacet
  facet normal 0 0 1
    outer loop
      vertex 54.69475887800799 -18.938662571187923 1.5999999999999996
      vertex 54.502531296786294 -23.63957387206855 1.5999999999999996
      vertex 54.53061021701078 -23.828866576357356 1.5999999999999996
    endloop
  endfacet
  facet normal 0 0 1
    outer loop
      vertex 54.69475887800799 -18.938662571187923 1.5999999999999996
      vertex 54.53061021701078 -23.828866576357356 1.5999999999999996
      vertex 54.54 -24.02 1.5999999999999996
    endloop
  endfacet
  facet normal 0 0 1
    outer loop
      vertex 56.84155749349505 -20.53083693709995 1.5999999999999996
      vertex 57.98431904221776 -22.947003228911296 1.5999999999999996
      vertex 57.44056695391595 -21.427317947457013 1.5999999999999996
    endloop
  endfacet
  facet normal 0 0 1
    outer loop
      vertex 57.44056695391595 -21.427317947457013 1.5999999999999996
      vertex 57.98431904221776 -22.947003228911296 1.5999999999999996
      vertex 57.67133742881207 -21.915241121992004 1.5999999999999996
    endloop
  endfacet
  facet normal 0 0 1
    outer loop
      vertex 57.67133742881207 -21.915241121992004 1.5999999999999996
      vertex 57.98431904221776 -22.947003228911296 1.5999999999999996
      vertex 57.85317184652715 -22.42343427510046 1.5999999999999996
    endloop
  endfacet
  facet normal 0 0 1
    outer loop
      vertex 54.69475887800799 -18.938662571187923 1.5999999999999996
      vertex 56.079163062900044 -28.271557493495052 1.5999999999999996
      vertex 57.98431904221776 -22.947003228911296 1.5999999999999996
    endloop
  endfacet
  facet normal 0 0 1
    outer loop
      vertex 57.98431904221776 -22.947003228911296 1.5999999999999996
      vertex 58.089999999999996 -24.02 1.5999999999999996
      vertex 58.06351599669708 -23.480905728187416 1.5999999999999996
    endloop
  endfacet
  facet normal 0.9039892931234418 0.42755509343028536 6.698734339621156e-19
    outer loop
      vertex 57.44056695391595 -21.427317947457013 1.5999999999999996
      vertex 57.67133742881207 -21.915241121992004 1.5999999999999996
      vertex 57.67133742881207 -21.915241121992004 0
    endloop
  endfacet
  facet normal 0.9415440651830205 0.33688985339222105 1.473710510842051e-18
    outer loop
      vertex 57.67133742881207 -21.915241121992004 1.5999999999999996
      vertex 57.85317184652715 -22.42343427510046 1.5999999999999996
      vertex 57.85317184652715 -22.42343427510046 0
    endloop
  endfacet
  facet normal 0.9700312531945451 0.24298017990325932 -4.992582258076886e-18
    outer loop
      vertex 57.85317184652715 -22.42343427510046 1.5999999999999996
      vertex 57.98431904221776 -22.947003228911296 1.5999999999999996
      vertex 57.98431904221776 -22.947003228911296 0
    endloop
  endfacet
  facet normal 0.9891765099647811 0.14673047445536103 -2.194343829661189e-18
    outer loop
      vertex 57.98431904221776 -22.947003228911296 1.5999999999999996
      vertex 58.06351599669708 -23.480905728187416 1.5999999999999996
      vertex 58.06351599669708 -23.480905728187416 0
    endloop
  endfacet
  facet normal 0 0 1
    outer loop
      vertex 54.69475887800799 -18.938662571187923 1.5999999999999996
      vertex 54.54 -24.02 1.5999999999999996
      vertex 56.079163062900044 -28.271557493495052 1.5999999999999996
    endloop
  endfacet
  facet normal 0 0 1
    outer loop
      vertex 56.079163062900044 -28.271557493495052 1.5999999999999996
      vertex 54.54 -24.02 1.5999999999999996
      vertex 54.53061021701078 -24.211133423642643 1.5999999999999996
    endloop
  endfacet
  facet normal 0 0 1
    outer loop
      vertex 57.98431904221776 -22.947003228911296 1.5999999999999996
      vertex 57.85317184652715 -25.61656572489954 1.5999999999999996
      vertex 58.089999999999996 -24.02 1.5999999999999996
    endloop
  endfacet
  facet normal 0 0 1
    outer loop
      vertex 58.089999999999996 -24.02 1.5999999999999996
      vertex 57.85317184652715 -25.61656572489954 1.5999999999999996
      vertex 58.06351599669708 -24.559094271812583 1.5999999999999996
    endloop
  endfacet
  facet normal 0 0 1
    outer loop
      vertex 58.06351599669708 -24.559094271812583 1.5999999999999996
      vertex 57.85317184652715 -25.61656572489954 1.5999999999999996
      vertex 57.98431904221776 -25.092996771088703 1.5999999999999996
    endloop
  endfacet
  facet normal 0.9987954562051722 0.04906767432742105 0
    outer loop
      vertex 58.06351599669708 -23.480905728187416 1.5999999999999996
      vertex 58.089999999999996 -24.02 1.5999999999999996
      vertex 58.06351599669708 -23.480905728187416 0
    endloop
  endfacet
  facet normal 0.9987954562051722 -0.04906767432742105 3.794643040502019e-19
    outer loop
      vertex 58.089999999999996 -24.02 1.5999999999999996
      vertex 58.06351599669708 -24.559094271812583 1.5999999999999996
      vertex 58.06351599669708 -24.559094271812583 0
    endloop
  endfacet
  facet normal 0.9891765099647811 -0.14673047445536103 0
    outer loop
      vertex 58.06351599669708 -24.559094271812583 1.5999999999999996
      vertex 57.98431904221776 -25.092996771088703 1.5999999999999996
      vertex 58.06351599669708 -24.559094271812583 0
    endloop
  endfacet
  facet normal 0.9700312531945451 -0.24298017990325932 4.992582258076886e-18
    outer loop
      vertex 57.98431904221776 -25.092996771088703 1.5999999999999996
      vertex 57.85317184652715 -25.61656572489954 1.5999999999999996
      vertex 57.85317184652715 -25.61656572489954 0
    endloop
  endfacet
  facet normal 0.9415440651830205 0.33688985339222105 0
    outer loop
      vertex 57.67133742881207 -21.915241121992004 1.5999999999999996
      vertex 57.85317184652715 -22.42343427510046 0
      vertex 57.67133742881207 -21.915241121992004 0
    endloop
  endfacet
  facet normal 0.9700312531945451 0.24298017990325932 0
    outer loop
      vertex 57.85317184652715 -22.42343427510046 1.5999999999999996
      vertex 57.98431904221776 -22.947003228911296 0
      vertex 57.85317184652715 -22.42343427510046 0
    endloop
  endfacet
  facet normal 0.9891765099647811 0.14673047445536103 0
    outer loop
      vertex 57.98431904221776 -22.947003228911296 1.5999999999999996
      vertex 58.06351599669708 -23.480905728187416 0
      vertex 57.98431904221776 -22.947003228911296 0
    endloop
  endfacet
  facet normal 0 0 -1
    outer loop
      vertex 54.69475887800799 -18.938662571187923 0
      vertex 58.06351599669708 -24.559094271812583 0
      vertex 54.21136574398996 -22.936638045611776 0
    endloop
  endfacet
  facet normal 0 0 -1
    outer loop
      vertex 58.06351599669708 -24.559094271812583 0
      vertex 54.309746465479286 -23.100776363189304 0
      vertex 54.21136574398996 -22.936638045611776 0
    endloop
  endfacet
  facet normal 0 0 -1
    outer loop
      vertex 57.44056695391595 -21.427317947457013 0
      vertex 57.67133742881207 -21.915241121992004 0
      vertex 57.85317184652715 -22.42343427510046 0
    endloop
  endfacet
  facet normal 0 0 -1
    outer loop
      vertex 57.163082867663995 -20.96436371839219 0
      vertex 57.85317184652715 -22.42343427510046 0
      vertex 58.06351599669708 -24.559094271812583 0
    endloop
  endfacet
  facet normal 0 0 -1
    outer loop
      vertex 57.85317184652715 -22.42343427510046 0
      vertex 57.98431904221776 -22.947003228911296 0
      vertex 58.06351599669708 -23.480905728187416 0
    endloop
  endfacet
  facet normal 0 0 -1
    outer loop
      vertex 57.85317184652715 -22.42343427510046 0
      vertex 58.06351599669708 -23.480905728187416 0
      vertex 58.06351599669708 -24.559094271812583 0
    endloop
  endfacet
  facet normal 0.9987954562051722 0.04906767432742105 0
    outer loop
      vertex 58.089999999999996 -24.02 1.5999999999999996
      vertex 58.089999999999996 -24.02 0
      vertex 58.06351599669708 -23.480905728187416 0
    endloop
  endfacet
  facet normal 0.9987954562051722 -0.04906767432742105 0
    outer loop
      vertex 58.089999999999996 -24.02 1.5999999999999996
      vertex 58.06351599669708 -24.559094271812583 0
      vertex 58.089999999999996 -24.02 0
    endloop
  endfacet
  facet normal 0.9891765099647811 -0.14673047445536103 0
    outer loop
      vertex 57.98431904221776 -25.092996771088703 1.5999999999999996
      vertex 57.98431904221776 -25.092996771088703 0
      vertex 58.06351599669708 -24.559094271812583 0
    endloop
  endfacet
  facet normal 0.9700312531945451 -0.24298017990325932 0
    outer loop
      vertex 57.98431904221776 -25.092996771088703 1.5999999999999996
      vertex 57.85317184652715 -25.61656572489954 0
      vertex 57.98431904221776 -25.092996771088703 0
    endloop
  endfacet
  facet normal 0 0 -1
    outer loop
      vertex 58.06351599669708 -24.559094271812583 0
      vertex 54.39156508839701 -23.273767306888075 0
      vertex 54.309746465479286 -23.100776363189304 0
    endloop
  endfacet
  facet normal 0 0 -1
    outer loop
      vertex 58.06351599669708 -24.559094271812583 0
      vertex 54.4560336546778 -23.4539448793538 0
      vertex 54.39156508839701 -23.273767306888075 0
    endloop
  endfacet
  facet normal 0 0 -1
    outer loop
      vertex 58.06351599669708 -24.559094271812583 0
      vertex 54.502531296786294 -23.63957387206855 0
      vertex 54.4560336546778 -23.4539448793538 0
    endloop
  endfacet
  facet normal 0 0 -1
    outer loop
      vertex 58.06351599669708 -24.559094271812583 0
      vertex 54.53061021701078 -23.828866576357356 0
      vertex 54.502531296786294 -23.63957387206855 0
    endloop
  endfacet
  facet normal 0 0 -1
    outer loop
      vertex 58.06351599669708 -24.559094271812583 0
      vertex 54.54 -24.02 0
      vertex 54.53061021701078 -23.828866576357356 0
    endloop
  endfacet
  facet normal 0 0 -1
    outer loop
      vertex 58.06351599669708 -24.559094271812583 0
      vertex 54.53061021701078 -24.211133423642643 0
      vertex 54.54 -24.02 0
    endloop
  endfacet
  facet normal 0 0 -1
    outer loop
      vertex 58.06351599669708 -24.559094271812583 0
      vertex 54.502531296786294 -24.40042612793145 0
      vertex 54.53061021701078 -24.211133423642643 0
    endloop
  endfacet
  facet normal 0 0 -1
    outer loop
      vertex 58.06351599669708 -24.559094271812583 0
      vertex 54.4560336546778 -24.5860551206462 0
      vertex 54.502531296786294 -24.40042612793145 0
    endloop
  endfacet
  facet normal 0 0 -1
    outer loop
      vertex 58.06351599669708 -24.559094271812583 0
      vertex 54.309746465479286 -24.939223636810695 0
      vertex 54.39156508839701 -24.766232693111924 0
    endloop
  endfacet
  facet normal 0 0 -1
    outer loop
      vertex 58.06351599669708 -24.559094271812583 0
      vertex 54.39156508839701 -24.766232693111924 0
      vertex 54.4560336546778 -24.5860551206462 0
    endloop
  endfacet
  facet normal 0 0 -1
    outer loop
      vertex 58.06351599669708 -24.559094271812583 0
      vertex 54.21136574398996 -25.103361954388223 0
      vertex 54.309746465479286 -24.939223636810695 0
    endloop
  endfacet
  facet normal 0 0 -1
    outer loop
      vertex 58.06351599669708 -24.559094271812583 0
      vertex 54.097370384057335 -25.257066904119107 0
      vertex 54.21136574398996 -25.103361954388223 0
    endloop
  endfacet
  facet normal 0 0 -1
    outer loop
      vertex 58.06351599669708 -24.559094271812583 0
      vertex 53.96885822331377 -25.398858223313766 0
      vertex 54.097370384057335 -25.257066904119107 0
    endloop
  endfacet
  facet normal 0 0 -1
    outer loop
      vertex 58.06351599669708 -24.559094271812583 0
      vertex 53.82706690411911 -25.52737038405734 0
      vertex 53.96885822331377 -25.398858223313766 0
    endloop
  endfacet
  facet normal 0 0 -1
    outer loop
      vertex 58.06351599669708 -24.559094271812583 0
      vertex 53.67336195438822 -25.64136574398996 0
      vertex 53.82706690411911 -25.52737038405734 0
    endloop
  endfacet
  facet normal 0 0 -1
    outer loop
      vertex 58.06351599669708 -24.559094271812583 0
      vertex 53.50922363681069 -25.739746465479293 0
      vertex 53.67336195438822 -25.64136574398996 0
    endloop
  endfacet
  facet normal 0 0 -1
    outer loop
      vertex 58.06351599669708 -24.559094271812583 0
      vertex 53.1560551206462 -25.886033654677806 0
      vertex 53.336232693111924 -25.82156508839701 0
    endloop
  endfacet
  facet normal 0 0 -1
    outer loop
      vertex 58.06351599669708 -24.559094271812583 0
      vertex 53.336232693111924 -25.82156508839701 0
      vertex 53.50922363681069 -25.739746465479293 0
    endloop
  endfacet
  facet normal 0 0 -1
    outer loop
      vertex 58.06351599669708 -23.480905728187416 0
      vertex 58.089999999999996 -24.02 0
      vertex 58.06351599669708 -24.559094271812583 0
    endloop
  endfacet
  facet normal 0 0 -1
    outer loop
      vertex 58.06351599669708 -24.559094271812583 0
      vertex 57.98431904221776 -25.092996771088703 0
      vertex 57.85317184652715 -25.61656572489954 0
    endloop
  endfacet
  facet normal 0 0 -1
    outer loop
      vertex 58.06351599669708 -24.559094271812583 0
      vertex 57.85317184652715 -25.61656572489954 0
      vertex 57.67133742881207 -26.124758878007995 0
    endloop
  endfacet
  facet normal 0 0 1
    outer loop
      vertex 56.079163062900044 -28.271557493495052 1.5999999999999996
      vertex 52.02394487935379 -25.886033654677806 1.5999999999999996
      vertex 51.84376730688807 -25.82156508839701 1.5999999999999996
    endloop
  endfacet
  facet normal 0 0 1
    outer loop
      vertex 56.079163062900044 -28.271557493495052 1.5999999999999996
      vertex 52.209573872068546 -25.932531296786298 1.5999999999999996
      vertex 52.02394487935379 -25.886033654677806 1.5999999999999996
    endloop
  endfacet
  facet normal 0 0 1
    outer loop
      vertex 56.079163062900044 -28.271557493495052 1.5999999999999996
      vertex 52.39886657635736 -25.96061021701078 1.5999999999999996
      vertex 52.209573872068546 -25.932531296786298 1.5999999999999996
    endloop
  endfacet
  facet normal 0 0 1
    outer loop
      vertex 42.589999999999996 -29.52 1.5999999999999996
      vertex 56.079163062900044 -28.271557493495052 1.5999999999999996
      vertex 51.84376730688807 -25.82156508839701 1.5999999999999996
    endloop
  endfacet
  facet normal 0 0 1
    outer loop
      vertex 42.589999999999996 -29.52 1.5999999999999996
      vertex 52.589999999999996 -29.52 1.5999999999999996
      vertex 53.129094271812576 -29.493515996697084 1.5999999999999996
    endloop
  endfacet
  facet normal 0 0 1
    outer loop
      vertex 42.589999999999996 -29.52 1.5999999999999996
      vertex 53.129094271812576 -29.493515996697084 1.5999999999999996
      vertex 56.079163062900044 -28.271557493495052 1.5999999999999996
    endloop
  endfacet
  facet normal 0 0 1
    outer loop
      vertex 53.129094271812576 -29.493515996697084 1.5999999999999996
      vertex 53.6629967710887 -29.414319042217766 1.5999999999999996
      vertex 54.18656572489954 -29.283171846527146 1.5999999999999996
    endloop
  endfacet
  facet normal 0.0490676743274148 -0.9987954562051725 0
    outer loop
      vertex 52.589999999999996 -29.52 1.5999999999999996
      vertex 52.589999999999996 -29.52 0
      vertex 53.129094271812576 -29.493515996697084 1.5999999999999996
    endloop
  endfacet
  facet normal 0.14673047445536652 -0.9891765099647802 1.4464551255989745e-18
    outer loop
      vertex 53.129094271812576 -29.493515996697084 1.5999999999999996
      vertex 53.6629967710887 -29.414319042217766 0
      vertex 53.6629967710887 -29.414319042217766 1.5999999999999996
    endloop
  endfacet
  facet normal 0 0 1
    outer loop
      vertex 56.079163062900044 -28.271557493495052 1.5999999999999996
      vertex 53.67336195438822 -25.64136574398996 1.5999999999999996
      vertex 53.50922363681069 -25.739746465479293 1.5999999999999996
    endloop
  endfacet
  facet normal 0 0 1
    outer loop
      vertex 56.079163062900044 -28.271557493495052 1.5999999999999996
      vertex 53.96885822331377 -25.398858223313766 1.5999999999999996
      vertex 53.82706690411911 -25.52737038405734 1.5999999999999996
    endloop
  endfacet
  facet normal 0 0 1
    outer loop
      vertex 56.079163062900044 -28.271557493495052 1.5999999999999996
      vertex 54.097370384057335 -25.257066904119107 1.5999999999999996
      vertex 53.96885822331377 -25.398858223313766 1.5999999999999996
    endloop
  endfacet
  facet normal 0 0 1
    outer loop
      vertex 56.079163062900044 -28.271557493495052 1.5999999999999996
      vertex 53.82706690411911 -25.52737038405734 1.5999999999999996
      vertex 53.67336195438822 -25.64136574398996 1.5999999999999996
    endloop
  endfacet
  facet normal 0 0 1
    outer loop
      vertex 56.079163062900044 -28.271557493495052 1.5999999999999996
      vertex 54.53061021701078 -24.211133423642643 1.5999999999999996
      vertex 54.502531296786294 -24.40042612793145 1.5999999999999996
    endloop
  endfacet
  facet normal 0 0 1
    outer loop
      vertex 56.079163062900044 -28.271557493495052 1.5999999999999996
      vertex 54.502531296786294 -24.40042612793145 1.5999999999999996
      vertex 54.4560336546778 -24.5860551206462 1.5999999999999996
    endloop
  endfacet
  facet normal 0 0 1
    outer loop
      vertex 56.079163062900044 -28.271557493495052 1.5999999999999996
      vertex 54.4560336546778 -24.5860551206462 1.5999999999999996
      vertex 54.39156508839701 -24.766232693111924 1.5999999999999996
    endloop
  endfacet
  facet normal 0 0 1
    outer loop
      vertex 56.079163062900044 -28.271557493495052 1.5999999999999996
      vertex 54.39156508839701 -24.766232693111924 1.5999999999999996
      vertex 54.309746465479286 -24.939223636810695 1.5999999999999996
    endloop
  endfacet
  facet normal 0 0 1
    outer loop
      vertex 56.079163062900044 -28.271557493495052 1.5999999999999996
      vertex 54.309746465479286 -24.939223636810695 1.5999999999999996
      vertex 54.21136574398996 -25.103361954388223 1.5999999999999996
    endloop
  endfacet
  facet normal 0 0 1
    outer loop
      vertex 56.079163062900044 -28.271557493495052 1.5999999999999996
      vertex 54.21136574398996 -25.103361954388223 1.5999999999999996
      vertex 54.097370384057335 -25.257066904119107 1.5999999999999996
    endloop
  endfacet
  facet normal 0 0 1
    outer loop
      vertex 56.079163062900044 -28.271557493495052 1.5999999999999996
      vertex 52.589999999999996 -25.97 1.5999999999999996
      vertex 52.39886657635736 -25.96061021701078 1.5999999999999996
    endloop
  endfacet
  facet normal 0 0 1
    outer loop
      vertex 56.079163062900044 -28.271557493495052 1.5999999999999996
      vertex 52.781133423642636 -25.96061021701078 1.5999999999999996
      vertex 52.589999999999996 -25.97 1.5999999999999996
    endloop
  endfacet
  facet normal 0 0 1
    outer loop
      vertex 56.079163062900044 -28.271557493495052 1.5999999999999996
      vertex 52.97042612793145 -25.932531296786298 1.5999999999999996
      vertex 52.781133423642636 -25.96061021701078 1.5999999999999996
    endloop
  endfacet
  facet normal 0 0 1
    outer loop
      vertex 56.079163062900044 -28.271557493495052 1.5999999999999996
      vertex 53.336232693111924 -25.82156508839701 1.5999999999999996
      vertex 53.1560551206462 -25.886033654677806 1.5999999999999996
    endloop
  endfacet
  facet normal 0 0 1
    outer loop
      vertex 56.079163062900044 -28.271557493495052 1.5999999999999996
      vertex 53.1560551206462 -25.886033654677806 1.5999999999999996
      vertex 52.97042612793145 -25.932531296786298 1.5999999999999996
    endloop
  endfacet
  facet normal 0 0 1
    outer loop
      vertex 56.079163062900044 -28.271557493495052 1.5999999999999996
      vertex 53.50922363681069 -25.739746465479293 1.5999999999999996
      vertex 53.336232693111924 -25.82156508839701 1.5999999999999996
    endloop
  endfacet
  facet normal 0 0 1
    outer loop
      vertex 57.98431904221776 -22.947003228911296 1.5999999999999996
      vertex 56.079163062900044 -28.271557493495052 1.5999999999999996
      vertex 57.85317184652715 -25.61656572489954 1.5999999999999996
    endloop
  endfacet
  facet normal 0 0 1
    outer loop
      vertex 57.85317184652715 -25.61656572489954 1.5999999999999996
      vertex 57.163082867663995 -27.07563628160781 1.5999999999999996
      vertex 57.44056695391595 -26.612682052542986 1.5999999999999996
    endloop
  endfacet
  facet normal 0 0 1
    outer loop
      vertex 57.85317184652715 -25.61656572489954 1.5999999999999996
      vertex 57.44056695391595 -26.612682052542986 1.5999999999999996
      vertex 57.67133742881207 -26.124758878007995 1.5999999999999996
    endloop
  endfacet
  facet normal 0 0 1
    outer loop
      vertex 57.85317184652715 -25.61656572489954 1.5999999999999996
      vertex 56.079163062900044 -28.271557493495052 1.5999999999999996
      vertex 57.163082867663995 -27.07563628160781 1.5999999999999996
    endloop
  endfacet
  facet normal 0.9415440651830205 -0.33688985339222105 -1.473710510842051e-18
    outer loop
      vertex 57.85317184652715 -25.61656572489954 1.5999999999999996
      vertex 57.67133742881207 -26.124758878007995 1.5999999999999996
      vertex 57.67133742881207 -26.124758878007995 0
    endloop
  endfacet
  facet normal 0.9039892931234418 -0.42755509343028536 0
    outer loop
      vertex 57.67133742881207 -26.124758878007995 1.5999999999999996
      vertex 57.44056695391595 -26.612682052542986 1.5999999999999996
      vertex 57.67133742881207 -26.124758878007995 0
    endloop
  endfacet
  facet normal 0.8577286100002726 -0.514102744193221 0
    outer loop
      vertex 57.44056695391595 -26.612682052542986 1.5999999999999996
      vertex 57.163082867663995 -27.07563628160781 1.5999999999999996
      vertex 57.44056695391595 -26.612682052542986 0
    endloop
  endfacet
  facet normal 0.8032075314806492 -0.5956993044924275 -1.5772814937663463e-17
    outer loop
      vertex 56.84155749349505 -27.50916306290005 1.5999999999999996
      vertex 57.163082867663995 -27.07563628160781 0
      vertex 57.163082867663995 -27.07563628160781 1.5999999999999996
    endloop
  endfacet
  facet normal 0 0 1
    outer loop
      vertex 53.129094271812576 -29.493515996697084 1.5999999999999996
      vertex 54.69475887800799 -29.101337428812077 1.5999999999999996
      vertex 56.079163062900044 -28.271557493495052 1.5999999999999996
    endloop
  endfacet
  facet normal 0 0 1
    outer loop
      vertex 53.129094271812576 -29.493515996697084 1.5999999999999996
      vertex 54.18656572489954 -29.283171846527146 1.5999999999999996
      vertex 54.69475887800799 -29.101337428812077 1.5999999999999996
    endloop
  endfacet
  facet normal 0 0 1
    outer loop
      vertex 54.69475887800799 -29.101337428812077 1.5999999999999996
      vertex 55.18268205254299 -28.870566953915954 1.5999999999999996
      vertex 56.079163062900044 -28.271557493495052 1.5999999999999996
    endloop
  endfacet
  facet normal 0 0 1
    outer loop
      vertex 55.18268205254299 -28.870566953915954 1.5999999999999996
      vertex 55.64563628160781 -28.593082867664 1.5999999999999996
      vertex 56.079163062900044 -28.271557493495052 1.5999999999999996
    endloop
  endfacet
  facet normal 0 0 1
    outer loop
      vertex 56.84155749349505 -27.50916306290005 1.5999999999999996
      vertex 57.163082867663995 -27.07563628160781 1.5999999999999996
      vertex 56.079163062900044 -28.271557493495052 1.5999999999999996
    endloop
  endfacet
  facet normal 0 0 1
    outer loop
      vertex 56.84155749349505 -27.50916306290005 1.5999999999999996
      vertex 56.079163062900044 -28.271557493495052 1.5999999999999996
      vertex 56.47908729652601 -27.90908729652601 1.5999999999999996
    endloop
  endfacet
  facet normal 0.5956993044924349 -0.8032075314806437 0
    outer loop
      vertex 55.64563628160781 -28.593082867664 1.5999999999999996
      vertex 55.64563628160781 -28.593082867664 0
      vertex 56.079163062900044 -28.271557493495052 1.5999999999999996
    endloop
  endfacet
  facet normal 0.24298017990326545 -0.9700312531945435 0
    outer loop
      vertex 53.6629967710887 -29.414319042217766 1.5999999999999996
      vertex 53.6629967710887 -29.414319042217766 0
      vertex 54.18656572489954 -29.283171846527146 1.5999999999999996
    endloop
  endfacet
  facet normal 0.33688985339221733 -0.9415440651830218 4.198016015191333e-18
    outer loop
      vertex 54.18656572489954 -29.283171846527146 1.5999999999999996
      vertex 54.69475887800799 -29.101337428812077 0
      vertex 54.69475887800799 -29.101337428812077 1.5999999999999996
    endloop
  endfacet
  facet normal 0.4275550934302749 -0.9039892931234468 0
    outer loop
      vertex 54.69475887800799 -29.101337428812077 1.5999999999999996
      vertex 54.69475887800799 -29.101337428812077 0
      vertex 55.18268205254299 -28.870566953915954 1.5999999999999996
    endloop
  endfacet
  facet normal 0.5141027441932288 -0.8577286100002679 1.7375248749414692e-18
    outer loop
      vertex 55.18268205254299 -28.870566953915954 1.5999999999999996
      vertex 55.64563628160781 -28.593082867664 0
      vertex 55.64563628160781 -28.593082867664 1.5999999999999996
    endloop
  endfacet
  facet normal 0.6715589548470131 -0.7409511253549638 0
    outer loop
      vertex 56.47908729652601 -27.90908729652601 1.5999999999999996
      vertex 56.079163062900044 -28.271557493495052 1.5999999999999996
      vertex 56.47908729652601 -27.90908729652601 0
    endloop
  endfacet
  facet normal 0.740951125354958 -0.6715589548470197 -8.532401574459308e-18
    outer loop
      vertex 56.84155749349505 -27.50916306290005 1.5999999999999996
      vertex 56.47908729652601 -27.90908729652601 1.5999999999999996
      vertex 56.47908729652601 -27.90908729652601 0
    endloop
  endfacet
  facet normal 0 0 -1
    outer loop
      vertex 42.589999999999996 -29.18231403029981 0
      vertex 53.1560551206462 -25.886033654677806 0
      vertex 58.06351599669708 -24.559094271812583 0
    endloop
  endfacet
  facet normal 0 0 -1
    outer loop
      vertex 42.589999999999996 -29.18231403029981 0
      vertex 52.589999999999996 -25.97 0
      vertex 52.781133423642636 -25.96061021701078 0
    endloop
  endfacet
  facet normal 0 0 -1
    outer loop
      vertex 42.589999999999996 -29.18231403029981 0
      vertex 52.781133423642636 -25.96061021701078 0
      vertex 52.97042612793145 -25.932531296786298 0
    endloop
  endfacet
  facet normal 0 0 -1
    outer loop
      vertex 42.589999999999996 -29.18231403029981 0
      vertex 52.97042612793145 -25.932531296786298 0
      vertex 53.1560551206462 -25.886033654677806 0
    endloop
  endfacet
  facet normal 0 -1 0
    outer loop
      vertex 42.589999999999996 -29.52 0
      vertex 52.589999999999996 -29.52 0
      vertex 52.589999999999996 -29.52 1.5999999999999996
    endloop
  endfacet
  facet normal 0.0490676743274148 -0.9987954562051725 0
    outer loop
      vertex 53.129094271812576 -29.493515996697084 1.5999999999999996
      vertex 52.589999999999996 -29.52 0
      vertex 53.129094271812576 -29.493515996697084 0
    endloop
  endfacet
  facet normal 0.14673047445536652 -0.9891765099647802 0
    outer loop
      vertex 53.129094271812576 -29.493515996697084 1.5999999999999996
      vertex 53.129094271812576 -29.493515996697084 0
      vertex 53.6629967710887 -29.414319042217766 0
    endloop
  endfacet
  facet normal 0 0 -1
    outer loop
      vertex 42.589999999999996 -29.52 0
      vertex 54.18656572489954 -29.283171846527146 0
      vertex 52.589999999999996 -29.52 0
    endloop
  endfacet
  facet normal 0 0 -1
    outer loop
      vertex 42.589999999999996 -29.52 0
      vertex 58.06351599669708 -24.559094271812583 0
      vertex 54.18656572489954 -29.283171846527146 0
    endloop
  endfacet
  facet normal 0 0 -1
    outer loop
      vertex 52.589999999999996 -29.52 0
      vertex 53.6629967710887 -29.414319042217766 0
      vertex 53.129094271812576 -29.493515996697084 0
    endloop
  endfacet
  facet normal 0 0 -1
    outer loop
      vertex 52.589999999999996 -29.52 0
      vertex 54.18656572489954 -29.283171846527146 0
      vertex 53.6629967710887 -29.414319042217766 0
    endloop
  endfacet
  facet normal 0.9415440651830205 -0.33688985339222105 0
    outer loop
      vertex 57.85317184652715 -25.61656572489954 1.5999999999999996
      vertex 57.67133742881207 -26.124758878007995 0
      vertex 57.85317184652715 -25.61656572489954 0
    endloop
  endfacet
  facet normal 0.9039892931234418 -0.42755509343028536 0
    outer loop
      vertex 57.44056695391595 -26.612682052542986 1.5999999999999996
      vertex 57.44056695391595 -26.612682052542986 0
      vertex 57.67133742881207 -26.124758878007995 0
    endloop
  endfacet
  facet normal 0.8032075314806492 -0.5956993044924275 0
    outer loop
      vertex 56.84155749349505 -27.50916306290005 1.5999999999999996
      vertex 56.84155749349505 -27.50916306290005 0
      vertex 57.163082867663995 -27.07563628160781 0
    endloop
  endfacet
  facet normal 0.8577286100002726 -0.514102744193221 0
    outer loop
      vertex 57.163082867663995 -27.07563628160781 1.5999999999999996
      vertex 57.163082867663995 -27.07563628160781 0
      vertex 57.44056695391595 -26.612682052542986 0
    endloop
  endfacet
  facet normal 0 0 -1
    outer loop
      vertex 58.06351599669708 -24.559094271812583 0
      vertex 57.67133742881207 -26.124758878007995 0
      vertex 56.84155749349505 -27.50916306290005 0
    endloop
  endfacet
  facet normal 0 0 -1
    outer loop
      vertex 58.06351599669708 -24.559094271812583 0
      vertex 56.84155749349505 -27.50916306290005 0
      vertex 54.18656572489954 -29.283171846527146 0
    endloop
  endfacet
  facet normal 0 0 -1
    outer loop
      vertex 57.67133742881207 -26.124758878007995 0
      vertex 57.44056695391595 -26.612682052542986 0
      vertex 56.84155749349505 -27.50916306290005 0
    endloop
  endfacet
  facet normal 0 0 -1
    outer loop
      vertex 56.84155749349505 -27.50916306290005 0
      vertex 57.44056695391595 -26.612682052542986 0
      vertex 57.163082867663995 -27.07563628160781 0
    endloop
  endfacet
  facet normal 0.24298017990326545 -0.9700312531945435 0
    outer loop
      vertex 54.18656572489954 -29.283171846527146 1.5999999999999996
      vertex 53.6629967710887 -29.414319042217766 0
      vertex 54.18656572489954 -29.283171846527146 0
    endloop
  endfacet
  facet normal 0.33688985339221733 -0.9415440651830218 0
    outer loop
      vertex 54.18656572489954 -29.283171846527146 1.5999999999999996
      vertex 54.18656572489954 -29.283171846527146 0
      vertex 54.69475887800799 -29.101337428812077 0
    endloop
  endfacet
  facet normal 0.4275550934302749 -0.9039892931234468 0
    outer loop
      vertex 55.18268205254299 -28.870566953915954 1.5999999999999996
      vertex 54.69475887800799 -29.101337428812077 0
      vertex 55.18268205254299 -28.870566953915954 0
    endloop
  endfacet
  facet normal 0.5141027441932288 -0.8577286100002679 0
    outer loop
      vertex 55.18268205254299 -28.870566953915954 1.5999999999999996
      vertex 55.18268205254299 -28.870566953915954 0
      vertex 55.64563628160781 -28.593082867664 0
    endloop
  endfacet
  facet normal 0.740951125354958 -0.6715589548470197 0
    outer loop
      vertex 56.84155749349505 -27.50916306290005 1.5999999999999996
      vertex 56.47908729652601 -27.90908729652601 0
      vertex 56.84155749349505 -27.50916306290005 0
    endloop
  endfacet
  facet normal 0.6715589548470131 -0.7409511253549638 0
    outer loop
      vertex 56.079163062900044 -28.271557493495052 1.5999999999999996
      vertex 56.079163062900044 -28.271557493495052 0
      vertex 56.47908729652601 -27.90908729652601 0
    endloop
  endfacet
  facet normal 0.5956993044924349 -0.8032075314806437 0
    outer loop
      vertex 56.079163062900044 -28.271557493495052 1.5999999999999996
      vertex 55.64563628160781 -28.593082867664 0
      vertex 56.079163062900044 -28.271557493495052 0
    endloop
  endfacet
  facet normal 0 0 -1
    outer loop
      vertex 56.84155749349505 -27.50916306290005 0
      vertex 55.64563628160781 -28.593082867664 0
      vertex 54.18656572489954 -29.283171846527146 0
    endloop
  endfacet
  facet normal 0 0 -1
    outer loop
      vertex 54.18656572489954 -29.283171846527146 0
      vertex 55.18268205254299 -28.870566953915954 0
      vertex 54.69475887800799 -29.101337428812077 0
    endloop
  endfacet
  facet normal 0 0 -1
    outer loop
      vertex 54.18656572489954 -29.283171846527146 0
      vertex 55.64563628160781 -28.593082867664 0
      vertex 55.18268205254299 -28.870566953915954 0
    endloop
  endfacet
  facet normal 0 0 -1
    outer loop
      vertex 56.84155749349505 -27.50916306290005 0
      vertex 56.47908729652601 -27.90908729652601 0
      vertex 55.64563628160781 -28.593082867664 0
    endloop
  endfacet
  facet normal 0 0 -1
    outer loop
      vertex 55.64563628160781 -28.593082867664 0
      vertex 56.47908729652601 -27.90908729652601 0
      vertex 56.079163062900044 -28.271557493495052 0
    endloop
  endfacet
  facet normal 0 0 1
    outer loop
      vertex 17.19 -0.5 3.3000000000000007
      vertex 18.09 -3 3.3000000000000007
      vertex 18.09 -0.5 3.3000000000000007
    endloop
  endfacet
  facet normal 0 1 0
    outer loop
      vertex 17.19 -0.5 3.3000000000000007
      vertex 18.09 -0.5 3.3000000000000007
      vertex 18.09 -0.5 1.5999999999999996
    endloop
  endfacet
  facet normal -1 0 0
    outer loop
      vertex 17.19 -0.5 3.3000000000000007
      vertex 17.19 -0.5 1.5999999999999996
      vertex 17.19 -3 3.3000000000000007
    endloop
  endfacet
  facet normal 0 1 0
    outer loop
      vertex 17.19 -0.5 3.3000000000000007
      vertex 18.09 -0.5 1.5999999999999996
      vertex 17.19 -0.5 1.5999999999999996
    endloop
  endfacet
  facet normal 1 0 0
    outer loop
      vertex 18.09 -0.5 3.3000000000000007
      vertex 18.09 -3 1.5999999999999996
      vertex 18.09 -0.5 1.5999999999999996
    endloop
  endfacet
  facet normal 0 0 1
    outer loop
      vertex 17.19 -0.5 3.3000000000000007
      vertex 17.19 -3 3.3000000000000007
      vertex 18.09 -3 3.3000000000000007
    endloop
  endfacet
  facet normal 1 0 0
    outer loop
      vertex 18.09 -0.5 3.3000000000000007
      vertex 18.09 -3 3.3000000000000007
      vertex 18.09 -3 1.5999999999999996
    endloop
  endfacet
  facet normal 0 -1 0
    outer loop
      vertex 17.19 -3 3.3000000000000007
      vertex 17.19 -3 1.5999999999999996
      vertex 18.09 -3 3.3000000000000007
    endloop
  endfacet
  facet normal -1 0 0
    outer loop
      vertex 17.19 -3 3.3000000000000007
      vertex 17.19 -0.5 1.5999999999999996
      vertex 17.19 -3 1.5999999999999996
    endloop
  endfacet
  facet normal 0 -1 0
    outer loop
      vertex 18.09 -3 3.3000000000000007
      vertex 17.19 -3 1.5999999999999996
      vertex 18.09 -3 1.5999999999999996
    endloop
  endfacet
  facet normal 0 1 0
    outer loop
      vertex 17.19 -21 3.3000000000000007
      vertex 18.09 -21 3.3000000000000007
      vertex 18.09 -21 1.5999999999999996
    endloop
  endfacet
  facet normal 0 1 0
    outer loop
      vertex 17.19 -21 3.3000000000000007
      vertex 18.09 -21 1.5999999999999996
      vertex 17.19 -21 1.5999999999999996
    endloop
  endfacet
  facet normal 0 0 1
    outer loop
      vertex 17.19 -21 3.3000000000000007
      vertex 18.09 -24 3.3000000000000007
      vertex 18.09 -21 3.3000000000000007
    endloop
  endfacet
  facet normal 0 0 1
    outer loop
      vertex 17.19 -21 3.3000000000000007
      vertex 17.19 -24 3.3000000000000007
      vertex 18.09 -24 3.3000000000000007
    endloop
  endfacet
  facet normal -1 0 0
    outer loop
      vertex 17.19 -21 3.3000000000000007
      vertex 17.19 -21 1.5999999999999996
      vertex 17.19 -24 3.3000000000000007
    endloop
  endfacet
  facet normal 1 0 0
    outer loop
      vertex 18.09 -21 3.3000000000000007
      vertex 18.09 -24 3.3000000000000007
      vertex 18.09 -24 1.5999999999999996
    endloop
  endfacet
  facet normal 0 -1 0
    outer loop
      vertex 17.19 -24 3.3000000000000007
      vertex 17.19 -24 1.5999999999999996
      vertex 18.09 -24 3.3000000000000007
    endloop
  endfacet
  facet normal 1 0 0
    outer loop
      vertex 18.09 -21 3.3000000000000007
      vertex 18.09 -24 1.5999999999999996
      vertex 18.09 -21 1.5999999999999996
    endloop
  endfacet
  facet normal -1 0 0
    outer loop
      vertex 17.19 -21 1.5999999999999996
      vertex 17.19 -24 1.5999999999999996
      vertex 17.19 -24 3.3000000000000007
    endloop
  endfacet
  facet normal 0 -1 0
    outer loop
      vertex 18.09 -24 3.3000000000000007
      vertex 17.19 -24 1.5999999999999996
      vertex 18.09 -24 1.5999999999999996
    endloop
  endfacet
  facet normal -1 0 0
    outer loop
      vertex 0.19999999999999996 -4 2.6000000000000005
      vertex 0.19999999999999996 -4 1.5999999999999996
      vertex 0.19999999999999996 -5 2.6000000000000005
    endloop
  endfacet
  facet normal 0 -1 0
    outer loop
      vertex 0.19999999999999996 -5 2.6000000000000005
      vertex 0.19999999999999996 -5 1.5999999999999996
      vertex 1.2 -5 2.6000000000000005
    endloop
  endfacet
  facet normal 0 1 0
    outer loop
      vertex 0.19999999999999996 -4 2.6000000000000005
      vertex 1.2 -4 1.5999999999999996
      vertex 0.19999999999999996 -4 1.5999999999999996
    endloop
  endfacet
  facet normal -1 0 0
    outer loop
      vertex 0.19999999999999996 -5 2.6000000000000005
      vertex 0.19999999999999996 -4 1.5999999999999996
      vertex 0.19999999999999996 -5 1.5999999999999996
    endloop
  endfacet
  facet normal 0 1 0
    outer loop
      vertex 0.19999999999999996 -4 2.6000000000000005
      vertex 1.2 -4 2.6000000000000005
      vertex 1.2 -4 1.5999999999999996
    endloop
  endfacet
  facet normal 1 0 0
    outer loop
      vertex 1.2 -4 2.6000000000000005
      vertex 1.2 -5 2.6000000000000005
      vertex 1.2 -5 1.5999999999999996
    endloop
  endfacet
  facet normal 1 0 0
    outer loop
      vertex 1.2 -4 2.6000000000000005
      vertex 1.2 -5 1.5999999999999996
      vertex 1.2 -4 1.5999999999999996
    endloop
  endfacet
  facet normal 0 -1 0
    outer loop
      vertex 1.2 -5 2.6000000000000005
      vertex 0.19999999999999996 -5 1.5999999999999996
      vertex 1.2 -5 1.5999999999999996
    endloop
  endfacet
  facet normal -1 0 0
    outer loop
      vertex 0.19999999999999996 -17 2.6000000000000005
      vertex 0.19999999999999996 -17 1.5999999999999996
      vertex 0.19999999999999996 -18 2.6000000000000005
    endloop
  endfacet
  facet normal 0 1 0
    outer loop
      vertex 0.19999999999999996 -17 2.6000000000000005
      vertex 1.2 -17 1.5999999999999996
      vertex 0.19999999999999996 -17 1.5999999999999996
    endloop
  endfacet
  facet normal 0 1 0
    outer loop
      vertex 0.19999999999999996 -17 2.6000000000000005
      vertex 1.2 -17 2.6000000000000005
      vertex 1.2 -17 1.5999999999999996
    endloop
  endfacet
  facet normal 1 0 0
    outer loop
      vertex 1.2 -17 2.6000000000000005
      vertex 1.2 -17.652173913043477 2.6000000000000005
      vertex 1.2 -18 1.5999999999999996
    endloop
  endfacet
  facet normal 1 0 0
    outer loop
      vertex 1.2 -17 2.6000000000000005
      vertex 1.2 -18 1.5999999999999996
      vertex 1.2 -17 1.5999999999999996
    endloop
  endfacet
  facet normal 1 0 0
    outer loop
      vertex 1.2 -17.652173913043477 2.6000000000000005
      vertex 1.2 -18 2.76289592760181
      vertex 1.2 -18 2.6000000000000005
    endloop
  endfacet
  facet normal 0 -1 0
    outer loop
      vertex 0.19999999999999996 -18 2.6000000000000005
      vertex 0.19999999999999996 -18 1.5999999999999996
      vertex 1.2 -18 2.6000000000000005
    endloop
  endfacet
  facet normal -1 0 0
    outer loop
      vertex 0.19999999999999996 -18 2.6000000000000005
      vertex 0.19999999999999996 -17 1.5999999999999996
      vertex 0.19999999999999996 -18 1.5999999999999996
    endloop
  endfacet
  facet normal 1 0 0
    outer loop
      vertex 1.2 -17.652173913043477 2.6000000000000005
      vertex 1.2 -18 2.6000000000000005
      vertex 1.2 -18 1.5999999999999996
    endloop
  endfacet
  facet normal 0 -1 0
    outer loop
      vertex 1.2 -18 2.6000000000000005
      vertex 0.19999999999999996 -18 1.5999999999999996
      vertex 1.2 -18 1.5999999999999996
    endloop
  endfacet
  facet normal 0 1 0
    outer loop
      vertex 0.19999999999999996 -4 3.2
      vertex 1.2 -4 2.6000000000000005
      vertex 0.19999999999999996 -4 2.6000000000000005
    endloop
  endfacet
  facet normal -1 0 0
    outer loop
      vertex 0.19999999999999996 -4 3.2
      vertex 0.19999999999999996 -4 2.6000000000000005
      vertex 0.19999999999999996 -5 2.6000000000000005
    endloop
  endfacet
  facet normal 0 1 0
    outer loop
      vertex 0.19999999999999996 -4 3.2
      vertex 1.2 -4 3.2
      vertex 1.2 -4 2.6000000000000005
    endloop
  endfacet
  facet normal 0 0 1
    outer loop
      vertex 0.19999999999999996 -4 3.2
      vertex 0.19999999999999996 -10.4 3.2
      vertex 1.2 -4 3.2
    endloop
  endfacet
  facet normal -1 0 0
    outer loop
      vertex 0.19999999999999996 -4 3.2
      vertex 0.19999999999999996 -5 2.6000000000000005
      vertex 0.19999999999999996 -17 2.6000000000000005
    endloop
  endfacet
  facet normal 1 0 0
    outer loop
      vertex 1.2 -4 3.2
      vertex 1.2 -10.4 3.2
      vertex 1.2 -4 2.6000000000000005
    endloop
  endfacet
  facet normal 0 0 1
    outer loop
      vertex 1.2 -4 3.2
      vertex 0.19999999999999996 -10.4 3.2
      vertex 1.2 -10.4 3.2
    endloop
  endfacet
  facet normal 1 0 0
    outer loop
      vertex 1.2 -4 2.6000000000000005
      vertex 1.2 -10.4 3.2
      vertex 1.2 -11.6 3.2
    endloop
  endfacet
  facet normal 1 0 0
    outer loop
      vertex 1.2 -4 2.6000000000000005
      vertex 1.2 -18 2.76289592760181
      vertex 1.2 -5 2.6000000000000005
    endloop
  endfacet
  facet normal 0 0 -1
    outer loop
      vertex 0.19999999999999996 -5 2.6000000000000005
      vertex 1.2 -5 2.6000000000000005
      vertex 1.2 -17 2.6000000000000005
    endloop
  endfacet
  facet normal -1 0 0
    outer loop
      vertex 0.19999999999999996 -4 3.2
      vertex 0.19999999999999996 -18 2.6000000000000005
      vertex 0.19999999999999996 -10.4 3.2
    endloop
  endfacet
  facet normal -1 0 0
    outer loop
      vertex 0.19999999999999996 -10.4 3.2
      vertex 0.19999999999999996 -18 2.6000000000000005
      vertex 0.19999999999999996 -11.6 3.2
    endloop
  endfacet
  facet normal -1 0 0
    outer loop
      vertex 0.19999999999999996 -4 3.2
      vertex 0.19999999999999996 -17 2.6000000000000005
      vertex 0.19999999999999996 -18 2.6000000000000005
    endloop
  endfacet
  facet normal 1 0 0
    outer loop
      vertex 1.2 -4 2.6000000000000005
      vertex 1.2 -11.6 3.2
      vertex 1.2 -18 3.2
    endloop
  endfacet
  facet normal 1 0 0
    outer loop
      vertex 1.2 -4 2.6000000000000005
      vertex 1.2 -18 3.2
      vertex 1.2 -18 2.76289592760181
    endloop
  endfacet
  facet normal 1 0 0
    outer loop
      vertex 1.2 -5 2.6000000000000005
      vertex 1.2 -18 2.76289592760181
      vertex 1.2 -17 2.6000000000000005
    endloop
  endfacet
  facet normal 0 0 -1
    outer loop
      vertex 0.19999999999999996 -5 2.6000000000000005
      vertex 1.2 -17 2.6000000000000005
      vertex 0.19999999999999996 -17 2.6000000000000005
    endloop
  endfacet
  facet normal 0 0 1
    outer loop
      vertex 0.19999999999999996 -11.6 3.2
      vertex 0.19999999999999996 -18 3.2
      vertex 1.2 -11.6 3.2
    endloop
  endfacet
  facet normal -1 0 0
    outer loop
      vertex 0.19999999999999996 -11.6 3.2
      vertex 0.19999999999999996 -18 2.6000000000000005
      vertex 0.19999999999999996 -18 3.2
    endloop
  endfacet
  facet normal 0 0 1
    outer loop
      vertex 1.2 -11.6 3.2
      vertex 0.19999999999999996 -18 3.2
      vertex 1.2 -18 3.2
    endloop
  endfacet
  facet normal 1 0 0
    outer loop
      vertex 1.2 -17 2.6000000000000005
      vertex 1.2 -18 2.76289592760181
      vertex 1.2 -17.652173913043477 2.6000000000000005
    endloop
  endfacet
  facet normal 0 -1 0
    outer loop
      vertex 0.19999999999999996 -18 3.2
      vertex 0.19999999999999996 -18 2.6000000000000005
      vertex 1.2 -18 3.2
    endloop
  endfacet
  facet normal 0 -1 0
    outer loop
      vertex 1.2 -18 3.2
      vertex 0.19999999999999996 -18 2.6000000000000005
      vertex 1.2 -18 2.76289592760181
    endloop
  endfacet
  facet normal 0 -1 0
    outer loop
      vertex 1.2 -18 2.76289592760181
      vertex 0.19999999999999996 -18 2.6000000000000005
      vertex 1.2 -18 2.6000000000000005
    endloop
  endfacet
  facet normal 0 0 1
    outer loop
      vertex 0.19999999999999996 -10.4 3.6000000000000005
      vertex 0.19999999999999996 -11.6 3.6000000000000005
      vertex 1.2 -11.6 3.6000000000000005
    endloop
  endfacet
  facet normal 0 0 1
    outer loop
      vertex 0.19999999999999996 -10.4 3.6000000000000005
      vertex 1.2 -11.6 3.6000000000000005
      vertex 1.2 -10.4 3.6000000000000005
    endloop
  endfacet
  facet normal 0 1 0
    outer loop
      vertex 0.19999999999999996 -10.4 3.6000000000000005
      vertex 1.2 -10.4 3.6000000000000005
      vertex 0.19999999999999996 -10.4 3.2
    endloop
  endfacet
  facet normal -1 0 0
    outer loop
      vertex 0.19999999999999996 -10.4 3.6000000000000005
      vertex 0.19999999999999996 -11.6 3.2
      vertex 0.19999999999999996 -11.6 3.6000000000000005
    endloop
  endfacet
  facet normal -1 0 0
    outer loop
      vertex 0.19999999999999996 -10.4 3.6000000000000005
      vertex 0.19999999999999996 -10.4 3.2
      vertex 0.19999999999999996 -11.6 3.2
    endloop
  endfacet
  facet normal 0 -1 0
    outer loop
      vertex 0.19999999999999996 -11.6 3.6000000000000005
      vertex 0.19999999999999996 -11.6 3.2
      vertex 1.2 -11.6 3.2
    endloop
  endfacet
  facet normal 0 1 0
    outer loop
      vertex 1.2 -10.4 3.6000000000000005
      vertex 1.2 -10.4 3.2
      vertex 0.19999999999999996 -10.4 3.2
    endloop
  endfacet
  facet normal 1 0 0
    outer loop
      vertex 1.2 -10.4 3.6000000000000005
      vertex 1.2 -11.6 3.6000000000000005
      vertex 1.2 -10.4 3.2
    endloop
  endfacet
  facet normal 1 0 0
    outer loop
      vertex 1.2 -11.6 3.6000000000000005
      vertex 1.2 -11.6 3.2
      vertex 1.2 -10.4 3.2
    endloop
  endfacet
  facet normal 0 -1 0
    outer loop
      vertex 0.19999999999999996 -11.6 3.6000000000000005
      vertex 1.2 -11.6 3.2
      vertex 1.2 -11.6 3.6000000000000005
    endloop
  endfacet
  facet normal -1 0 0
    outer loop
      vertex 8.5 -2.5 2.6000000000000005
      vertex 8.5 -2.5 1.5999999999999996
      vertex 8.5 -3.5 2.6000000000000005
    endloop
  endfacet
  facet normal 0 1 0
    outer loop
      vertex 8.5 -2.5 2.6000000000000005
      vertex 9.5 -2.5 2.6000000000000005
      vertex 9.5 -2.5 1.5999999999999996
    endloop
  endfacet
  facet normal 0 -1 0
    outer loop
      vertex 8.5 -3.5 2.6000000000000005
      vertex 8.5 -3.5 1.5999999999999996
      vertex 9.5 -3.5 2.6000000000000005
    endloop
  endfacet
  facet normal 0 1 0
    outer loop
      vertex 8.5 -2.5 2.6000000000000005
      vertex 9.5 -2.5 1.5999999999999996
      vertex 8.5 -2.5 1.5999999999999996
    endloop
  endfacet
  facet normal -1 0 0
    outer loop
      vertex 8.5 -3.5 2.6000000000000005
      vertex 8.5 -2.5 1.5999999999999996
      vertex 8.5 -3.5 1.5999999999999996
    endloop
  endfacet
  facet normal 0 -1 0
    outer loop
      vertex 9.5 -3.5 2.6000000000000005
      vertex 8.5 -3.5 1.5999999999999996
      vertex 9.5 -3.5 1.5999999999999996
    endloop
  endfacet
  facet normal 1 0 0
    outer loop
      vertex 9.5 -2.5 2.6000000000000005
      vertex 9.5 -3.5 2.6000000000000005
      vertex 9.5 -3.5 1.5999999999999996
    endloop
  endfacet
  facet normal 1 0 0
    outer loop
      vertex 9.5 -2.5 2.6000000000000005
      vertex 9.5 -3.5 1.5999999999999996
      vertex 9.5 -2.5 1.5999999999999996
    endloop
  endfacet
  facet normal 1 0 0
    outer loop
      vertex 9.5 -17.5 2.76289592760181
      vertex 9.5 -17.5 2.6000000000000005
      vertex 9.5 -17.150621118012424 2.6000000000000005
    endloop
  endfacet
  facet normal 0 1 0
    outer loop
      vertex 8.5 -16.5 2.6000000000000005
      vertex 9.5 -16.5 2.6000000000000005
      vertex 9.5 -16.5 1.5999999999999996
    endloop
  endfacet
  facet normal -1 0 0
    outer loop
      vertex 8.5 -16.5 2.6000000000000005
      vertex 8.5 -16.5 1.5999999999999996
      vertex 8.5 -17.5 2.6000000000000005
    endloop
  endfacet
  facet normal 0 -1 0
    outer loop
      vertex 8.5 -17.5 2.6000000000000005
      vertex 8.5 -17.5 1.5999999999999996
      vertex 9.5 -17.5 2.6000000000000005
    endloop
  endfacet
  facet normal 0 1 0
    outer loop
      vertex 8.5 -16.5 2.6000000000000005
      vertex 9.5 -16.5 1.5999999999999996
      vertex 8.5 -16.5 1.5999999999999996
    endloop
  endfacet
  facet normal -1 0 0
    outer loop
      vertex 8.5 -17.5 2.6000000000000005
      vertex 8.5 -16.5 1.5999999999999996
      vertex 8.5 -17.5 1.5999999999999996
    endloop
  endfacet
  facet normal 0 -1 0
    outer loop
      vertex 9.5 -17.5 2.6000000000000005
      vertex 8.5 -17.5 1.5999999999999996
      vertex 9.5 -17.5 1.5999999999999996
    endloop
  endfacet
  facet normal 1 0 0
    outer loop
      vertex 9.5 -16.5 2.6000000000000005
      vertex 9.5 -17.150621118012424 2.6000000000000005
      vertex 9.5 -17.5 1.5999999999999996
    endloop
  endfacet
  facet normal 1 0 0
    outer loop
      vertex 9.5 -17.150621118012424 2.6000000000000005
      vertex 9.5 -17.5 2.6000000000000005
      vertex 9.5 -17.5 1.5999999999999996
    endloop
  endfacet
  facet normal 1 0 0
    outer loop
      vertex 9.5 -16.5 2.6000000000000005
      vertex 9.5 -17.5 1.5999999999999996
      vertex 9.5 -16.5 1.5999999999999996
    endloop
  endfacet
  facet normal 0 1 0
    outer loop
      vertex 8.5 -2.5 3.2
      vertex 9.5 -2.5 3.2
      vertex 9.5 -2.5 2.6000000000000005
    endloop
  endfacet
  facet normal 0 1 0
    outer loop
      vertex 8.5 -2.5 3.2
      vertex 9.5 -2.5 2.6000000000000005
      vertex 8.5 -2.5 2.6000000000000005
    endloop
  endfacet
  facet normal -1 0 0
    outer loop
      vertex 8.5 -2.5 3.2
      vertex 8.5 -2.5 2.6000000000000005
      vertex 8.5 -3.5 2.6000000000000005
    endloop
  endfacet
  facet normal 0 0 1
    outer loop
      vertex 8.5 -2.5 3.2
      vertex 8.5 -9.4 3.2
      vertex 9.5 -2.5 3.2
    endloop
  endfacet
  facet normal 1 0 0
    outer loop
      vertex 9.5 -2.5 3.2
      vertex 9.5 -9.4 3.2
      vertex 9.5 -2.5 2.6000000000000005
    endloop
  endfacet
  facet normal 0 0 1
    outer loop
      vertex 9.5 -2.5 3.2
      vertex 8.5 -9.4 3.2
      vertex 9.5 -9.4 3.2
    endloop
  endfacet
  facet normal -1 0 0
    outer loop
      vertex 8.5 -2.5 3.2
      vertex 8.5 -3.5 2.6000000000000005
      vertex 8.5 -16.5 2.6000000000000005
    endloop
  endfacet
  facet normal 1 0 0
    outer loop
      vertex 9.5 -2.5 2.6000000000000005
      vertex 9.5 -9.4 3.2
      vertex 9.5 -10.6 3.2
    endloop
  endfacet
  facet normal 1 0 0
    outer loop
      vertex 9.5 -2.5 2.6000000000000005
      vertex 9.5 -17.5 2.76289592760181
      vertex 9.5 -3.5 2.6000000000000005
    endloop
  endfacet
  facet normal 0 0 -1
    outer loop
      vertex 8.5 -3.5 2.6000000000000005
      vertex 9.5 -3.5 2.6000000000000005
      vertex 9.5 -16.5 2.6000000000000005
    endloop
  endfacet
  facet normal -1 0 0
    outer loop
      vertex 8.5 -2.5 3.2
      vertex 8.5 -17.5 2.6000000000000005
      vertex 8.5 -9.4 3.2
    endloop
  endfacet
  facet normal 0 0 1
    outer loop
      vertex 8.5 -10.6 3.2
      vertex 8.5 -17.5 3.2
      vertex 9.5 -10.6 3.2
    endloop
  endfacet
  facet normal -1 0 0
    outer loop
      vertex 8.5 -9.4 3.2
      vertex 8.5 -17.5 2.6000000000000005
      vertex 8.5 -10.6 3.2
    endloop
  endfacet
  facet normal -1 0 0
    outer loop
      vertex 8.5 -2.5 3.2
      vertex 8.5 -16.5 2.6000000000000005
      vertex 8.5 -17.5 2.6000000000000005
    endloop
  endfacet
  facet normal 1 0 0
    outer loop
      vertex 9.5 -2.5 2.6000000000000005
      vertex 9.5 -10.6 3.2
      vertex 9.5 -17.5 3.2
    endloop
  endfacet
  facet normal 1 0 0
    outer loop
      vertex 9.5 -2.5 2.6000000000000005
      vertex 9.5 -17.5 3.2
      vertex 9.5 -17.5 2.76289592760181
    endloop
  endfacet
  facet normal 1 0 0
    outer loop
      vertex 9.5 -3.5 2.6000000000000005
      vertex 9.5 -17.5 2.76289592760181
      vertex 9.5 -16.5 2.6000000000000005
    endloop
  endfacet
  facet normal 0 0 -1
    outer loop
      vertex 8.5 -3.5 2.6000000000000005
      vertex 9.5 -16.5 2.6000000000000005
      vertex 8.5 -16.5 2.6000000000000005
    endloop
  endfacet
  facet normal 0 0 1
    outer loop
      vertex 9.5 -10.6 3.2
      vertex 8.5 -17.5 3.2
      vertex 9.5 -17.5 3.2
    endloop
  endfacet
  facet normal -1 0 0
    outer loop
      vertex 8.5 -10.6 3.2
      vertex 8.5 -17.5 2.6000000000000005
      vertex 8.5 -17.5 3.2
    endloop
  endfacet
  facet normal 0 -1 0
    outer loop
      vertex 8.5 -17.5 3.2
      vertex 8.5 -17.5 2.6000000000000005
      vertex 9.5 -17.5 3.2
    endloop
  endfacet
  facet normal 0 -1 0
    outer loop
      vertex 9.5 -17.5 3.2
      vertex 8.5 -17.5 2.6000000000000005
      vertex 9.5 -17.5 2.76289592760181
    endloop
  endfacet
  facet normal 0 -1 0
    outer loop
      vertex 9.5 -17.5 2.76289592760181
      vertex 8.5 -17.5 2.6000000000000005
      vertex 9.5 -17.5 2.6000000000000005
    endloop
  endfacet
  facet normal 1 0 0
    outer loop
      vertex 9.5 -17.5 2.76289592760181
      vertex 9.5 -17.150621118012424 2.6000000000000005
      vertex 9.5 -16.5 2.6000000000000005
    endloop
  endfacet
  facet normal 0 0 1
    outer loop
      vertex 8.5 -9.4 3.6000000000000005
      vertex 8.5 -10.6 3.6000000000000005
      vertex 9.5 -10.6 3.6000000000000005
    endloop
  endfacet
  facet normal 0 0 1
    outer loop
      vertex 8.5 -9.4 3.6000000000000005
      vertex 9.5 -10.6 3.6000000000000005
      vertex 9.5 -9.4 3.6000000000000005
    endloop
  endfacet
  facet normal 0 1 0
    outer loop
      vertex 8.5 -9.4 3.6000000000000005
      vertex 9.5 -9.4 3.6000000000000005
      vertex 8.5 -9.4 3.2
    endloop
  endfacet
  facet normal 0 1 0
    outer loop
      vertex 9.5 -9.4 3.6000000000000005
      vertex 9.5 -9.4 3.2
      vertex 8.5 -9.4 3.2
    endloop
  endfacet
  facet normal -1 0 0
    outer loop
      vertex 8.5 -9.4 3.6000000000000005
      vertex 8.5 -10.6 3.2
      vertex 8.5 -10.6 3.6000000000000005
    endloop
  endfacet
  facet normal -1 0 0
    outer loop
      vertex 8.5 -9.4 3.6000000000000005
      vertex 8.5 -9.4 3.2
      vertex 8.5 -10.6 3.2
    endloop
  endfacet
  facet normal 0 -1 0
    outer loop
      vertex 8.5 -10.6 3.6000000000000005
      vertex 9.5 -10.6 3.2
      vertex 9.5 -10.6 3.6000000000000005
    endloop
  endfacet
  facet normal 0 -1 0
    outer loop
      vertex 8.5 -10.6 3.6000000000000005
      vertex 8.5 -10.6 3.2
      vertex 9.5 -10.6 3.2
    endloop
  endfacet
  facet normal 1 0 0
    outer loop
      vertex 9.5 -9.4 3.6000000000000005
      vertex 9.5 -10.6 3.6000000000000005
      vertex 9.5 -9.4 3.2
    endloop
  endfacet
  facet normal 1 0 0
    outer loop
      vertex 9.5 -10.6 3.6000000000000005
      vertex 9.5 -10.6 3.2
      vertex 9.5 -9.4 3.2
    endloop
  endfacet
  facet normal 0 0 1
    outer loop
      vertex 25.14 -2.3 3.24
      vertex 26.14 -3.3 3.24
      vertex 26.14 -2.3 3.24
    endloop
  endfacet
  facet normal 0 1 0
    outer loop
      vertex 25.14 -2.3 3.24
      vertex 26.14 -2.3 3.24
      vertex 26.14 -2.3 2.6400000000000006
    endloop
  endfacet
  facet normal 1 0 0
    outer loop
      vertex 26.14 -2.3 3.24
      vertex 26.14 -2.953258993760786 2.6678773397052975
      vertex 26.14 -2.8941084148255465 2.6400000000000006
    endloop
  endfacet
  facet normal -1 0 0
    outer loop
      vertex 25.14 -2.3 3.24
      vertex 25.14 -2.3 2.6400000000000006
      vertex 25.14 -3.3 2.6400000000000006
    endloop
  endfacet
  facet normal 1 0 0
    outer loop
      vertex 26.14 -2.3 3.24
      vertex 26.14 -2.8941084148255465 2.6400000000000006
      vertex 26.14 -2.3 2.6400000000000006
    endloop
  endfacet
  facet normal -1 0 0
    outer loop
      vertex 25.14 -2.3 3.24
      vertex 25.14 -3.3 2.6400000000000006
      vertex 25.14 -3.3 3.24
    endloop
  endfacet
  facet normal 1 0 0
    outer loop
      vertex 26.14 -2.3 3.24
      vertex 26.14 -3.3 3.24
      vertex 26.14 -2.953258993760786 2.6678773397052975
    endloop
  endfacet
  facet normal 1 0 0
    outer loop
      vertex 26.14 -3.3 3.24
      vertex 26.14 -3.3 2.6400000000000006
      vertex 26.14 -2.953258993760786 2.6678773397052975
    endloop
  endfacet
  facet normal 0 1 0
    outer loop
      vertex 25.14 -2.3 2.6400000000000006
      vertex 26.14 -2.3 2.6400000000000006
      vertex 26.14 -2.3 1.5999999999999996
    endloop
  endfacet
  facet normal -1 0 0
    outer loop
      vertex 25.14 -2.3 2.6400000000000006
      vertex 25.14 -2.3 1.5999999999999996
      vertex 25.14 -3.3 2.6400000000000006
    endloop
  endfacet
  facet normal 1 0 0
    outer loop
      vertex 26.14 -2.3 2.6400000000000006
      vertex 26.14 -2.8941084148255465 2.6400000000000006
      vertex 26.14 -3.3 1.5999999999999996
    endloop
  endfacet
  facet normal 0 -1 0
    outer loop
      vertex 25.14 -3.3 2.6400000000000006
      vertex 25.14 -3.3 1.5999999999999996
      vertex 26.14 -3.3 2.6400000000000006
    endloop
  endfacet
  facet normal 1 0 0
    outer loop
      vertex 26.14 -2.953258993760786 2.6678773397052975
      vertex 26.14 -3.3 1.5999999999999996
      vertex 26.14 -2.9363636363636365 2.6400000000000006
    endloop
  endfacet
  facet normal 1 0 0
    outer loop
      vertex 26.14 -2.953258993760786 2.6678773397052975
      vertex 26.14 -3.3 2.6400000000000006
      vertex 26.14 -3.3 1.5999999999999996
    endloop
  endfacet
  facet normal 1 0 0
    outer loop
      vertex 26.14 -2.8941084148255465 2.6400000000000006
      vertex 26.14 -2.9363636363636365 2.6400000000000006
      vertex 26.14 -3.3 1.5999999999999996
    endloop
  endfacet
  facet normal 0 1 0
    outer loop
      vertex 25.14 -2.3 2.6400000000000006
      vertex 26.14 -2.3 1.5999999999999996
      vertex 25.14 -2.3 1.5999999999999996
    endloop
  endfacet
  facet normal 1 0 0
    outer loop
      vertex 26.14 -2.3 2.6400000000000006
      vertex 26.14 -3.3 1.5999999999999996
      vertex 26.14 -2.3 1.5999999999999996
    endloop
  endfacet
  facet normal -1 0 0
    outer loop
      vertex 25.14 -3.3 2.6400000000000006
      vertex 25.14 -2.3 1.5999999999999996
      vertex 25.14 -3.3 1.5999999999999996
    endloop
  endfacet
  facet normal 0 -1 0
    outer loop
      vertex 26.14 -3.3 2.6400000000000006
      vertex 25.14 -3.3 1.5999999999999996
      vertex 26.14 -3.3 1.5999999999999996
    endloop
  endfacet
  facet normal 0 0 1
    outer loop
      vertex 26.06887624466572 -15.36 3.24
      vertex 26.14 -16.36 3.24
      vertex 26.14 -15.36 3.24
    endloop
  endfacet
  facet normal 1 0 0
    outer loop
      vertex 26.14 -15.36 3.24
      vertex 26.14 -16.36 3.24
      vertex 26.14 -15.36 2.7687055476529165
    endloop
  endfacet
  facet normal -1 0 0
    outer loop
      vertex 25.14 -15.36 3.24
      vertex 25.14 -16.36 2.6400000000000006
      vertex 25.14 -16.36 3.24
    endloop
  endfacet
  facet normal -1 0 0
    outer loop
      vertex 25.14 -15.36 3.24
      vertex 25.14 -15.36 2.6400000000000006
      vertex 25.14 -16.36 2.6400000000000006
    endloop
  endfacet
  facet normal 0 1 0
    outer loop
      vertex 25.14 -15.36 2.6400000000000006
      vertex 26.14 -15.36 2.6400000000000006
      vertex 26.14 -15.36 1.5999999999999996
    endloop
  endfacet
  facet normal 0 1 0
    outer loop
      vertex 25.14 -15.36 2.6400000000000006
      vertex 26.14 -15.36 1.5999999999999996
      vertex 25.14 -15.36 1.5999999999999996
    endloop
  endfacet
  facet normal 0 -1 0
    outer loop
      vertex 26.14 -16.36 3.24
      vertex 25.776363636363637 -16.36 2.6400000000000006
      vertex 26.14 -16.36 1.5999999999999996
    endloop
  endfacet
  facet normal 1 0 0
    outer loop
      vertex 26.14 -16.36 3.24
      vertex 26.14 -16.36 1.5999999999999996
      vertex 26.14 -15.996363636363636 2.6400000000000006
    endloop
  endfacet
  facet normal -1 0 0
    outer loop
      vertex 25.14 -15.36 2.6400000000000006
      vertex 25.14 -15.36 1.5999999999999996
      vertex 25.14 -16.36 2.6400000000000006
    endloop
  endfacet
  facet normal 0 -1 0
    outer loop
      vertex 25.14 -16.36 2.6400000000000006
      vertex 25.14 -16.36 1.5999999999999996
      vertex 25.776363636363637 -16.36 2.6400000000000006
    endloop
  endfacet
  facet normal 1 0 0
    outer loop
      vertex 26.14 -15.36 2.6400000000000006
      vertex 26.14 -15.996363636363636 2.6400000000000006
      vertex 26.14 -16.36 1.5999999999999996
    endloop
  endfacet
  facet normal -1 0 0
    outer loop
      vertex 25.14 -16.36 2.6400000000000006
      vertex 25.14 -15.36 1.5999999999999996
      vertex 25.14 -16.36 1.5999999999999996
    endloop
  endfacet
  facet normal 0 -1 0
    outer loop
      vertex 25.776363636363637 -16.36 2.6400000000000006
      vertex 25.14 -16.36 1.5999999999999996
      vertex 26.14 -16.36 1.5999999999999996
    endloop
  endfacet
  facet normal 1 0 0
    outer loop
      vertex 26.14 -15.36 2.6400000000000006
      vertex 26.14 -16.36 1.5999999999999996
      vertex 26.14 -15.36 1.5999999999999996
    endloop
  endfacet
  facet normal 0 0 1
    outer loop
      vertex 25.14 -2.3 3.24
      vertex 25.14 -3.3 3.24
      vertex 26.14 -3.3 3.24
    endloop
  endfacet
  facet normal 0 1 0
    outer loop
      vertex 25.14 -2.3 3.24
      vertex 26.14 -2.3 2.6400000000000006
      vertex 25.14 -2.3 2.6400000000000006
    endloop
  endfacet
  facet normal 1 0 0
    outer loop
      vertex 26.14 -2.953258993760786 2.6678773397052975
      vertex 26.14 -2.9363636363636365 2.6400000000000006
      vertex 26.14 -2.8941084148255465 2.6400000000000006
    endloop
  endfacet
  facet normal 0 0 1
    outer loop
      vertex 25.14 -3.3 3.24
      vertex 25.14 -8.73 3.24
      vertex 26.14 -3.3 3.24
    endloop
  endfacet
  facet normal 1 0 0
    outer loop
      vertex 26.14 -3.3 3.24
      vertex 26.14 -8.73 3.2300000000000004
      vertex 26.14 -3.3 2.6400000000000006
    endloop
  endfacet
  facet normal -1 0 0
    outer loop
      vertex 25.14 -3.3 3.24
      vertex 25.14 -8.73 3.2300000000000004
      vertex 25.14 -8.73 3.24
    endloop
  endfacet
  facet normal 0 0 1
    outer loop
      vertex 26.14 -3.3 3.24
      vertex 25.14 -8.73 3.24
      vertex 26.14 -8.73 3.24
    endloop
  endfacet
  facet normal 1 0 0
    outer loop
      vertex 26.14 -3.3 3.24
      vertex 26.14 -8.73 3.24
      vertex 26.14 -8.73 3.2300000000000004
    endloop
  endfacet
  facet normal 1 0 0
    outer loop
      vertex 26.14 -3.3 2.6400000000000006
      vertex 26.14 -8.73 3.2300000000000004
      vertex 26.14 -9.93 3.2300000000000004
    endloop
  endfacet
  facet normal -1 0 0
    outer loop
      vertex 25.14 -3.3 3.24
      vertex 25.14 -3.3 2.6400000000000006
      vertex 25.14 -15.36 2.6400000000000006
    endloop
  endfacet
  facet normal 0 0 -1
    outer loop
      vertex 25.14 -3.3 2.6400000000000006
      vertex 26.14 -3.3 2.6400000000000006
      vertex 26.14 -15.36 2.6400000000000006
    endloop
  endfacet
  facet normal -1 0 0
    outer loop
      vertex 25.14 -3.3 3.24
      vertex 25.14 -15.36 2.6400000000000006
      vertex 25.14 -8.73 3.2300000000000004
    endloop
  endfacet
  facet normal 1 0 0
    outer loop
      vertex 26.14 -3.3 2.6400000000000006
      vertex 26.14 -9.93 3.2300000000000004
      vertex 26.14 -15.36 3.24
    endloop
  endfacet
  facet normal -1 0 0
    outer loop
      vertex 25.14 -8.73 3.2300000000000004
      vertex 25.14 -15.36 2.6400000000000006
      vertex 25.14 -9.93 3.2300000000000004
    endloop
  endfacet
  facet normal 1 0 0
    outer loop
      vertex 26.14 -3.3 2.6400000000000006
      vertex 26.14 -15.36 3.24
      vertex 26.14 -15.36 2.7687055476529165
    endloop
  endfacet
  facet normal 0 0 -1
    outer loop
      vertex 25.14 -3.3 2.6400000000000006
      vertex 26.14 -15.36 2.6400000000000006
      vertex 25.14 -15.36 2.6400000000000006
    endloop
  endfacet
  facet normal 1 0 0
    outer loop
      vertex 26.14 -3.3 2.6400000000000006
      vertex 26.14 -15.36 2.7687055476529165
      vertex 26.14 -15.36 2.6400000000000006
    endloop
  endfacet
  facet normal -1 0 0
    outer loop
      vertex 25.14 -9.93 3.24
      vertex 25.14 -9.93 3.2300000000000004
      vertex 25.14 -15.36 3.24
    endloop
  endfacet
  facet normal 0 0 1
    outer loop
      vertex 25.14 -9.93 3.24
      vertex 26.06887624466572 -15.36 3.24
      vertex 26.14 -9.93 3.24
    endloop
  endfacet
  facet normal 1 0 0
    outer loop
      vertex 26.14 -9.93 3.24
      vertex 26.14 -15.36 3.24
      vertex 26.14 -9.93 3.2300000000000004
    endloop
  endfacet
  facet normal 0 0 1
    outer loop
      vertex 25.14 -9.93 3.24
      vertex 25.14 -15.36 3.24
      vertex 26.06887624466572 -15.36 3.24
    endloop
  endfacet
  facet normal 0 0 1
    outer loop
      vertex 26.14 -9.93 3.24
      vertex 26.06887624466572 -15.36 3.24
      vertex 26.14 -15.36 3.24
    endloop
  endfacet
  facet normal -1 0 0
    outer loop
      vertex 25.14 -9.93 3.2300000000000004
      vertex 25.14 -15.36 2.6400000000000006
      vertex 25.14 -15.36 3.24
    endloop
  endfacet
  facet normal 1 0 0
    outer loop
      vertex 26.14 -15.36 2.7687055476529165
      vertex 26.14 -15.996363636363636 2.6400000000000006
      vertex 26.14 -15.36 2.6400000000000006
    endloop
  endfacet
  facet normal 0 0 1
    outer loop
      vertex 25.14 -15.36 3.24
      vertex 25.14 -16.36 3.24
      vertex 26.06887624466572 -15.36 3.24
    endloop
  endfacet
  facet normal 0 0 1
    outer loop
      vertex 26.06887624466572 -15.36 3.24
      vertex 25.14 -16.36 3.24
      vertex 26.14 -16.36 3.24
    endloop
  endfacet
  facet normal 0 -1 0
    outer loop
      vertex 25.14 -16.36 3.24
      vertex 25.14 -16.36 2.6400000000000006
      vertex 26.14 -16.36 3.24
    endloop
  endfacet
  facet normal 1 0 0
    outer loop
      vertex 26.14 -15.36 2.7687055476529165
      vertex 26.14 -16.36 3.24
      vertex 26.14 -15.996363636363636 2.6400000000000006
    endloop
  endfacet
  facet normal 0 -1 0
    outer loop
      vertex 26.14 -16.36 3.24
      vertex 25.14 -16.36 2.6400000000000006
      vertex 25.776363636363637 -16.36 2.6400000000000006
    endloop
  endfacet
  facet normal 0 1 0
    outer loop
      vertex 25.14 -8.73 3.6400000000000006
      vertex 26.14 -8.73 3.6400000000000006
      vertex 25.14 -8.73 3.24
    endloop
  endfacet
  facet normal 0 0 1
    outer loop
      vertex 25.14 -8.73 3.6400000000000006
      vertex 26.14 -9.93 3.6400000000000006
      vertex 26.14 -8.73 3.6400000000000006
    endloop
  endfacet
  facet normal 0 0 1
    outer loop
      vertex 25.14 -8.73 3.6400000000000006
      vertex 25.14 -9.93 3.6400000000000006
      vertex 26.14 -9.93 3.6400000000000006
    endloop
  endfacet
  facet normal -1 0 0
    outer loop
      vertex 25.14 -8.73 3.6400000000000006
      vertex 25.14 -9.93 3.24
      vertex 25.14 -9.93 3.6400000000000006
    endloop
  endfacet
  facet normal 1 0 0
    outer loop
      vertex 26.14 -8.73 3.6400000000000006
      vertex 26.14 -9.93 3.6400000000000006
      vertex 26.14 -8.73 3.24
    endloop
  endfacet
  facet normal 0 -1 0
    outer loop
      vertex 25.14 -9.93 3.6400000000000006
      vertex 26.14 -9.93 3.24
      vertex 26.14 -9.93 3.6400000000000006
    endloop
  endfacet
  facet normal 0 1 0
    outer loop
      vertex 26.14 -8.73 3.6400000000000006
      vertex 26.14 -8.73 3.24
      vertex 25.14 -8.73 3.24
    endloop
  endfacet
  facet normal -1 0 0
    outer loop
      vertex 25.14 -8.73 3.6400000000000006
      vertex 25.14 -8.73 3.24
      vertex 25.14 -9.93 3.24
    endloop
  endfacet
  facet normal 1 0 0
    outer loop
      vertex 26.14 -9.93 3.6400000000000006
      vertex 26.14 -8.73 3.2300000000000004
      vertex 26.14 -8.73 3.24
    endloop
  endfacet
  facet normal 1 0 0
    outer loop
      vertex 26.14 -9.93 3.6400000000000006
      vertex 26.14 -9.93 3.24
      vertex 26.14 -8.73 3.2300000000000004
    endloop
  endfacet
  facet normal -1 0 0
    outer loop
      vertex 25.14 -8.73 3.24
      vertex 25.14 -8.73 3.2300000000000004
      vertex 25.14 -9.93 3.2300000000000004
    endloop
  endfacet
  facet normal -1 0 0
    outer loop
      vertex 25.14 -8.73 3.24
      vertex 25.14 -9.93 3.2300000000000004
      vertex 25.14 -9.93 3.24
    endloop
  endfacet
  facet normal 1 0 0
    outer loop
      vertex 26.14 -8.73 3.2300000000000004
      vertex 26.14 -9.93 3.24
      vertex 26.14 -9.93 3.2300000000000004
    endloop
  endfacet
  facet normal 0 -1 0
    outer loop
      vertex 25.14 -9.93 3.6400000000000006
      vertex 25.14 -9.93 3.24
      vertex 26.14 -9.93 3.24
    endloop
  endfacet
  facet normal -1 0 0
    outer loop
      vertex 12.8 -26.819 2.0999999999999996
      vertex 12.8 -26.32 1.600999999999999
      vertex 12.8 -26.82 2.0999999999999996
    endloop
  endfacet
  facet normal -1 0 0
    outer loop
      vertex 12.8 -26.82 2.0999999999999996
      vertex 12.8 -26.32 1.600999999999999
      vertex 12.8 -26.82 1.5999999999999996
    endloop
  endfacet
  facet normal 1.3844502641728866e-19 0.7071067811865488 0.7071067811865464
    outer loop
      vertex 16.2 -26.819 2.0999999999999996
      vertex 16.2 -26.32 1.600999999999999
      vertex 12.8 -26.32 1.600999999999999
    endloop
  endfacet
  facet normal 0 0 1
    outer loop
      vertex 12.8 -26.819 2.0999999999999996
      vertex 12.8 -26.82 2.0999999999999996
      vertex 16.2 -26.819 2.0999999999999996
    endloop
  endfacet
  facet normal 0 0 1
    outer loop
      vertex 12.8 -26.82 2.0999999999999996
      vertex 16.2 -26.82 2.0999999999999996
      vertex 16.2 -26.819 2.0999999999999996
    endloop
  endfacet
  facet normal 0 0.7071067811865488 0.7071067811865464
    outer loop
      vertex 12.8 -26.819 2.0999999999999996
      vertex 16.2 -26.819 2.0999999999999996
      vertex 12.8 -26.32 1.600999999999999
    endloop
  endfacet
  facet normal 1 0 0
    outer loop
      vertex 16.2 -26.82 2.0999999999999996
      vertex 16.2 -26.32 1.5999999999999996
      vertex 16.2 -26.32 1.600999999999999
    endloop
  endfacet
  facet normal 1 0 0
    outer loop
      vertex 16.2 -26.819 2.0999999999999996
      vertex 16.2 -26.82 2.0999999999999996
      vertex 16.2 -26.32 1.600999999999999
    endloop
  endfacet
  facet normal 1 0 0
    outer loop
      vertex 16.2 -26.82 2.0999999999999996
      vertex 16.2 -26.82 1.5999999999999996
      vertex 16.2 -26.32 1.5999999999999996
    endloop
  endfacet
  facet normal -1 0 0
    outer loop
      vertex 12.8 -26.32 1.600999999999999
      vertex 12.8 -26.32 1.5999999999999996
      vertex 12.8 -26.82 1.5999999999999996
    endloop
  endfacet
  facet normal 0 1 0
    outer loop
      vertex 12.8 -26.32 1.600999999999999
      vertex 16.2 -26.32 1.600999999999999
      vertex 12.8 -26.32 1.5999999999999996
    endloop
  endfacet
  facet normal 0 1 0
    outer loop
      vertex 12.8 -26.32 1.5999999999999996
      vertex 16.2 -26.32 1.600999999999999
      vertex 16.2 -26.32 1.5999999999999996
    endloop
  endfacet
  facet normal 0 0 1
    outer loop
      vertex 18.59 -0.601 2.0999999999999996
      vertex 21.99 -0.6000000000000001 2.0999999999999996
      vertex 18.59 -0.6000000000000001 2.0999999999999996
    endloop
  endfacet
  facet normal -1 0 0
    outer loop
      vertex 18.59 -0.601 2.0999999999999996
      vertex 18.59 -0.6000000000000001 2.0999999999999996
      vertex 18.59 -1.0999999999999999 1.600999999999999
    endloop
  endfacet
  facet normal -1 0 0
    outer loop
      vertex 18.59 -0.6000000000000001 2.0999999999999996
      vertex 18.59 -0.5999999999999999 1.5999999999999996
      vertex 18.59 -1.0999999999999999 1.5999999999999996
    endloop
  endfacet
  facet normal -1 0 0
    outer loop
      vertex 18.59 -0.6000000000000001 2.0999999999999996
      vertex 18.59 -1.0999999999999999 1.5999999999999996
      vertex 18.59 -1.0999999999999999 1.600999999999999
    endloop
  endfacet
  facet normal -6.0116236069847e-19 -0.707106781186548 0.7071067811865471
    outer loop
      vertex 18.59 -0.601 2.0999999999999996
      vertex 18.59 -1.0999999999999999 1.600999999999999
      vertex 21.99 -1.0999999999999999 1.600999999999999
    endloop
  endfacet
  facet normal 0 0 1
    outer loop
      vertex 18.59 -0.601 2.0999999999999996
      vertex 21.99 -0.601 2.0999999999999996
      vertex 21.99 -0.6000000000000001 2.0999999999999996
    endloop
  endfacet
  facet normal 0 -0.707106781186548 0.7071067811865471
    outer loop
      vertex 18.59 -0.601 2.0999999999999996
      vertex 21.99 -1.0999999999999999 1.600999999999999
      vertex 21.99 -0.601 2.0999999999999996
    endloop
  endfacet
  facet normal 1 0 0
    outer loop
      vertex 21.99 -0.601 2.0999999999999996
      vertex 21.99 -1.0999999999999999 1.600999999999999
      vertex 21.99 -0.6000000000000001 2.0999999999999996
    endloop
  endfacet
  facet normal 1 0 0
    outer loop
      vertex 21.99 -0.6000000000000001 2.0999999999999996
      vertex 21.99 -1.0999999999999999 1.600999999999999
      vertex 21.99 -0.6000000000000001 1.5999999999999996
    endloop
  endfacet
  facet normal 0 -1 0
    outer loop
      vertex 18.59 -1.0999999999999999 1.600999999999999
      vertex 18.59 -1.0999999999999999 1.5999999999999996
      vertex 21.99 -1.0999999999999999 1.5999999999999996
    endloop
  endfacet
  facet normal 0 -1 0
    outer loop
      vertex 18.59 -1.0999999999999999 1.600999999999999
      vertex 21.99 -1.0999999999999999 1.5999999999999996
      vertex 21.99 -1.0999999999999999 1.600999999999999
    endloop
  endfacet
  facet normal 1 0 0
    outer loop
      vertex 21.99 -0.6000000000000001 1.5999999999999996
      vertex 21.99 -1.0999999999999999 1.600999999999999
      vertex 21.99 -1.0999999999999999 1.5999999999999996
    endloop
  endfacet
  facet normal -1 0 0
    outer loop
      vertex 12.8 -27.619 7.010000000000001
      vertex 12.8 -27.619999999999997 6.010000000000001
      vertex 12.8 -27.619999999999997 7.010000000000001
    endloop
  endfacet
  facet normal -1 0 0
    outer loop
      vertex 12.8 -27.619999999999997 7.010000000000001
      vertex 12.8 -27.919999999999998 6.3100000000000005
      vertex 12.8 -27.919999999999998 6.710000000000001
    endloop
  endfacet
  facet normal -1 0 0
    outer loop
      vertex 12.8 -27.619999999999997 7.010000000000001
      vertex 12.8 -27.619999999999997 6.010000000000001
      vertex 12.8 -27.919999999999998 6.3100000000000005
    endloop
  endfacet
  facet normal -1 0 0
    outer loop
      vertex 12.8 -27.619 7.010000000000001
      vertex 12.8 -27.619 6.010000000000001
      vertex 12.8 -27.619999999999997 6.010000000000001
    endloop
  endfacet
  facet normal -2.3089594980644615e-18 -0.7071067811865465 0.7071067811865486
    outer loop
      vertex 12.8 -27.619999999999997 7.010000000000001
      vertex 12.8 -27.919999999999998 6.710000000000001
      vertex 16.2 -27.919999999999998 6.710000000000001
    endloop
  endfacet
  facet normal 0 -0.7071067811865465 0.7071067811865486
    outer loop
      vertex 12.8 -27.619999999999997 7.010000000000001
      vertex 16.2 -27.919999999999998 6.710000000000001
      vertex 16.2 -27.619999999999997 7.010000000000001
    endloop
  endfacet
  facet normal 0 -1 0
    outer loop
      vertex 12.8 -27.919999999999998 6.710000000000001
      vertex 12.8 -27.919999999999998 6.3100000000000005
      vertex 16.2 -27.919999999999998 6.710000000000001
    endloop
  endfacet
  facet normal 1 0 0
    outer loop
      vertex 16.2 -27.619 7.010000000000001
      vertex 16.2 -27.619999999999997 7.010000000000001
      vertex 16.2 -27.619 6.010000000000001
    endloop
  endfacet
  facet normal 1 0 0
    outer loop
      vertex 16.2 -27.619999999999997 7.010000000000001
      vertex 16.2 -27.919999999999998 6.710000000000001
      vertex 16.2 -27.919999999999998 6.3100000000000005
    endloop
  endfacet
  facet normal 0 -1 0
    outer loop
      vertex 12.8 -27.919999999999998 6.3100000000000005
      vertex 16.2 -27.919999999999998 6.3100000000000005
      vertex 16.2 -27.919999999999998 6.710000000000001
    endloop
  endfacet
  facet normal 0 -0.7071067811865465 -0.7071067811865486
    outer loop
      vertex 12.8 -27.919999999999998 6.3100000000000005
      vertex 12.8 -27.619999999999997 6.010000000000001
      vertex 16.2 -27.919999999999998 6.3100000000000005
    endloop
  endfacet
  facet normal 1 0 0
    outer loop
      vertex 16.2 -27.619999999999997 7.010000000000001
      vertex 16.2 -27.919999999999998 6.3100000000000005
      vertex 16.2 -27.619 6.010000000000001
    endloop
  endfacet
  facet normal 0 -0.7071067811865465 -0.7071067811865486
    outer loop
      vertex 12.8 -27.619999999999997 6.010000000000001
      vertex 16.2 -27.619999999999997 6.010000000000001
      vertex 16.2 -27.919999999999998 6.3100000000000005
    endloop
  endfacet
  facet normal 1 0 0
    outer loop
      vertex 16.2 -27.919999999999998 6.3100000000000005
      vertex 16.2 -27.619999999999997 6.010000000000001
      vertex 16.2 -27.619 6.010000000000001
    endloop
  endfacet
  facet normal 0 0.7071067811865472 0.7071067811865478
    outer loop
      vertex 18.59 0.19999999999999998 7.010000000000001
      vertex 21.99 0.19999999999999998 7.010000000000001
      vertex 18.59 0.5 6.710000000000001
    endloop
  endfacet
  facet normal -1 0 0
    outer loop
      vertex 18.59 0.19999999999999998 7.010000000000001
      vertex 18.59 0.5 6.710000000000001
      vertex 18.59 0.5 6.3100000000000005
    endloop
  endfacet
  facet normal -1 0 0
    outer loop
      vertex 18.59 0.19899999999999998 7.010000000000001
      vertex 18.59 0.19999999999999998 7.010000000000001
      vertex 18.59 0.19899999999999998 6.010000000000001
    endloop
  endfacet
  facet normal 0 0.7071067811865472 0.7071067811865478
    outer loop
      vertex 18.59 0.5 6.710000000000001
      vertex 21.99 0.19999999999999998 7.010000000000001
      vertex 21.99 0.5 6.710000000000001
    endloop
  endfacet
  facet normal 0 1 0
    outer loop
      vertex 18.59 0.5 6.710000000000001
      vertex 21.99 0.5 6.710000000000001
      vertex 21.99 0.5 6.3100000000000005
    endloop
  endfacet
  facet normal 1 0 0
    outer loop
      vertex 21.99 0.19999999999999998 7.010000000000001
      vertex 21.99 0.5 6.3100000000000005
      vertex 21.99 0.5 6.710000000000001
    endloop
  endfacet
  facet normal 1 0 0
    outer loop
      vertex 21.99 0.19899999999999998 7.010000000000001
      vertex 21.99 0.2 6.010000000000001
      vertex 21.99 0.19999999999999998 7.010000000000001
    endloop
  endfacet
  facet normal -1 0 0
    outer loop
      vertex 18.59 0.19999999999999998 7.010000000000001
      vertex 18.59 0.5 6.3100000000000005
      vertex 18.59 0.19899999999999998 6.010000000000001
    endloop
  endfacet
  facet normal 0 1 0
    outer loop
      vertex 18.59 0.5 6.710000000000001
      vertex 21.99 0.5 6.3100000000000005
      vertex 18.59 0.5 6.3100000000000005
    endloop
  endfacet
  facet normal 1 0 0
    outer loop
      vertex 21.99 0.19999999999999998 7.010000000000001
      vertex 21.99 0.2 6.010000000000001
      vertex 21.99 0.5 6.3100000000000005
    endloop
  endfacet
  facet normal 0 0.7071067811865474 -0.7071067811865478
    outer loop
      vertex 18.59 0.5 6.3100000000000005
      vertex 21.99 0.5 6.3100000000000005
      vertex 21.99 0.2 6.010000000000001
    endloop
  endfacet
  facet normal 1 0 0
    outer loop
      vertex 21.99 0.19899999999999998 7.010000000000001
      vertex 21.99 0.19899999999999998 6.010000000000001
      vertex 21.99 0.2 6.010000000000001
    endloop
  endfacet
  facet normal -1 0 0
    outer loop
      vertex 18.59 0.5 6.3100000000000005
      vertex 18.59 0.19999999999999998 6.010000000000001
      vertex 18.59 0.19899999999999998 6.010000000000001
    endloop
  endfacet
  facet normal -8.081358243225316e-18 0.7071067811865472 -0.7071067811865478
    outer loop
      vertex 18.59 0.5 6.3100000000000005
      vertex 21.99 0.2 6.010000000000001
      vertex 18.59 0.19999999999999998 6.010000000000001
    endloop
  endfacet
  facet normal -1 0 0
    outer loop
      vertex 12.8 -26.82 7.010000000000001
      vertex 12.8 -27.619 6.010000000000001
      vertex 12.8 -27.619 7.010000000000001
    endloop
  endfacet
  facet normal 0 0 1
    outer loop
      vertex 12.8 -26.82 7.010000000000001
      vertex 12.8 -27.619 7.010000000000001
      vertex 16.2 -27.619999999999997 7.010000000000001
    endloop
  endfacet
  facet normal 0 0 1
    outer loop
      vertex 12.8 -26.82 7.010000000000001
      vertex 16.2 -27.619 7.010000000000001
      vertex 16.2 -26.82 7.010000000000001
    endloop
  endfacet
  facet normal 0 0 1
    outer loop
      vertex 12.8 -26.82 7.010000000000001
      vertex 16.2 -27.619999999999997 7.010000000000001
      vertex 16.2 -27.619 7.010000000000001
    endloop
  endfacet
  facet normal 0 0 1
    outer loop
      vertex 12.8 -27.619 7.010000000000001
      vertex 12.8 -27.619999999999997 7.010000000000001
      vertex 16.2 -27.619999999999997 7.010000000000001
    endloop
  endfacet
  facet normal 0 1 0
    outer loop
      vertex 12.8 -26.82 7.010000000000001
      vertex 16.2 -26.82 7.010000000000001
      vertex 16.2 -26.82 2.0999999999999996
    endloop
  endfacet
  facet normal 1 0 0
    outer loop
      vertex 16.2 -26.82 7.010000000000001
      vertex 16.2 -27.619 7.010000000000001
      vertex 16.2 -26.82 2.0999999999999996
    endloop
  endfacet
  facet normal -1 0 0
    outer loop
      vertex 12.8 -26.82 7.010000000000001
      vertex 12.8 -27.619999999999997 1.5999999999999996
      vertex 12.8 -27.619 6.010000000000001
    endloop
  endfacet
  facet normal -1 0 0
    outer loop
      vertex 12.8 -27.619 6.010000000000001
      vertex 12.8 -27.619999999999997 1.5999999999999996
      vertex 12.8 -27.619999999999997 6.010000000000001
    endloop
  endfacet
  facet normal -1 0 0
    outer loop
      vertex 12.8 -26.82 7.010000000000001
      vertex 12.8 -26.82 2.0999999999999996
      vertex 12.8 -27.619999999999997 1.5999999999999996
    endloop
  endfacet
  facet normal 1 0 0
    outer loop
      vertex 16.2 -27.619 7.010000000000001
      vertex 16.2 -27.619 6.010000000000001
      vertex 16.2 -26.82 1.5999999999999996
    endloop
  endfacet
  facet normal 1 0 0
    outer loop
      vertex 16.2 -27.619 6.010000000000001
      vertex 16.2 -27.619999999999997 6.010000000000001
      vertex 16.2 -26.82 1.5999999999999996
    endloop
  endfacet
  facet normal 0 -1 0
    outer loop
      vertex 12.8 -27.619999999999997 6.010000000000001
      vertex 16.2 -27.619999999999997 1.5999999999999996
      vertex 16.2 -27.619999999999997 6.010000000000001
    endloop
  endfacet
  facet normal 0 1 0
    outer loop
      vertex 12.8 -26.82 7.010000000000001
      vertex 16.2 -26.82 2.0999999999999996
      vertex 12.8 -26.82 2.0999999999999996
    endloop
  endfacet
  facet normal 1 0 0
    outer loop
      vertex 16.2 -27.619 7.010000000000001
      vertex 16.2 -26.82 1.5999999999999996
      vertex 16.2 -26.82 2.0999999999999996
    endloop
  endfacet
  facet normal -1 0 0
    outer loop
      vertex 12.8 -26.82 2.0999999999999996
      vertex 12.8 -26.82 1.5999999999999996
      vertex 12.8 -27.619999999999997 1.5999999999999996
    endloop
  endfacet
  facet normal 1 0 0
    outer loop
      vertex 16.2 -27.619999999999997 6.010000000000001
      vertex 16.2 -27.619999999999997 1.5999999999999996
      vertex 16.2 -26.82 1.5999999999999996
    endloop
  endfacet
  facet normal 0 -1 0
    outer loop
      vertex 12.8 -27.619999999999997 6.010000000000001
      vertex 12.8 -27.619999999999997 1.5999999999999996
      vertex 16.2 -27.619999999999997 1.5999999999999996
    endloop
  endfacet
  facet normal 0 0 1
    outer loop
      vertex 18.59 0.19999999999999998 7.010000000000001
      vertex 21.99 0.19899999999999998 7.010000000000001
      vertex 21.99 0.19999999999999998 7.010000000000001
    endloop
  endfacet
  facet normal 0 0 1
    outer loop
      vertex 18.59 0.19899999999999998 7.010000000000001
      vertex 21.99 -0.6000000000000001 7.010000000000001
      vertex 18.59 0.19999999999999998 7.010000000000001
    endloop
  endfacet
  facet normal 0 0 1
    outer loop
      vertex 18.59 0.19899999999999998 7.010000000000001
      vertex 18.59 -0.6000000000000001 7.010000000000001
      vertex 21.99 -0.6000000000000001 7.010000000000001
    endloop
  endfacet
  facet normal 0 0 1
    outer loop
      vertex 18.59 0.19999999999999998 7.010000000000001
      vertex 21.99 -0.6000000000000001 7.010000000000001
      vertex 21.99 0.19899999999999998 7.010000000000001
    endloop
  endfacet
  facet normal 1 0 0
    outer loop
      vertex 21.99 0.19899999999999998 7.010000000000001
      vertex 21.99 -0.6000000000000001 7.010000000000001
      vertex 21.99 0.19899999999999998 6.010000000000001
    endloop
  endfacet
  facet normal -1 0 0
    outer loop
      vertex 18.59 0.19899999999999998 7.010000000000001
      vertex 18.59 -0.6000000000000001 2.0999999999999996
      vertex 18.59 -0.6000000000000001 7.010000000000001
    endloop
  endfacet
  facet normal 0 -1 0
    outer loop
      vertex 18.59 -0.6000000000000001 7.010000000000001
      vertex 18.59 -0.6000000000000001 2.0999999999999996
      vertex 21.99 -0.6000000000000001 7.010000000000001
    endloop
  endfacet
  facet normal -8.163404592832037e-18 1 6.293781318736713e-18
    outer loop
      vertex 18.59 0.19999999999999998 6.010000000000001
      vertex 21.99 0.2 6.010000000000001
      vertex 18.59 0.2 1.5999999999999996
    endloop
  endfacet
  facet normal 1 0 0
    outer loop
      vertex 21.99 0.19899999999999998 6.010000000000001
      vertex 21.99 0.2 1.5999999999999996
      vertex 21.99 0.2 6.010000000000001
    endloop
  endfacet
  facet normal -1 0 0
    outer loop
      vertex 18.59 0.19899999999999998 7.010000000000001
      vertex 18.59 0.19899999999999998 6.010000000000001
      vertex 18.59 -0.5999999999999999 1.5999999999999996
    endloop
  endfacet
  facet normal 1 0 0
    outer loop
      vertex 21.99 -0.6000000000000001 7.010000000000001
      vertex 21.99 0.2 1.5999999999999996
      vertex 21.99 0.19899999999999998 6.010000000000001
    endloop
  endfacet
  facet normal -1 0 0
    outer loop
      vertex 18.59 0.19899999999999998 6.010000000000001
      vertex 18.59 0.19999999999999998 6.010000000000001
      vertex 18.59 -0.5999999999999999 1.5999999999999996
    endloop
  endfacet
  facet normal -1 0 0
    outer loop
      vertex 18.59 0.19899999999999998 7.010000000000001
      vertex 18.59 -0.5999999999999999 1.5999999999999996
      vertex 18.59 -0.6000000000000001 2.0999999999999996
    endloop
  endfacet
  facet normal 0 -1 0
    outer loop
      vertex 21.99 -0.6000000000000001 7.010000000000001
      vertex 18.59 -0.6000000000000001 2.0999999999999996
      vertex 21.99 -0.6000000000000001 2.0999999999999996
    endloop
  endfacet
  facet normal 1 0 0
    outer loop
      vertex 21.99 -0.6000000000000001 7.010000000000001
      vertex 21.99 -0.6000000000000001 2.0999999999999996
      vertex 21.99 0.2 1.5999999999999996
    endloop
  endfacet
  facet normal 0 1 0
    outer loop
      vertex 21.99 0.2 6.010000000000001
      vertex 21.99 0.2 1.5999999999999996
      vertex 18.59 0.2 1.5999999999999996
    endloop
  endfacet
  facet normal -1 0 0
    outer loop
      vertex 18.59 0.19999999999999998 6.010000000000001
      vertex 18.59 0.2 1.5999999999999996
      vertex 18.59 -0.5999999999999999 1.5999999999999996
    endloop
  endfacet
  facet normal 1 0 0
    outer loop
      vertex 21.99 -0.6000000000000001 2.0999999999999996
      vertex 21.99 -0.6000000000000001 1.5999999999999996
      vertex 21.99 0.2 1.5999999999999996
    endloop
  endfacet
  facet normal -1 0 0
    outer loop
      vertex 40.39 -20.5 1.600999999999999
      vertex 40.39 -20.5 1.5999999999999996
      vertex 40.39 -26.5 1.5999999999999996
    endloop
  endfacet
  facet normal -1 0 0
    outer loop
      vertex 40.39 -20.5 1.600999999999999
      vertex 40.39 -26.5 1.5999999999999996
      vertex 40.39 -26.5 1.600999999999999
    endloop
  endfacet
  facet normal 0 1 0
    outer loop
      vertex 40.39 -20.5 1.600999999999999
      vertex 40.888999999999996 -20.5 2.0999999999999996
      vertex 40.89 -20.5 2.0999999999999996
    endloop
  endfacet
  facet normal 0 1 0
    outer loop
      vertex 40.39 -20.5 1.600999999999999
      vertex 40.89 -20.5 2.0999999999999996
      vertex 40.39 -20.5 1.5999999999999996
    endloop
  endfacet
  facet normal 0 1 0
    outer loop
      vertex 40.39 -20.5 1.5999999999999996
      vertex 40.89 -20.5 2.0999999999999996
      vertex 40.89 -20.5 1.5999999999999996
    endloop
  endfacet
  facet normal 0 0 1
    outer loop
      vertex 40.888999999999996 -20.5 2.0999999999999996
      vertex 40.89 -26.5 2.0999999999999996
      vertex 40.89 -20.5 2.0999999999999996
    endloop
  endfacet
  facet normal -0.7071067811865513 0 0.7071067811865438
    outer loop
      vertex 40.39 -20.5 1.600999999999999
      vertex 40.39 -26.5 1.600999999999999
      vertex 40.888999999999996 -20.5 2.0999999999999996
    endloop
  endfacet
  facet normal 0 0 1
    outer loop
      vertex 40.888999999999996 -20.5 2.0999999999999996
      vertex 40.888999999999996 -26.5 2.0999999999999996
      vertex 40.89 -26.5 2.0999999999999996
    endloop
  endfacet
  facet normal -0.7071067811865513 7.606085845267489e-19 0.7071067811865438
    outer loop
      vertex 40.39 -26.5 1.600999999999999
      vertex 40.888999999999996 -26.5 2.0999999999999996
      vertex 40.888999999999996 -20.5 2.0999999999999996
    endloop
  endfacet
  facet normal 0 -1 0
    outer loop
      vertex 40.39 -26.5 1.600999999999999
      vertex 40.89 -26.5 2.0999999999999996
      vertex 40.888999999999996 -26.5 2.0999999999999996
    endloop
  endfacet
  facet normal 0 -1 0
    outer loop
      vertex 40.39 -26.5 1.600999999999999
      vertex 40.89 -26.5 1.5999999999999996
      vertex 40.89 -26.5 2.0999999999999996
    endloop
  endfacet
  facet normal 0 -1 0
    outer loop
      vertex 40.39 -26.5 1.600999999999999
      vertex 40.39 -26.5 1.5999999999999996
      vertex 40.89 -26.5 1.5999999999999996
    endloop
  endfacet
  facet normal -1 0 0
    outer loop
      vertex 26.14 -26.819 2.0999999999999996
      vertex 26.14 -26.32 1.600999999999999
      vertex 26.14 -26.82 2.0999999999999996
    endloop
  endfacet
  facet normal -1 0 0
    outer loop
      vertex 26.14 -26.82 2.0999999999999996
      vertex 26.14 -26.32 1.600999999999999
      vertex 26.14 -26.82 1.5999999999999996
    endloop
  endfacet
  facet normal 0 0 1
    outer loop
      vertex 26.14 -26.819 2.0999999999999996
      vertex 26.14 -26.82 2.0999999999999996
      vertex 32.14 -26.819 2.0999999999999996
    endloop
  endfacet
  facet normal 0 0.7071067811865489 0.7071067811865464
    outer loop
      vertex 26.14 -26.819 2.0999999999999996
      vertex 32.14 -26.819 2.0999999999999996
      vertex 26.14 -26.32 1.600999999999999
    endloop
  endfacet
  facet normal 7.845218163646356e-20 0.7071067811865489 0.7071067811865464
    outer loop
      vertex 32.14 -26.819 2.0999999999999996
      vertex 32.14 -26.32 1.600999999999999
      vertex 26.14 -26.32 1.600999999999999
    endloop
  endfacet
  facet normal 0 0 1
    outer loop
      vertex 26.14 -26.82 2.0999999999999996
      vertex 32.14 -26.82 2.0999999999999996
      vertex 32.14 -26.819 2.0999999999999996
    endloop
  endfacet
  facet normal 1 0 0
    outer loop
      vertex 32.14 -26.82 2.0999999999999996
      vertex 32.14 -26.32 1.5999999999999996
      vertex 32.14 -26.32 1.600999999999999
    endloop
  endfacet
  facet normal 1 0 0
    outer loop
      vertex 32.14 -26.819 2.0999999999999996
      vertex 32.14 -26.82 2.0999999999999996
      vertex 32.14 -26.32 1.600999999999999
    endloop
  endfacet
  facet normal 1 0 0
    outer loop
      vertex 32.14 -26.82 2.0999999999999996
      vertex 32.14 -26.82 1.5999999999999996
      vertex 32.14 -26.32 1.5999999999999996
    endloop
  endfacet
  facet normal -1 0 0
    outer loop
      vertex 26.14 -26.32 1.600999999999999
      vertex 26.14 -26.32 1.5999999999999996
      vertex 26.14 -26.82 1.5999999999999996
    endloop
  endfacet
  facet normal 0 1 0
    outer loop
      vertex 26.14 -26.32 1.600999999999999
      vertex 32.14 -26.32 1.600999999999999
      vertex 26.14 -26.32 1.5999999999999996
    endloop
  endfacet
  facet normal 0 1 0
    outer loop
      vertex 26.14 -26.32 1.5999999999999996
      vertex 32.14 -26.32 1.600999999999999
      vertex 32.14 -26.32 1.5999999999999996
    endloop
  endfacet
  facet normal 0 1 0
    outer loop
      vertex 41.689 -20.5 7.010000000000001
      vertex 41.69 -20.5 7.010000000000001
      vertex 41.99 -20.5 6.710000000000001
    endloop
  endfacet
  facet normal 0 1 0
    outer loop
      vertex 41.689 -20.5 7.010000000000001
      vertex 41.99 -20.5 6.710000000000001
      vertex 41.99 -20.5 6.3100000000000005
    endloop
  endfacet
  facet normal 0 1 0
    outer loop
      vertex 41.689 -20.5 7.010000000000001
      vertex 41.99 -20.5 6.3100000000000005
      vertex 41.689 -20.5 6.010000000000001
    endloop
  endfacet
  facet normal 0 1 0
    outer loop
      vertex 41.99 -20.5 6.3100000000000005
      vertex 41.69 -20.5 6.010000000000001
      vertex 41.689 -20.5 6.010000000000001
    endloop
  endfacet
  facet normal 0.7071067811865424 0 0.7071067811865528
    outer loop
      vertex 41.69 -20.5 7.010000000000001
      vertex 41.69 -26.5 7.010000000000001
      vertex 41.99 -20.5 6.710000000000001
    endloop
  endfacet
  facet normal 1 0 0
    outer loop
      vertex 41.99 -20.5 6.710000000000001
      vertex 41.99 -26.5 6.3100000000000005
      vertex 41.99 -20.5 6.3100000000000005
    endloop
  endfacet
  facet normal 0.7071067811865424 0 -0.7071067811865528
    outer loop
      vertex 41.99 -20.5 6.3100000000000005
      vertex 41.99 -26.5 6.3100000000000005
      vertex 41.69 -20.5 6.010000000000001
    endloop
  endfacet
  facet normal 0.7071067811865424 0 0.7071067811865528
    outer loop
      vertex 41.99 -20.5 6.710000000000001
      vertex 41.69 -26.5 7.010000000000001
      vertex 41.99 -26.5 6.710000000000001
    endloop
  endfacet
  facet normal 1 0 0
    outer loop
      vertex 41.99 -20.5 6.710000000000001
      vertex 41.99 -26.5 6.710000000000001
      vertex 41.99 -26.5 6.3100000000000005
    endloop
  endfacet
  facet normal 0.7071067811865424 0 -0.7071067811865528
    outer loop
      vertex 41.69 -20.5 6.010000000000001
      vertex 41.99 -26.5 6.3100000000000005
      vertex 41.69 -26.5 6.010000000000001
    endloop
  endfacet
  facet normal 0 -1 0
    outer loop
      vertex 41.689 -26.5 7.010000000000001
      vertex 41.689 -26.5 6.010000000000001
      vertex 41.69 -26.5 7.010000000000001
    endloop
  endfacet
  facet normal 0 -1 0
    outer loop
      vertex 41.69 -26.5 7.010000000000001
      vertex 41.99 -26.5 6.3100000000000005
      vertex 41.99 -26.5 6.710000000000001
    endloop
  endfacet
  facet normal 0 -1 0
    outer loop
      vertex 41.69 -26.5 7.010000000000001
      vertex 41.689 -26.5 6.010000000000001
      vertex 41.99 -26.5 6.3100000000000005
    endloop
  endfacet
  facet normal 0 -1 0
    outer loop
      vertex 41.99 -26.5 6.3100000000000005
      vertex 41.689 -26.5 6.010000000000001
      vertex 41.69 -26.5 6.010000000000001
    endloop
  endfacet
  facet normal -1 0 0
    outer loop
      vertex 26.14 -27.619 7.010000000000001
      vertex 26.14 -27.619 6.010000000000001
      vertex 26.14 -27.619999999999997 7.010000000000001
    endloop
  endfacet
  facet normal -1 0 0
    outer loop
      vertex 26.14 -27.619999999999997 7.010000000000001
      vertex 26.14 -27.919999999999998 6.3100000000000005
      vertex 26.14 -27.919999999999998 6.710000000000001
    endloop
  endfacet
  facet normal -1 0 0
    outer loop
      vertex 26.14 -27.619999999999997 7.010000000000001
      vertex 26.14 -27.619 6.010000000000001
      vertex 26.14 -27.919999999999998 6.3100000000000005
    endloop
  endfacet
  facet normal -1.3084103822365277e-18 -0.7071067811865466 0.7071067811865486
    outer loop
      vertex 26.14 -27.619999999999997 7.010000000000001
      vertex 26.14 -27.919999999999998 6.710000000000001
      vertex 32.14 -27.919999999999998 6.710000000000001
    endloop
  endfacet
  facet normal 0 -1 0
    outer loop
      vertex 26.14 -27.919999999999998 6.710000000000001
      vertex 26.14 -27.919999999999998 6.3100000000000005
      vertex 32.14 -27.919999999999998 6.710000000000001
    endloop
  endfacet
  facet normal 0 -0.7071067811865466 0.7071067811865486
    outer loop
      vertex 26.14 -27.619999999999997 7.010000000000001
      vertex 32.14 -27.919999999999998 6.710000000000001
      vertex 32.14 -27.619999999999997 7.010000000000001
    endloop
  endfacet
  facet normal 0 -1 0
    outer loop
      vertex 26.14 -27.919999999999998 6.3100000000000005
      vertex 32.14 -27.919999999999998 6.3100000000000005
      vertex 32.14 -27.919999999999998 6.710000000000001
    endloop
  endfacet
  facet normal 0 -0.7071067811865466 -0.7071067811865486
    outer loop
      vertex 26.14 -27.919999999999998 6.3100000000000005
      vertex 32.14 -27.619999999999997 6.010000000000001
      vertex 32.14 -27.919999999999998 6.3100000000000005
    endloop
  endfacet
  facet normal -1 0 0
    outer loop
      vertex 26.14 -27.919999999999998 6.3100000000000005
      vertex 26.14 -27.619 6.010000000000001
      vertex 26.14 -27.619999999999997 6.010000000000001
    endloop
  endfacet
  facet normal 1.3084103822365277e-18 -0.7071067811865466 -0.7071067811865486
    outer loop
      vertex 26.14 -27.919999999999998 6.3100000000000005
      vertex 26.14 -27.619999999999997 6.010000000000001
      vertex 32.14 -27.619999999999997 6.010000000000001
    endloop
  endfacet
  facet normal 1 0 0
    outer loop
      vertex 32.14 -27.619 7.010000000000001
      vertex 32.14 -27.619999999999997 7.010000000000001
      vertex 32.14 -27.919999999999998 6.710000000000001
    endloop
  endfacet
  facet normal 1 0 0
    outer loop
      vertex 32.14 -27.619 7.010000000000001
      vertex 32.14 -27.919999999999998 6.710000000000001
      vertex 32.14 -27.919999999999998 6.3100000000000005
    endloop
  endfacet
  facet normal 1 0 0
    outer loop
      vertex 32.14 -27.619 7.010000000000001
      vertex 32.14 -27.919999999999998 6.3100000000000005
      vertex 32.14 -27.619 6.010000000000001
    endloop
  endfacet
  facet normal 1 0 0
    outer loop
      vertex 32.14 -27.919999999999998 6.3100000000000005
      vertex 32.14 -27.619999999999997 6.010000000000001
      vertex 32.14 -27.619 6.010000000000001
    endloop
  endfacet
  facet normal 0 1 0
    outer loop
      vertex 40.89 -20.5 7.010000000000001
      vertex 41.689 -20.5 7.010000000000001
      vertex 40.89 -20.5 2.0999999999999996
    endloop
  endfacet
  facet normal 0 1 0
    outer loop
      vertex 41.689 -20.5 7.010000000000001
      vertex 41.689 -20.5 6.010000000000001
      vertex 40.89 -20.5 1.5999999999999996
    endloop
  endfacet
  facet normal 0 1 0
    outer loop
      vertex 41.689 -20.5 6.010000000000001
      vertex 41.69 -20.5 6.010000000000001
      vertex 40.89 -20.5 1.5999999999999996
    endloop
  endfacet
  facet normal 0 1 0
    outer loop
      vertex 41.689 -20.5 7.010000000000001
      vertex 40.89 -20.5 1.5999999999999996
      vertex 40.89 -20.5 2.0999999999999996
    endloop
  endfacet
  facet normal 0 0 1
    outer loop
      vertex 40.89 -20.5 7.010000000000001
      vertex 40.89 -26.5 7.010000000000001
      vertex 41.689 -20.5 7.010000000000001
    endloop
  endfacet
  facet normal 0 0 1
    outer loop
      vertex 41.689 -20.5 7.010000000000001
      vertex 40.89 -26.5 7.010000000000001
      vertex 41.69 -20.5 7.010000000000001
    endloop
  endfacet
  facet normal 0 0 1
    outer loop
      vertex 41.69 -20.5 7.010000000000001
      vertex 40.89 -26.5 7.010000000000001
      vertex 41.689 -26.5 7.010000000000001
    endloop
  endfacet
  facet normal 0 0 1
    outer loop
      vertex 41.69 -20.5 7.010000000000001
      vertex 41.689 -26.5 7.010000000000001
      vertex 41.69 -26.5 7.010000000000001
    endloop
  endfacet
  facet normal -1 0 0
    outer loop
      vertex 40.89 -20.5 7.010000000000001
      vertex 40.89 -20.5 2.0999999999999996
      vertex 40.89 -26.5 7.010000000000001
    endloop
  endfacet
  facet normal 0 -1 0
    outer loop
      vertex 40.89 -26.5 7.010000000000001
      vertex 41.689 -26.5 6.010000000000001
      vertex 41.689 -26.5 7.010000000000001
    endloop
  endfacet
  facet normal 1 0 0
    outer loop
      vertex 41.69 -20.5 6.010000000000001
      vertex 41.69 -26.5 6.010000000000001
      vertex 41.69 -20.5 1.5999999999999996
    endloop
  endfacet
  facet normal -1 0 0
    outer loop
      vertex 40.89 -26.5 7.010000000000001
      vertex 40.89 -20.5 2.0999999999999996
      vertex 40.89 -26.5 2.0999999999999996
    endloop
  endfacet
  facet normal 0 -1 0
    outer loop
      vertex 40.89 -26.5 7.010000000000001
      vertex 41.69 -26.5 1.5999999999999996
      vertex 41.689 -26.5 6.010000000000001
    endloop
  endfacet
  facet normal 0 -1 0
    outer loop
      vertex 41.689 -26.5 6.010000000000001
      vertex 41.69 -26.5 1.5999999999999996
      vertex 41.69 -26.5 6.010000000000001
    endloop
  endfacet
  facet normal 0 -1 0
    outer loop
      vertex 40.89 -26.5 7.010000000000001
      vertex 40.89 -26.5 2.0999999999999996
      vertex 41.69 -26.5 1.5999999999999996
    endloop
  endfacet
  facet normal 0 1 0
    outer loop
      vertex 41.69 -20.5 6.010000000000001
      vertex 41.69 -20.5 1.5999999999999996
      vertex 40.89 -20.5 1.5999999999999996
    endloop
  endfacet
  facet normal 1 0 0
    outer loop
      vertex 41.69 -26.5 6.010000000000001
      vertex 41.69 -26.5 1.5999999999999996
      vertex 41.69 -20.5 1.5999999999999996
    endloop
  endfacet
  facet normal 0 -1 0
    outer loop
      vertex 40.89 -26.5 2.0999999999999996
      vertex 40.89 -26.5 1.5999999999999996
      vertex 41.69 -26.5 1.5999999999999996
    endloop
  endfacet
  facet normal -1 0 0
    outer loop
      vertex 26.14 -26.82 7.010000000000001
      vertex 26.14 -27.619 6.010000000000001
      vertex 26.14 -27.619 7.010000000000001
    endloop
  endfacet
  facet normal 0 0 1
    outer loop
      vertex 26.14 -26.82 7.010000000000001
      vertex 26.14 -27.619 7.010000000000001
      vertex 32.14 -27.619999999999997 7.010000000000001
    endloop
  endfacet
  facet normal 0 0 1
    outer loop
      vertex 26.14 -26.82 7.010000000000001
      vertex 32.14 -27.619 7.010000000000001
      vertex 32.14 -26.82 7.010000000000001
    endloop
  endfacet
  facet normal 0 0 1
    outer loop
      vertex 26.14 -26.82 7.010000000000001
      vertex 32.14 -27.619999999999997 7.010000000000001
      vertex 32.14 -27.619 7.010000000000001
    endloop
  endfacet
  facet normal 0 0 1
    outer loop
      vertex 26.14 -27.619 7.010000000000001
      vertex 26.14 -27.619999999999997 7.010000000000001
      vertex 32.14 -27.619999999999997 7.010000000000001
    endloop
  endfacet
  facet normal 0 1 0
    outer loop
      vertex 26.14 -26.82 7.010000000000001
      vertex 32.14 -26.82 7.010000000000001
      vertex 32.14 -26.82 2.0999999999999996
    endloop
  endfacet
  facet normal 1 0 0
    outer loop
      vertex 32.14 -26.82 7.010000000000001
      vertex 32.14 -27.619 7.010000000000001
      vertex 32.14 -26.82 2.0999999999999996
    endloop
  endfacet
  facet normal -1 0 0
    outer loop
      vertex 26.14 -26.82 7.010000000000001
      vertex 26.14 -27.619999999999997 1.5999999999999996
      vertex 26.14 -27.619 6.010000000000001
    endloop
  endfacet
  facet normal -1 0 0
    outer loop
      vertex 26.14 -27.619 6.010000000000001
      vertex 26.14 -27.619999999999997 1.5999999999999996
      vertex 26.14 -27.619999999999997 6.010000000000001
    endloop
  endfacet
  facet normal 0 -1 0
    outer loop
      vertex 26.14 -27.619999999999997 6.010000000000001
      vertex 32.14 -27.619999999999997 1.5999999999999996
      vertex 32.14 -27.619999999999997 6.010000000000001
    endloop
  endfacet
  facet normal -1 0 0
    outer loop
      vertex 26.14 -26.82 7.010000000000001
      vertex 26.14 -26.82 2.0999999999999996
      vertex 26.14 -27.619999999999997 1.5999999999999996
    endloop
  endfacet
  facet normal 0 1 0
    outer loop
      vertex 26.14 -26.82 7.010000000000001
      vertex 32.14 -26.82 2.0999999999999996
      vertex 26.14 -26.82 2.0999999999999996
    endloop
  endfacet
  facet normal 1 0 0
    outer loop
      vertex 32.14 -27.619 7.010000000000001
      vertex 32.14 -27.619 6.010000000000001
      vertex 32.14 -26.82 1.5999999999999996
    endloop
  endfacet
  facet normal 1 0 0
    outer loop
      vertex 32.14 -27.619 6.010000000000001
      vertex 32.14 -27.619999999999997 6.010000000000001
      vertex 32.14 -26.82 1.5999999999999996
    endloop
  endfacet
  facet normal 1 0 0
    outer loop
      vertex 32.14 -27.619 7.010000000000001
      vertex 32.14 -26.82 1.5999999999999996
      vertex 32.14 -26.82 2.0999999999999996
    endloop
  endfacet
  facet normal 0 -1 0
    outer loop
      vertex 26.14 -27.619999999999997 6.010000000000001
      vertex 26.14 -27.619999999999997 1.5999999999999996
      vertex 32.14 -27.619999999999997 1.5999999999999996
    endloop
  endfacet
  facet normal -1 0 0
    outer loop
      vertex 26.14 -26.82 2.0999999999999996
      vertex 26.14 -26.82 1.5999999999999996
      vertex 26.14 -27.619999999999997 1.5999999999999996
    endloop
  endfacet
  facet normal 1 0 0
    outer loop
      vertex 32.14 -27.619999999999997 6.010000000000001
      vertex 32.14 -27.619999999999997 1.5999999999999996
      vertex 32.14 -26.82 1.5999999999999996
    endloop
  endfacet
  facet normal -0.7409510994850822 0.671558983390028 0
    outer loop
      vertex -1.6460209116339684 1.3687865734100342 1.5999999999999996
      vertex -1.5142135620117188 1.5142135620117188 1.5999999999999996
      vertex -1.6460209116339684 1.3687865734100342 0
    endloop
  endfacet
  facet normal -0.8032075356003305 0.5956992989376801 0
    outer loop
      vertex -1.6460209116339684 1.3687865734100342 1.5999999999999996
      vertex -1.762939229607582 1.2111404687166214 0
      vertex -1.762939229607582 1.2111404687166214 1.5999999999999996
    endloop
  endfacet
  facet normal -0.9039892885496102 0.42755510310083966 0
    outer loop
      vertex -1.8638425320386887 1.0427934750914574 1.5999999999999996
      vertex -1.9477590695023537 0.8653668686747551 0
      vertex -1.9477590695023537 0.8653668686747551 1.5999999999999996
    endloop
  endfacet
  facet normal -0.8577286153979925 0.5141027351876691 0
    outer loop
      vertex -1.762939229607582 1.2111404687166214 1.5999999999999996
      vertex -1.8638425320386887 1.0427934750914574 0
      vertex -1.8638425320386887 1.0427934750914574 1.5999999999999996
    endloop
  endfacet
  facet normal -0.941544074839288 0.33688982640476006 0
    outer loop
      vertex -1.9477590695023537 0.8653668686747551 1.5999999999999996
      vertex -2.013880670070648 0.6805693581700325 0
      vertex -2.013880670070648 0.6805693581700325 1.5999999999999996
    endloop
  endfacet
  facet normal -0.9700312492284537 0.24298019573678303 0
    outer loop
      vertex -2.013880670070648 0.6805693581700325 1.5999999999999996
      vertex -2.0615705624222755 0.4901806488633156 0
      vertex -2.0615705624222755 0.4901806488633156 1.5999999999999996
    endloop
  endfacet
  facet normal -0.9891765097240051 0.14673047607854156 0
    outer loop
      vertex -2.0615705624222755 0.4901806488633156 1.5999999999999996
      vertex -2.0903694555163383 0.2960342839360237 0
      vertex -2.0903694555163383 0.2960342839360237 1.5999999999999996
    endloop
  endfacet
  facet normal -0.9987954563973426 0.049067670415704694 0
    outer loop
      vertex -2.0903694555163383 0.2960342839360237 1.5999999999999996
      vertex -2.100000001490116 0.10000000149011612 0
      vertex -2.100000001490116 0.10000000149011612 1.5999999999999996
    endloop
  endfacet
  facet normal -0.5956992989376801 0.8032075356003305 0
    outer loop
      vertex -1.3687865734100342 1.6460209116339684 1.5999999999999996
      vertex -1.2111404687166214 1.762939229607582 1.5999999999999996
      vertex -1.3687865734100342 1.6460209116339684 0
    endloop
  endfacet
  facet normal -0.5141027351876691 0.8577286153979925 0
    outer loop
      vertex -1.0427934750914574 1.8638425320386887 1.5999999999999996
      vertex -1.2111404687166214 1.762939229607582 0
      vertex -1.2111404687166214 1.762939229607582 1.5999999999999996
    endloop
  endfacet
  facet normal -0.42755510310083966 0.9039892885496102 0
    outer loop
      vertex -1.0427934750914574 1.8638425320386887 1.5999999999999996
      vertex -0.8653668686747551 1.9477590695023537 1.5999999999999996
      vertex -1.0427934750914574 1.8638425320386887 0
    endloop
  endfacet
  facet normal -0.33688982640476006 0.941544074839288 0
    outer loop
      vertex -0.8653668686747551 1.9477590695023537 1.5999999999999996
      vertex -0.6805693581700325 2.013880670070648 1.5999999999999996
      vertex -0.8653668686747551 1.9477590695023537 0
    endloop
  endfacet
  facet normal -0.24298019573678303 0.9700312492284537 0
    outer loop
      vertex -0.6805693581700325 2.013880670070648 1.5999999999999996
      vertex -0.4901806488633156 2.0615705624222755 1.5999999999999996
      vertex -0.6805693581700325 2.013880670070648 0
    endloop
  endfacet
  facet normal -0.671558983390028 0.7409510994850822 0
    outer loop
      vertex -1.3687865734100342 1.6460209116339684 1.5999999999999996
      vertex -1.5142135620117188 1.5142135620117188 0
      vertex -1.5142135620117188 1.5142135620117188 1.5999999999999996
    endloop
  endfacet
  facet normal -0.14673047607854156 0.9891765097240051 0
    outer loop
      vertex -0.4901806488633156 2.0615705624222755 1.5999999999999996
      vertex -0.2960342839360237 2.0903694555163383 1.5999999999999996
      vertex -0.4901806488633156 2.0615705624222755 0
    endloop
  endfacet
  facet normal -0.049067670415704694 0.9987954563973426 0
    outer loop
      vertex -0.2960342839360237 2.0903694555163383 1.5999999999999996
      vertex -0.10000000149011612 2.100000001490116 1.5999999999999996
      vertex -0.2960342839360237 2.0903694555163383 0
    endloop
  endfacet
  facet normal -1 0 0
    outer loop
      vertex -2.100000001490116 0.10000000149011612 1.5999999999999996
      vertex -2.100000001490116 -2.5 0
      vertex -2.100000001490116 -2.5 1.5999999999999996
    endloop
  endfacet
  facet normal 0 0 1
    outer loop
      vertex -2.0615705624222755 0.4901806488633156 1.5999999999999996
      vertex 8.5 -3.5 1.5999999999999996
      vertex 8.5 -2.5 1.5999999999999996
    endloop
  endfacet
  facet normal -0.7409510994850822 0.671558983390028 0
    outer loop
      vertex -1.5142135620117188 1.5142135620117188 1.5999999999999996
      vertex -1.5142135620117188 1.5142135620117188 0
      vertex -1.6460209116339684 1.3687865734100342 0
    endloop
  endfacet
  facet normal -0.8032075356003305 0.5956992989376801 0
    outer loop
      vertex -1.6460209116339684 1.3687865734100342 1.5999999999999996
      vertex -1.6460209116339684 1.3687865734100342 0
      vertex -1.762939229607582 1.2111404687166214 0
    endloop
  endfacet
  facet normal -0.8577286153979925 0.5141027351876691 0
    outer loop
      vertex -1.762939229607582 1.2111404687166214 1.5999999999999996
      vertex -1.762939229607582 1.2111404687166214 0
      vertex -1.8638425320386887 1.0427934750914574 0
    endloop
  endfacet
  facet normal -0.9039892885496102 0.42755510310083966 0
    outer loop
      vertex -1.8638425320386887 1.0427934750914574 1.5999999999999996
      vertex -1.8638425320386887 1.0427934750914574 0
      vertex -1.9477590695023537 0.8653668686747551 0
    endloop
  endfacet
  facet normal -0.941544074839288 0.33688982640476006 0
    outer loop
      vertex -1.9477590695023537 0.8653668686747551 1.5999999999999996
      vertex -1.9477590695023537 0.8653668686747551 0
      vertex -2.013880670070648 0.6805693581700325 0
    endloop
  endfacet
  facet normal -0.9700312492284537 0.24298019573678303 0
    outer loop
      vertex -2.013880670070648 0.6805693581700325 1.5999999999999996
      vertex -2.013880670070648 0.6805693581700325 0
      vertex -2.0615705624222755 0.4901806488633156 0
    endloop
  endfacet
  facet normal -0.9891765097240051 0.14673047607854156 0
    outer loop
      vertex -2.0615705624222755 0.4901806488633156 1.5999999999999996
      vertex -2.0615705624222755 0.4901806488633156 0
      vertex -2.0903694555163383 0.2960342839360237 0
    endloop
  endfacet
  facet normal -0.9987954563973426 0.049067670415704694 0
    outer loop
      vertex -2.0903694555163383 0.2960342839360237 1.5999999999999996
      vertex -2.0903694555163383 0.2960342839360237 0
      vertex -2.100000001490116 0.10000000149011612 0
    endloop
  endfacet
  facet normal -0.5141027351876691 0.8577286153979925 0
    outer loop
      vertex -1.0427934750914574 1.8638425320386887 1.5999999999999996
      vertex -1.0427934750914574 1.8638425320386887 0
      vertex -1.2111404687166214 1.762939229607582 0
    endloop
  endfacet
  facet normal -0.5956992989376801 0.8032075356003305 0
    outer loop
      vertex -1.2111404687166214 1.762939229607582 1.5999999999999996
      vertex -1.2111404687166214 1.762939229607582 0
      vertex -1.3687865734100342 1.6460209116339684 0
    endloop
  endfacet
  facet normal -0.33688982640476006 0.941544074839288 0
    outer loop
      vertex -0.6805693581700325 2.013880670070648 1.5999999999999996
      vertex -0.6805693581700325 2.013880670070648 0
      vertex -0.8653668686747551 1.9477590695023537 0
    endloop
  endfacet
  facet normal -0.42755510310083966 0.9039892885496102 0
    outer loop
      vertex -0.8653668686747551 1.9477590695023537 1.5999999999999996
      vertex -0.8653668686747551 1.9477590695023537 0
      vertex -1.0427934750914574 1.8638425320386887 0
    endloop
  endfacet
  facet normal -0.24298019573678303 0.9700312492284537 0
    outer loop
      vertex -0.4901806488633156 2.0615705624222755 1.5999999999999996
      vertex -0.4901806488633156 2.0615705624222755 0
      vertex -0.6805693581700325 2.013880670070648 0
    endloop
  endfacet
  facet normal -0.671558983390028 0.7409510994850822 0
    outer loop
      vertex -1.3687865734100342 1.6460209116339684 1.5999999999999996
      vertex -1.3687865734100342 1.6460209116339684 0
      vertex -1.5142135620117188 1.5142135620117188 0
    endloop
  endfacet
  facet normal -0.14673047607854156 0.9891765097240051 0
    outer loop
      vertex -0.2960342839360237 2.0903694555163383 1.5999999999999996
      vertex -0.2960342839360237 2.0903694555163383 0
      vertex -0.4901806488633156 2.0615705624222755 0
    endloop
  endfacet
  facet normal -0.049067670415704694 0.9987954563973426 0
    outer loop
      vertex -0.10000000149011612 2.100000001490116 1.5999999999999996
      vertex -0.10000000149011612 2.100000001490116 0
      vertex -0.2960342839360237 2.0903694555163383 0
    endloop
  endfacet
  facet normal -1 0 0
    outer loop
      vertex -2.100000001490116 0.10000000149011612 1.5999999999999996
      vertex -2.100000001490116 0.10000000149011612 0
      vertex -2.100000001490116 -2.5 0
    endloop
  endfacet
  facet normal 0 0 1
    outer loop
      vertex -2.100000001490116 0.10000000149011612 1.5999999999999996
      vertex -2.100000001490116 -2.5 1.5999999999999996
      vertex 0.19999999999999996 -4 1.5999999999999996
    endloop
  endfacet
  facet normal 0 0 1
    outer loop
      vertex -2.100000001490116 0.10000000149011612 1.5999999999999996
      vertex 0.19999999999999996 -4 1.5999999999999996
      vertex 1.2 -4 1.5999999999999996
    endloop
  endfacet
  facet normal 0 0 1
    outer loop
      vertex -2.100000001490116 -2.5 1.5999999999999996
      vertex 0.19999999999999996 -5 1.5999999999999996
      vertex 0.19999999999999996 -4 1.5999999999999996
    endloop
  endfacet
  facet normal 0 0 1
    outer loop
      vertex -2.100000001490116 -2.5 1.5999999999999996
      vertex 9.5 -16.5 1.5999999999999996
      vertex 0.19999999999999996 -5 1.5999999999999996
    endloop
  endfacet
  facet normal 0 0 1
    outer loop
      vertex -2.100000001490116 -2.5 1.5999999999999996
      vertex 8.5 -17.5 1.5999999999999996
      vertex 8.5 -16.5 1.5999999999999996
    endloop
  endfacet
  facet normal 0 0 1
    outer loop
      vertex -2.0615705624222755 0.4901806488633156 1.5999999999999996
      vertex 8.5 -2.5 1.5999999999999996
      vertex 17.19 -0.5 1.5999999999999996
    endloop
  endfacet
  facet normal 0 0 1
    outer loop
      vertex -0.6805693581700325 2.013880670070648 1.5999999999999996
      vertex 42.53279347717762 1.8638425320386887 1.5999999999999996
      vertex -0.4901806488633156 2.0615705624222755 1.5999999999999996
    endloop
  endfacet
  facet normal 0 0 1
    outer loop
      vertex -0.4901806488633156 2.0615705624222755 1.5999999999999996
      vertex 42.35536687076092 1.9477590695023537 1.5999999999999996
      vertex -0.2960342839360237 2.0903694555163383 1.5999999999999996
    endloop
  endfacet
  facet normal 0 0 1
    outer loop
      vertex -0.8653668686747551 1.9477590695023537 1.5999999999999996
      vertex 42.701140470802784 1.762939229607582 1.5999999999999996
      vertex -0.6805693581700325 2.013880670070648 1.5999999999999996
    endloop
  endfacet
  facet normal 0 0 1
    outer loop
      vertex -1.0427934750914574 1.8638425320386887 1.5999999999999996
      vertex -1.2111404687166214 1.762939229607582 1.5999999999999996
      vertex 43.00421356409788 1.5142135620117188 1.5999999999999996
    endloop
  endfacet
  facet normal 0 0 1
    outer loop
      vertex -1.0427934750914574 1.8638425320386887 1.5999999999999996
      vertex 42.8587865754962 1.6460209116339684 1.5999999999999996
      vertex -0.8653668686747551 1.9477590695023537 1.5999999999999996
    endloop
  endfacet
  facet normal 0 0 1
    outer loop
      vertex -1.6460209116339684 1.3687865734100342 1.5999999999999996
      vertex -1.762939229607582 1.2111404687166214 1.5999999999999996
      vertex 43.437759071588516 0.8653668686747551 1.5999999999999996
    endloop
  endfacet
  facet normal 0 0 1
    outer loop
      vertex -1.3687865734100342 1.6460209116339684 1.5999999999999996
      vertex 43.13602091372013 1.3687865734100342 1.5999999999999996
      vertex -1.2111404687166214 1.762939229607582 1.5999999999999996
    endloop
  endfacet
  facet normal 0 0 1
    outer loop
      vertex -1.3687865734100342 1.6460209116339684 1.5999999999999996
      vertex -1.5142135620117188 1.5142135620117188 1.5999999999999996
      vertex 43.252939231693745 1.2111404687166214 1.5999999999999996
    endloop
  endfacet
  facet normal 0 0 1
    outer loop
      vertex -1.6460209116339684 1.3687865734100342 1.5999999999999996
      vertex 43.35384253412485 1.0427934750914574 1.5999999999999996
      vertex -1.5142135620117188 1.5142135620117188 1.5999999999999996
    endloop
  endfacet
  facet normal 0 0 1
    outer loop
      vertex -1.762939229607582 1.2111404687166214 1.5999999999999996
      vertex -1.8638425320386887 1.0427934750914574 1.5999999999999996
      vertex 43.50388067215681 0.6805693581700325 1.5999999999999996
    endloop
  endfacet
  facet normal 0 0 1
    outer loop
      vertex -1.8638425320386887 1.0427934750914574 1.5999999999999996
      vertex -1.9477590695023537 0.8653668686747551 1.5999999999999996
      vertex 43.55157056450844 0.4901806488633156 1.5999999999999996
    endloop
  endfacet
  facet normal 0 0 1
    outer loop
      vertex -1.9477590695023537 0.8653668686747551 1.5999999999999996
      vertex -2.013880670070648 0.6805693581700325 1.5999999999999996
      vertex 43.5803694576025 0.2960342839360237 1.5999999999999996
    endloop
  endfacet
  facet normal 0 0 1
    outer loop
      vertex -2.013880670070648 0.6805693581700325 1.5999999999999996
      vertex -2.0615705624222755 0.4901806488633156 1.5999999999999996
      vertex 43.59000000357628 0.10000000149011612 1.5999999999999996
    endloop
  endfacet
  facet normal 0 0 1
    outer loop
      vertex -2.0615705624222755 0.4901806488633156 1.5999999999999996
      vertex 18.59 0.2 1.5999999999999996
      vertex 21.99 0.2 1.5999999999999996
    endloop
  endfacet
  facet normal 0 1 0
    outer loop
      vertex -0.10000000149011612 2.100000001490116 1.5999999999999996
      vertex 41.59000000357628 2.100000001490116 1.5999999999999996
      vertex -0.10000000149011612 2.100000001490116 0
    endloop
  endfacet
  facet normal 0 0 1
    outer loop
      vertex -2.0615705624222755 0.4901806488633156 1.5999999999999996
      vertex 17.19 -0.5 1.5999999999999996
      vertex 18.09 -0.5 1.5999999999999996
    endloop
  endfacet
  facet normal 0 0 1
    outer loop
      vertex -2.0615705624222755 0.4901806488633156 1.5999999999999996
      vertex 18.09 -0.5 1.5999999999999996
      vertex 18.59 0.2 1.5999999999999996
    endloop
  endfacet
  facet normal 0 0 1
    outer loop
      vertex 8.5 -2.5 1.5999999999999996
      vertex 9.5 -2.5 1.5999999999999996
      vertex 17.19 -0.5 1.5999999999999996
    endloop
  endfacet
  facet normal 0 0 -1
    outer loop
      vertex -0.6805693581700325 2.013880670070648 0
      vertex -0.4901806488633156 2.0615705624222755 0
      vertex 42.53279347717762 1.8638425320386887 0
    endloop
  endfacet
  facet normal 0 0 -1
    outer loop
      vertex -0.4901806488633156 2.0615705624222755 0
      vertex -0.2960342839360237 2.0903694555163383 0
      vertex 42.35536687076092 1.9477590695023537 0
    endloop
  endfacet
  facet normal 0 0 -1
    outer loop
      vertex -0.8653668686747551 1.9477590695023537 0
      vertex -0.6805693581700325 2.013880670070648 0
      vertex 42.701140470802784 1.762939229607582 0
    endloop
  endfacet
  facet normal 0 0 -1
    outer loop
      vertex -1.0427934750914574 1.8638425320386887 0
      vertex 43.00421356409788 1.5142135620117188 0
      vertex -1.2111404687166214 1.762939229607582 0
    endloop
  endfacet
  facet normal 0 0 -1
    outer loop
      vertex -1.0427934750914574 1.8638425320386887 0
      vertex -0.8653668686747551 1.9477590695023537 0
      vertex 42.8587865754962 1.6460209116339684 0
    endloop
  endfacet
  facet normal 0 0 -1
    outer loop
      vertex -1.6460209116339684 1.3687865734100342 0
      vertex 43.437759071588516 0.8653668686747551 0
      vertex -1.762939229607582 1.2111404687166214 0
    endloop
  endfacet
  facet normal 0 0 -1
    outer loop
      vertex -1.3687865734100342 1.6460209116339684 0
      vertex -1.2111404687166214 1.762939229607582 0
      vertex 43.13602091372013 1.3687865734100342 0
    endloop
  endfacet
  facet normal 0 0 -1
    outer loop
      vertex -1.3687865734100342 1.6460209116339684 0
      vertex 43.252939231693745 1.2111404687166214 0
      vertex -1.5142135620117188 1.5142135620117188 0
    endloop
  endfacet
  facet normal 0 0 -1
    outer loop
      vertex -1.6460209116339684 1.3687865734100342 0
      vertex -1.5142135620117188 1.5142135620117188 0
      vertex 43.35384253412485 1.0427934750914574 0
    endloop
  endfacet
  facet normal 0 0 -1
    outer loop
      vertex -1.762939229607582 1.2111404687166214 0
      vertex 43.50388067215681 0.6805693581700325 0
      vertex -1.8638425320386887 1.0427934750914574 0
    endloop
  endfacet
  facet normal 0 0 -1
    outer loop
      vertex -1.8638425320386887 1.0427934750914574 0
      vertex 43.55157056450844 0.4901806488633156 0
      vertex -1.9477590695023537 0.8653668686747551 0
    endloop
  endfacet
  facet normal 0 0 -1
    outer loop
      vertex -1.9477590695023537 0.8653668686747551 0
      vertex 43.5803694576025 0.2960342839360237 0
      vertex -2.013880670070648 0.6805693581700325 0
    endloop
  endfacet
  facet normal 0 0 -1
    outer loop
      vertex -2.013880670070648 0.6805693581700325 0
      vertex 43.59000000357628 0.10000000149011612 0
      vertex -2.0615705624222755 0.4901806488633156 0
    endloop
  endfacet
  facet normal 0 0 1
    outer loop
      vertex 9.5 -2.5 1.5999999999999996
      vertex 9.5 -3.5 1.5999999999999996
      vertex 17.19 -0.5 1.5999999999999996
    endloop
  endfacet
  facet normal 0 0 1
    outer loop
      vertex -0.2960342839360237 2.0903694555163383 1.5999999999999996
      vertex 42.170569360256195 2.013880670070648 1.5999999999999996
      vertex -0.10000000149011612 2.100000001490116 1.5999999999999996
    endloop
  endfacet
  facet normal 0 0 1
    outer loop
      vertex 18.09 -0.5 1.5999999999999996
      vertex 18.09 -3 1.5999999999999996
      vertex 18.59 0.2 1.5999999999999996
    endloop
  endfacet
  facet normal 0 0 1
    outer loop
      vertex -2.0615705624222755 0.4901806488633156 1.5999999999999996
      vertex 21.99 0.2 1.5999999999999996
      vertex 43.59000000357628 0.10000000149011612 1.5999999999999996
    endloop
  endfacet
  facet normal 0 0 1
    outer loop
      vertex 18.59 0.2 1.5999999999999996
      vertex 18.09 -3 1.5999999999999996
      vertex 18.59 -0.5999999999999999 1.5999999999999996
    endloop
  endfacet
  facet normal 0 0 1
    outer loop
      vertex 18.59 -0.5999999999999999 1.5999999999999996
      vertex 18.09 -3 1.5999999999999996
      vertex 18.59 -1.0999999999999999 1.5999999999999996
    endloop
  endfacet
  facet normal 0 0 -1
    outer loop
      vertex -0.2960342839360237 2.0903694555163383 0
      vertex -0.10000000149011612 2.100000001490116 0
      vertex 42.170569360256195 2.013880670070648 0
    endloop
  endfacet
  facet normal 0 0 1
    outer loop
      vertex 9.5 -3.5 1.5999999999999996
      vertex 17.19 -3 1.5999999999999996
      vertex 17.19 -0.5 1.5999999999999996
    endloop
  endfacet
  facet normal 0 0 1
    outer loop
      vertex -2.0615705624222755 0.4901806488633156 1.5999999999999996
      vertex 25.14 -15.36 1.5999999999999996
      vertex 8.5 -3.5 1.5999999999999996
    endloop
  endfacet
  facet normal 0 0 1
    outer loop
      vertex -2.0615705624222755 0.4901806488633156 1.5999999999999996
      vertex -2.0903694555163383 0.2960342839360237 1.5999999999999996
      vertex 40.39 -26.5 1.5999999999999996
    endloop
  endfacet
  facet normal 0 0 1
    outer loop
      vertex -2.0903694555163383 0.2960342839360237 1.5999999999999996
      vertex -2.100000001490116 0.10000000149011612 1.5999999999999996
      vertex 40.39 -26.5 1.5999999999999996
    endloop
  endfacet
  facet normal 0 0 -1
    outer loop
      vertex -2.0615705624222755 0.4901806488633156 0
      vertex 42.589999999999996 -26.906435554015342 0
      vertex -2.0903694555163383 0.2960342839360237 0
    endloop
  endfacet
  facet normal 0 0 -1
    outer loop
      vertex -2.0903694555163383 0.2960342839360237 0
      vertex 42.589999999999996 -26.906435554015342 0
      vertex -2.100000001490116 0.10000000149011612 0
    endloop
  endfacet
  facet normal 0 0 1
    outer loop
      vertex -2.100000001490116 0.10000000149011612 1.5999999999999996
      vertex 1.2 -4 1.5999999999999996
      vertex 26.14 -26.32 1.5999999999999996
    endloop
  endfacet
  facet normal 0 0 1
    outer loop
      vertex -2.100000001490116 -2.5 1.5999999999999996
      vertex 8.5 -16.5 1.5999999999999996
      vertex 9.5 -16.5 1.5999999999999996
    endloop
  endfacet
  facet normal 0 0 1
    outer loop
      vertex 0.19999999999999996 -5 1.5999999999999996
      vertex 26.14 -26.32 1.5999999999999996
      vertex 1.2 -5 1.5999999999999996
    endloop
  endfacet
  facet normal 0 0 1
    outer loop
      vertex 1.2 -4 1.5999999999999996
      vertex 1.2 -5 1.5999999999999996
      vertex 26.14 -26.32 1.5999999999999996
    endloop
  endfacet
  facet normal 0 0 -1
    outer loop
      vertex -2.100000001490116 0.10000000149011612 0
      vertex 42.589999999999996 -26.906435554015342 0
      vertex -2.100000001490116 -2.5 0
    endloop
  endfacet
  facet normal 0 0 1
    outer loop
      vertex 8.5 -3.5 1.5999999999999996
      vertex 25.14 -15.36 1.5999999999999996
      vertex 9.5 -3.5 1.5999999999999996
    endloop
  endfacet
  facet normal 0 0 1
    outer loop
      vertex 9.5 -3.5 1.5999999999999996
      vertex 25.14 -15.36 1.5999999999999996
      vertex 17.19 -3 1.5999999999999996
    endloop
  endfacet
  facet normal 0 0 1
    outer loop
      vertex 17.19 -3 1.5999999999999996
      vertex 25.14 -15.36 1.5999999999999996
      vertex 18.09 -3 1.5999999999999996
    endloop
  endfacet
  facet normal 0 0 1
    outer loop
      vertex 18.59 -1.0999999999999999 1.5999999999999996
      vertex 18.09 -3 1.5999999999999996
      vertex 26.14 -15.36 1.5999999999999996
    endloop
  endfacet
  facet normal 0 0 1
    outer loop
      vertex -2.0615705624222755 0.4901806488633156 1.5999999999999996
      vertex 25.14 -16.36 1.5999999999999996
      vertex 25.14 -15.36 1.5999999999999996
    endloop
  endfacet
  facet normal 0 0 1
    outer loop
      vertex -2.100000001490116 -13.5 1.5999999999999996
      vertex 0.19999999999999996 -18 1.5999999999999996
      vertex 0.19999999999999996 -17 1.5999999999999996
    endloop
  endfacet
  facet normal 0 0 1
    outer loop
      vertex -2.100000001490116 -13.5 1.5999999999999996
      vertex 0.19999999999999996 -17 1.5999999999999996
      vertex 1.2 -17 1.5999999999999996
    endloop
  endfacet
  facet normal 0 0 1
    outer loop
      vertex -2.100000001490116 -2.5 1.5999999999999996
      vertex -2.100000001490116 -13.5 1.5999999999999996
      vertex 12.8 -26.32 1.5999999999999996
    endloop
  endfacet
  facet normal 0 0 1
    outer loop
      vertex -2.100000001490116 -13.5 1.5999999999999996
      vertex -2.100000001490116 -27.520000003278255 1.5999999999999996
      vertex 0.19999999999999996 -18 1.5999999999999996
    endloop
  endfacet
  facet normal 0 0 1
    outer loop
      vertex -2.100000001490116 -13.5 1.5999999999999996
      vertex 1.2 -17 1.5999999999999996
      vertex 12.8 -26.82 1.5999999999999996
    endloop
  endfacet
  facet normal 0 0 1
    outer loop
      vertex 1.2 -17 1.5999999999999996
      vertex 1.2 -18 1.5999999999999996
      vertex 12.8 -26.82 1.5999999999999996
    endloop
  endfacet
  facet normal 0 0 1
    outer loop
      vertex 0.19999999999999996 -18 1.5999999999999996
      vertex 12.8 -26.82 1.5999999999999996
      vertex 1.2 -18 1.5999999999999996
    endloop
  endfacet
  facet normal -1 0 0
    outer loop
      vertex -2.100000001490116 -13.5 1.5999999999999996
      vertex -2.100000001490116 -13.5 0
      vertex -2.100000001490116 -27.520000003278255 0
    endloop
  endfacet
  facet normal -1 0 0
    outer loop
      vertex -2.100000001490116 -13.5 1.5999999999999996
      vertex -2.100000001490116 -27.520000003278255 0
      vertex -2.100000001490116 -27.520000003278255 1.5999999999999996
    endloop
  endfacet
  facet normal 0 0 1
    outer loop
      vertex 0.19999999999999996 -18 1.5999999999999996
      vertex -2.100000001490116 -27.520000003278255 1.5999999999999996
      vertex 12.8 -26.82 1.5999999999999996
    endloop
  endfacet
  facet normal 0 0 1
    outer loop
      vertex -0.4901806488633156 -29.481570564210415 1.5999999999999996
      vertex -0.2960342839360237 -29.510369457304478 1.5999999999999996
      vertex -0.10000000149011612 -29.520000003278255 1.5999999999999996
    endloop
  endfacet
  facet normal -0.9987954563973426 -0.049067670415704694 0
    outer loop
      vertex -2.100000001490116 -27.520000003278255 1.5999999999999996
      vertex -2.0903694555163383 -27.716034285724163 0
      vertex -2.0903694555163383 -27.716034285724163 1.5999999999999996
    endloop
  endfacet
  facet normal -0.9891765097240051 -0.14673047607854156 0
    outer loop
      vertex -2.0903694555163383 -27.716034285724163 1.5999999999999996
      vertex -2.0615705624222755 -27.910180650651455 0
      vertex -2.0615705624222755 -27.910180650651455 1.5999999999999996
    endloop
  endfacet
  facet normal -0.9700312492284537 -0.24298019573678303 0
    outer loop
      vertex -2.0615705624222755 -27.910180650651455 1.5999999999999996
      vertex -2.013880670070648 -28.100569359958172 0
      vertex -2.013880670070648 -28.100569359958172 1.5999999999999996
    endloop
  endfacet
  facet normal -0.941544074839288 -0.33688982640476006 0
    outer loop
      vertex -2.013880670070648 -28.100569359958172 1.5999999999999996
      vertex -1.9477590695023537 -28.285366870462894 0
      vertex -1.9477590695023537 -28.285366870462894 1.5999999999999996
    endloop
  endfacet
  facet normal -0.9039892885496102 -0.42755510310083966 0
    outer loop
      vertex -1.9477590695023537 -28.285366870462894 1.5999999999999996
      vertex -1.8638425320386887 -28.462793476879597 0
      vertex -1.8638425320386887 -28.462793476879597 1.5999999999999996
    endloop
  endfacet
  facet normal -0.8577286153979925 -0.5141027351876691 0
    outer loop
      vertex -1.8638425320386887 -28.462793476879597 1.5999999999999996
      vertex -1.762939229607582 -28.63114047050476 0
      vertex -1.762939229607582 -28.63114047050476 1.5999999999999996
    endloop
  endfacet
  facet normal -0.8032075356003305 -0.5956992989376801 0
    outer loop
      vertex -1.762939229607582 -28.63114047050476 1.5999999999999996
      vertex -1.6460209116339684 -28.788786575198174 0
      vertex -1.6460209116339684 -28.788786575198174 1.5999999999999996
    endloop
  endfacet
  facet normal -0.7409510994850822 -0.671558983390028 0
    outer loop
      vertex -1.6460209116339684 -28.788786575198174 1.5999999999999996
      vertex -1.5142135620117188 -28.934213563799858 0
      vertex -1.5142135620117188 -28.934213563799858 1.5999999999999996
    endloop
  endfacet
  facet normal -0.671558983390028 -0.7409510994850822 0
    outer loop
      vertex -1.5142135620117188 -28.934213563799858 1.5999999999999996
      vertex -1.3687865734100342 -29.066020913422108 0
      vertex -1.3687865734100342 -29.066020913422108 1.5999999999999996
    endloop
  endfacet
  facet normal -0.5956992989376801 -0.8032075356003305 0
    outer loop
      vertex -1.3687865734100342 -29.066020913422108 1.5999999999999996
      vertex -1.2111404687166214 -29.18293923139572 0
      vertex -1.2111404687166214 -29.18293923139572 1.5999999999999996
    endloop
  endfacet
  facet normal -0.5141027351876691 -0.8577286153979925 0
    outer loop
      vertex -1.2111404687166214 -29.18293923139572 1.5999999999999996
      vertex -1.0427934750914574 -29.283842533826828 0
      vertex -1.0427934750914574 -29.283842533826828 1.5999999999999996
    endloop
  endfacet
  facet normal -0.42755510310083966 -0.9039892885496102 0
    outer loop
      vertex -1.0427934750914574 -29.283842533826828 1.5999999999999996
      vertex -0.8653668686747551 -29.367759071290493 0
      vertex -0.8653668686747551 -29.367759071290493 1.5999999999999996
    endloop
  endfacet
  facet normal -0.33688982640476006 -0.941544074839288 0
    outer loop
      vertex -0.8653668686747551 -29.367759071290493 1.5999999999999996
      vertex -0.6805693581700325 -29.433880671858788 0
      vertex -0.6805693581700325 -29.433880671858788 1.5999999999999996
    endloop
  endfacet
  facet normal -0.24298019573678303 -0.9700312492284537 0
    outer loop
      vertex -0.6805693581700325 -29.433880671858788 1.5999999999999996
      vertex -0.4901806488633156 -29.481570564210415 0
      vertex -0.4901806488633156 -29.481570564210415 1.5999999999999996
    endloop
  endfacet
  facet normal -0.14673047607854156 -0.9891765097240051 0
    outer loop
      vertex -0.4901806488633156 -29.481570564210415 1.5999999999999996
      vertex -0.2960342839360237 -29.510369457304478 0
      vertex -0.2960342839360237 -29.510369457304478 1.5999999999999996
    endloop
  endfacet
  facet normal -0.049067670415704694 -0.9987954563973426 0
    outer loop
      vertex -0.2960342839360237 -29.510369457304478 1.5999999999999996
      vertex -0.10000000149011612 -29.520000003278255 0
      vertex -0.10000000149011612 -29.520000003278255 1.5999999999999996
    endloop
  endfacet
  facet normal -0.9987954563973426 -0.049067670415704694 0
    outer loop
      vertex -2.100000001490116 -27.520000003278255 1.5999999999999996
      vertex -2.100000001490116 -27.520000003278255 0
      vertex -2.0903694555163383 -27.716034285724163 0
    endloop
  endfacet
  facet normal -0.9891765097240051 -0.14673047607854156 0
    outer loop
      vertex -2.0903694555163383 -27.716034285724163 1.5999999999999996
      vertex -2.0903694555163383 -27.716034285724163 0
      vertex -2.0615705624222755 -27.910180650651455 0
    endloop
  endfacet
  facet normal -0.9700312492284537 -0.24298019573678303 0
    outer loop
      vertex -2.0615705624222755 -27.910180650651455 1.5999999999999996
      vertex -2.0615705624222755 -27.910180650651455 0
      vertex -2.013880670070648 -28.100569359958172 0
    endloop
  endfacet
  facet normal -0.941544074839288 -0.33688982640476006 0
    outer loop
      vertex -2.013880670070648 -28.100569359958172 1.5999999999999996
      vertex -2.013880670070648 -28.100569359958172 0
      vertex -1.9477590695023537 -28.285366870462894 0
    endloop
  endfacet
  facet normal -0.9039892885496102 -0.42755510310083966 0
    outer loop
      vertex -1.9477590695023537 -28.285366870462894 1.5999999999999996
      vertex -1.9477590695023537 -28.285366870462894 0
      vertex -1.8638425320386887 -28.462793476879597 0
    endloop
  endfacet
  facet normal -0.8577286153979925 -0.5141027351876691 0
    outer loop
      vertex -1.8638425320386887 -28.462793476879597 1.5999999999999996
      vertex -1.8638425320386887 -28.462793476879597 0
      vertex -1.762939229607582 -28.63114047050476 0
    endloop
  endfacet
  facet normal -0.8032075356003305 -0.5956992989376801 0
    outer loop
      vertex -1.762939229607582 -28.63114047050476 1.5999999999999996
      vertex -1.762939229607582 -28.63114047050476 0
      vertex -1.6460209116339684 -28.788786575198174 0
    endloop
  endfacet
  facet normal -0.7409510994850822 -0.671558983390028 0
    outer loop
      vertex -1.6460209116339684 -28.788786575198174 1.5999999999999996
      vertex -1.6460209116339684 -28.788786575198174 0
      vertex -1.5142135620117188 -28.934213563799858 0
    endloop
  endfacet
  facet normal -0.671558983390028 -0.7409510994850822 0
    outer loop
      vertex -1.5142135620117188 -28.934213563799858 1.5999999999999996
      vertex -1.5142135620117188 -28.934213563799858 0
      vertex -1.3687865734100342 -29.066020913422108 0
    endloop
  endfacet
  facet normal -0.5956992989376801 -0.8032075356003305 0
    outer loop
      vertex -1.3687865734100342 -29.066020913422108 1.5999999999999996
      vertex -1.3687865734100342 -29.066020913422108 0
      vertex -1.2111404687166214 -29.18293923139572 0
    endloop
  endfacet
  facet normal -0.5141027351876691 -0.8577286153979925 0
    outer loop
      vertex -1.2111404687166214 -29.18293923139572 1.5999999999999996
      vertex -1.2111404687166214 -29.18293923139572 0
      vertex -1.0427934750914574 -29.283842533826828 0
    endloop
  endfacet
  facet normal -0.42755510310083966 -0.9039892885496102 0
    outer loop
      vertex -1.0427934750914574 -29.283842533826828 1.5999999999999996
      vertex -1.0427934750914574 -29.283842533826828 0
      vertex -0.8653668686747551 -29.367759071290493 0
    endloop
  endfacet
  facet normal -0.33688982640476006 -0.941544074839288 0
    outer loop
      vertex -0.8653668686747551 -29.367759071290493 1.5999999999999996
      vertex -0.8653668686747551 -29.367759071290493 0
      vertex -0.6805693581700325 -29.433880671858788 0
    endloop
  endfacet
  facet normal -0.24298019573678303 -0.9700312492284537 0
    outer loop
      vertex -0.6805693581700325 -29.433880671858788 1.5999999999999996
      vertex -0.6805693581700325 -29.433880671858788 0
      vertex -0.4901806488633156 -29.481570564210415 0
    endloop
  endfacet
  facet normal -0.14673047607854156 -0.9891765097240051 0
    outer loop
      vertex -0.4901806488633156 -29.481570564210415 1.5999999999999996
      vertex -0.4901806488633156 -29.481570564210415 0
      vertex -0.2960342839360237 -29.510369457304478 0
    endloop
  endfacet
  facet normal -0.049067670415704694 -0.9987954563973426 0
    outer loop
      vertex -0.2960342839360237 -29.510369457304478 1.5999999999999996
      vertex -0.2960342839360237 -29.510369457304478 0
      vertex -0.10000000149011612 -29.520000003278255 0
    endloop
  endfacet
  facet normal 0 0 -1
    outer loop
      vertex -0.4901806488633156 -29.481570564210415 0
      vertex -0.10000000149011612 -29.520000003278255 0
      vertex -0.2960342839360237 -29.510369457304478 0
    endloop
  endfacet
  facet normal 0 0 1
    outer loop
      vertex -2.100000001490116 -2.5 1.5999999999999996
      vertex 12.8 -26.32 1.5999999999999996
      vertex 8.5 -17.5 1.5999999999999996
    endloop
  endfacet
  facet normal 0 0 1
    outer loop
      vertex 0.19999999999999996 -5 1.5999999999999996
      vertex 9.5 -16.5 1.5999999999999996
      vertex 18.09 -21 1.5999999999999996
    endloop
  endfacet
  facet normal 0 0 -1
    outer loop
      vertex -2.100000001490116 -2.5 0
      vertex 42.589999999999996 -26.906435554015342 0
      vertex -2.100000001490116 -13.5 0
    endloop
  endfacet
  facet normal 0 0 1
    outer loop
      vertex 9.5 -16.5 1.5999999999999996
      vertex 9.5 -17.5 1.5999999999999996
      vertex 17.19 -21 1.5999999999999996
    endloop
  endfacet
  facet normal 0 0 1
    outer loop
      vertex 8.5 -17.5 1.5999999999999996
      vertex 16.2 -26.32 1.5999999999999996
      vertex 9.5 -17.5 1.5999999999999996
    endloop
  endfacet
  facet normal 0 0 1
    outer loop
      vertex 0.19999999999999996 -5 1.5999999999999996
      vertex 18.09 -21 1.5999999999999996
      vertex 26.14 -26.32 1.5999999999999996
    endloop
  endfacet
  facet normal 0 0 1
    outer loop
      vertex -2.0615705624222755 0.4901806488633156 1.5999999999999996
      vertex 40.39 -26.5 1.5999999999999996
      vertex 25.14 -16.36 1.5999999999999996
    endloop
  endfacet
  facet normal 0 0 1
    outer loop
      vertex -2.100000001490116 0.10000000149011612 1.5999999999999996
      vertex 26.14 -26.32 1.5999999999999996
      vertex 32.14 -26.32 1.5999999999999996
    endloop
  endfacet
  facet normal 0 0 1
    outer loop
      vertex 9.5 -16.5 1.5999999999999996
      vertex 17.19 -21 1.5999999999999996
      vertex 18.09 -21 1.5999999999999996
    endloop
  endfacet
  facet normal 0 0 1
    outer loop
      vertex 9.5 -17.5 1.5999999999999996
      vertex 17.19 -24 1.5999999999999996
      vertex 17.19 -21 1.5999999999999996
    endloop
  endfacet
  facet normal 0 0 1
    outer loop
      vertex -2.100000001490116 -13.5 1.5999999999999996
      vertex 12.8 -26.82 1.5999999999999996
      vertex 12.8 -26.32 1.5999999999999996
    endloop
  endfacet
  facet normal 0 0 1
    outer loop
      vertex 8.5 -17.5 1.5999999999999996
      vertex 12.8 -26.32 1.5999999999999996
      vertex 16.2 -26.32 1.5999999999999996
    endloop
  endfacet
  facet normal 0 0 -1
    outer loop
      vertex -2.100000001490116 -13.5 0
      vertex 42.589999999999996 -26.906435554015342 0
      vertex -2.100000001490116 -27.520000003278255 0
    endloop
  endfacet
  facet normal 0 0 1
    outer loop
      vertex -2.100000001490116 -27.520000003278255 1.5999999999999996
      vertex 12.8 -27.619999999999997 1.5999999999999996
      vertex 12.8 -26.82 1.5999999999999996
    endloop
  endfacet
  facet normal 0 0 1
    outer loop
      vertex -2.100000001490116 -27.520000003278255 1.5999999999999996
      vertex -2.0903694555163383 -27.716034285724163 1.5999999999999996
      vertex 42.589999999999996 -29.249554264407355 1.5999999999999996
    endloop
  endfacet
  facet normal 0 0 1
    outer loop
      vertex -2.0903694555163383 -27.716034285724163 1.5999999999999996
      vertex -2.0615705624222755 -27.910180650651455 1.5999999999999996
      vertex 42.589999999999996 -29.249554264407355 1.5999999999999996
    endloop
  endfacet
  facet normal 0 0 1
    outer loop
      vertex -2.0615705624222755 -27.910180650651455 1.5999999999999996
      vertex -2.013880670070648 -28.100569359958172 1.5999999999999996
      vertex 42.589999999999996 -29.249554264407355 1.5999999999999996
    endloop
  endfacet
  facet normal 0 0 1
    outer loop
      vertex -2.013880670070648 -28.100569359958172 1.5999999999999996
      vertex -1.9477590695023537 -28.285366870462894 1.5999999999999996
      vertex 42.589999999999996 -29.249554264407355 1.5999999999999996
    endloop
  endfacet
  facet normal 0 0 1
    outer loop
      vertex -1.9477590695023537 -28.285366870462894 1.5999999999999996
      vertex -1.8638425320386887 -28.462793476879597 1.5999999999999996
      vertex 42.589999999999996 -29.249554264407355 1.5999999999999996
    endloop
  endfacet
  facet normal 0 0 1
    outer loop
      vertex -1.8638425320386887 -28.462793476879597 1.5999999999999996
      vertex -1.762939229607582 -28.63114047050476 1.5999999999999996
      vertex 42.589999999999996 -29.249554264407355 1.5999999999999996
    endloop
  endfacet
  facet normal 0 0 1
    outer loop
      vertex -1.762939229607582 -28.63114047050476 1.5999999999999996
      vertex -1.6460209116339684 -28.788786575198174 1.5999999999999996
      vertex 42.589999999999996 -29.249554264407355 1.5999999999999996
    endloop
  endfacet
  facet normal 0 0 1
    outer loop
      vertex -1.6460209116339684 -28.788786575198174 1.5999999999999996
      vertex -1.5142135620117188 -28.934213563799858 1.5999999999999996
      vertex 42.589999999999996 -29.249554264407355 1.5999999999999996
    endloop
  endfacet
  facet normal 0 0 1
    outer loop
      vertex -1.5142135620117188 -28.934213563799858 1.5999999999999996
      vertex -1.3687865734100342 -29.066020913422108 1.5999999999999996
      vertex 42.53279347717762 -29.283842533826828 1.5999999999999996
    endloop
  endfacet
  facet normal 0 0 1
    outer loop
      vertex -1.3687865734100342 -29.066020913422108 1.5999999999999996
      vertex -1.2111404687166214 -29.18293923139572 1.5999999999999996
      vertex 42.35536687076092 -29.367759071290493 1.5999999999999996
    endloop
  endfacet
  facet normal 0 0 1
    outer loop
      vertex -1.2111404687166214 -29.18293923139572 1.5999999999999996
      vertex -1.0427934750914574 -29.283842533826828 1.5999999999999996
      vertex 42.170569360256195 -29.433880671858788 1.5999999999999996
    endloop
  endfacet
  facet normal 0 0 1
    outer loop
      vertex -1.0427934750914574 -29.283842533826828 1.5999999999999996
      vertex -0.8653668686747551 -29.367759071290493 1.5999999999999996
      vertex 41.98018065094948 -29.481570564210415 1.5999999999999996
    endloop
  endfacet
  facet normal 0 0 1
    outer loop
      vertex -0.8653668686747551 -29.367759071290493 1.5999999999999996
      vertex -0.6805693581700325 -29.433880671858788 1.5999999999999996
      vertex 41.786034286022186 -29.510369457304478 1.5999999999999996
    endloop
  endfacet
  facet normal 0 0 1
    outer loop
      vertex -0.6805693581700325 -29.433880671858788 1.5999999999999996
      vertex -0.4901806488633156 -29.481570564210415 1.5999999999999996
      vertex 41.59000000357628 -29.520000003278255 1.5999999999999996
    endloop
  endfacet
  facet normal 0 0 1
    outer loop
      vertex -0.4901806488633156 -29.481570564210415 1.5999999999999996
      vertex -0.10000000149011612 -29.520000003278255 1.5999999999999996
      vertex 41.59000000357628 -29.520000003278255 1.5999999999999996
    endloop
  endfacet
  facet normal 0 0 -1
    outer loop
      vertex -2.100000001490116 -27.520000003278255 0
      vertex 42.589999999999996 -26.906435554015342 0
      vertex -2.0903694555163383 -27.716034285724163 0
    endloop
  endfacet
  facet normal 0 0 -1
    outer loop
      vertex -2.0903694555163383 -27.716034285724163 0
      vertex 42.589999999999996 -26.906435554015342 0
      vertex -2.0615705624222755 -27.910180650651455 0
    endloop
  endfacet
  facet normal 0 -1 0
    outer loop
      vertex -0.10000000149011612 -29.520000003278255 1.5999999999999996
      vertex -0.10000000149011612 -29.520000003278255 0
      vertex 41.59000000357628 -29.520000003278255 0
    endloop
  endfacet
  facet normal 0 0 -1
    outer loop
      vertex -2.0615705624222755 -27.910180650651455 0
      vertex 42.589999999999996 -26.906435554015342 0
      vertex -2.013880670070648 -28.100569359958172 0
    endloop
  endfacet
  facet normal 0 0 -1
    outer loop
      vertex -2.013880670070648 -28.100569359958172 0
      vertex 42.589999999999996 -26.906435554015342 0
      vertex -1.9477590695023537 -28.285366870462894 0
    endloop
  endfacet
  facet normal 0 0 -1
    outer loop
      vertex -1.9477590695023537 -28.285366870462894 0
      vertex 42.589999999999996 -26.906435554015342 0
      vertex -1.8638425320386887 -28.462793476879597 0
    endloop
  endfacet
  facet normal 0 0 -1
    outer loop
      vertex -1.8638425320386887 -28.462793476879597 0
      vertex 42.589999999999996 -26.906435554015342 0
      vertex -1.762939229607582 -28.63114047050476 0
    endloop
  endfacet
  facet normal 0 0 -1
    outer loop
      vertex -1.762939229607582 -28.63114047050476 0
      vertex 42.589999999999996 -26.906435554015342 0
      vertex -1.6460209116339684 -28.788786575198174 0
    endloop
  endfacet
  facet normal 0 0 -1
    outer loop
      vertex -1.6460209116339684 -28.788786575198174 0
      vertex 42.589999999999996 -26.906435554015342 0
      vertex -1.5142135620117188 -28.934213563799858 0
    endloop
  endfacet
  facet normal 0 0 -1
    outer loop
      vertex -1.5142135620117188 -28.934213563799858 0
      vertex 42.53279347717762 -29.283842533826828 0
      vertex -1.3687865734100342 -29.066020913422108 0
    endloop
  endfacet
  facet normal 0 0 -1
    outer loop
      vertex -1.3687865734100342 -29.066020913422108 0
      vertex 42.35536687076092 -29.367759071290493 0
      vertex -1.2111404687166214 -29.18293923139572 0
    endloop
  endfacet
  facet normal 0 0 -1
    outer loop
      vertex -1.2111404687166214 -29.18293923139572 0
      vertex 42.170569360256195 -29.433880671858788 0
      vertex -1.0427934750914574 -29.283842533826828 0
    endloop
  endfacet
  facet normal 0 0 -1
    outer loop
      vertex -1.0427934750914574 -29.283842533826828 0
      vertex 41.98018065094948 -29.481570564210415 0
      vertex -0.8653668686747551 -29.367759071290493 0
    endloop
  endfacet
  facet normal 0 0 -1
    outer loop
      vertex -0.8653668686747551 -29.367759071290493 0
      vertex 41.786034286022186 -29.510369457304478 0
      vertex -0.6805693581700325 -29.433880671858788 0
    endloop
  endfacet
  facet normal 0 0 -1
    outer loop
      vertex -0.6805693581700325 -29.433880671858788 0
      vertex 41.59000000357628 -29.520000003278255 0
      vertex -0.4901806488633156 -29.481570564210415 0
    endloop
  endfacet
  facet normal 0 0 -1
    outer loop
      vertex -0.4901806488633156 -29.481570564210415 0
      vertex 41.59000000357628 -29.520000003278255 0
      vertex -0.10000000149011612 -29.520000003278255 0
    endloop
  endfacet
  facet normal 0 0 1
    outer loop
      vertex 9.5 -17.5 1.5999999999999996
      vertex 16.2 -26.32 1.5999999999999996
      vertex 17.19 -24 1.5999999999999996
    endloop
  endfacet
  facet normal 0 0 1
    outer loop
      vertex 17.19 -24 1.5999999999999996
      vertex 26.14 -26.32 1.5999999999999996
      vertex 18.09 -24 1.5999999999999996
    endloop
  endfacet
  facet normal 0 0 1
    outer loop
      vertex 17.19 -24 1.5999999999999996
      vertex 16.2 -26.32 1.5999999999999996
      vertex 26.14 -26.32 1.5999999999999996
    endloop
  endfacet
  facet normal 0 0 1
    outer loop
      vertex 18.09 -21 1.5999999999999996
      vertex 18.09 -24 1.5999999999999996
      vertex 26.14 -26.32 1.5999999999999996
    endloop
  endfacet
  facet normal 0 0 1
    outer loop
      vertex -2.100000001490116 -27.520000003278255 1.5999999999999996
      vertex 42.589999999999996 -29.249554264407355 1.5999999999999996
      vertex 12.8 -27.619999999999997 1.5999999999999996
    endloop
  endfacet
  facet normal 0 0 1
    outer loop
      vertex 16.2 -26.32 1.5999999999999996
      vertex 16.2 -26.82 1.5999999999999996
      vertex 26.14 -26.82 1.5999999999999996
    endloop
  endfacet
  facet normal 0 0 1
    outer loop
      vertex 16.2 -26.82 1.5999999999999996
      vertex 16.2 -27.619999999999997 1.5999999999999996
      vertex 26.14 -27.619999999999997 1.5999999999999996
    endloop
  endfacet
  facet normal 0 0 1
    outer loop
      vertex -0.10000000149011612 2.100000001490116 1.5999999999999996
      vertex 41.98018065094948 2.0615705624222755 1.5999999999999996
      vertex 41.59000000357628 2.100000001490116 1.5999999999999996
    endloop
  endfacet
  facet normal 0 0 1
    outer loop
      vertex -0.10000000149011612 2.100000001490116 1.5999999999999996
      vertex 42.170569360256195 2.013880670070648 1.5999999999999996
      vertex 41.98018065094948 2.0615705624222755 1.5999999999999996
    endloop
  endfacet
  facet normal 0 0 1
    outer loop
      vertex -0.2960342839360237 2.0903694555163383 1.5999999999999996
      vertex 42.35536687076092 1.9477590695023537 1.5999999999999996
      vertex 42.170569360256195 2.013880670070648 1.5999999999999996
    endloop
  endfacet
  facet normal 0 0 1
    outer loop
      vertex -0.4901806488633156 2.0615705624222755 1.5999999999999996
      vertex 42.53279347717762 1.8638425320386887 1.5999999999999996
      vertex 42.35536687076092 1.9477590695023537 1.5999999999999996
    endloop
  endfacet
  facet normal 0 0 1
    outer loop
      vertex -0.6805693581700325 2.013880670070648 1.5999999999999996
      vertex 42.701140470802784 1.762939229607582 1.5999999999999996
      vertex 42.53279347717762 1.8638425320386887 1.5999999999999996
    endloop
  endfacet
  facet normal 0 0 1
    outer loop
      vertex -0.8653668686747551 1.9477590695023537 1.5999999999999996
      vertex 42.8587865754962 1.6460209116339684 1.5999999999999996
      vertex 42.701140470802784 1.762939229607582 1.5999999999999996
    endloop
  endfacet
  facet normal 0 0 1
    outer loop
      vertex -1.0427934750914574 1.8638425320386887 1.5999999999999996
      vertex 43.00421356409788 1.5142135620117188 1.5999999999999996
      vertex 42.8587865754962 1.6460209116339684 1.5999999999999996
    endloop
  endfacet
  facet normal 0 0 1
    outer loop
      vertex -1.2111404687166214 1.762939229607582 1.5999999999999996
      vertex 43.13602091372013 1.3687865734100342 1.5999999999999996
      vertex 43.00421356409788 1.5142135620117188 1.5999999999999996
    endloop
  endfacet
  facet normal 0 0 1
    outer loop
      vertex -1.3687865734100342 1.6460209116339684 1.5999999999999996
      vertex 43.252939231693745 1.2111404687166214 1.5999999999999996
      vertex 43.13602091372013 1.3687865734100342 1.5999999999999996
    endloop
  endfacet
  facet normal 0 0 1
    outer loop
      vertex -1.5142135620117188 1.5142135620117188 1.5999999999999996
      vertex 43.35384253412485 1.0427934750914574 1.5999999999999996
      vertex 43.252939231693745 1.2111404687166214 1.5999999999999996
    endloop
  endfacet
  facet normal 0 0 1
    outer loop
      vertex -1.6460209116339684 1.3687865734100342 1.5999999999999996
      vertex 43.437759071588516 0.8653668686747551 1.5999999999999996
      vertex 43.35384253412485 1.0427934750914574 1.5999999999999996
    endloop
  endfacet
  facet normal 0 0 1
    outer loop
      vertex -1.762939229607582 1.2111404687166214 1.5999999999999996
      vertex 43.50388067215681 0.6805693581700325 1.5999999999999996
      vertex 43.437759071588516 0.8653668686747551 1.5999999999999996
    endloop
  endfacet
  facet normal 0 0 1
    outer loop
      vertex -1.8638425320386887 1.0427934750914574 1.5999999999999996
      vertex 43.55157056450844 0.4901806488633156 1.5999999999999996
      vertex 43.50388067215681 0.6805693581700325 1.5999999999999996
    endloop
  endfacet
  facet normal 0 0 1
    outer loop
      vertex -1.9477590695023537 0.8653668686747551 1.5999999999999996
      vertex 43.5803694576025 0.2960342839360237 1.5999999999999996
      vertex 43.55157056450844 0.4901806488633156 1.5999999999999996
    endloop
  endfacet
  facet normal 0 0 1
    outer loop
      vertex -2.013880670070648 0.6805693581700325 1.5999999999999996
      vertex 43.59000000357628 0.10000000149011612 1.5999999999999996
      vertex 43.5803694576025 0.2960342839360237 1.5999999999999996
    endloop
  endfacet
  facet normal 0 0 1
    outer loop
      vertex 21.99 0.2 1.5999999999999996
      vertex 21.99 -0.6000000000000001 1.5999999999999996
      vertex 43.59000000357628 0.10000000149011612 1.5999999999999996
    endloop
  endfacet
  facet normal 0 0 1
    outer loop
      vertex 21.99 -0.6000000000000001 1.5999999999999996
      vertex 21.99 -1.0999999999999999 1.5999999999999996
      vertex 43.59000000357628 0.10000000149011612 1.5999999999999996
    endloop
  endfacet
  facet normal 0 0 1
    outer loop
      vertex 21.99 -1.0999999999999999 1.5999999999999996
      vertex 25.14 -2.3 1.5999999999999996
      vertex 43.59000000357628 0.10000000149011612 1.5999999999999996
    endloop
  endfacet
  facet normal 0 1 0
    outer loop
      vertex -0.10000000149011612 2.100000001490116 0
      vertex 41.59000000357628 2.100000001490116 1.5999999999999996
      vertex 41.59000000357628 2.100000001490116 0
    endloop
  endfacet
  facet normal 0 0 -1
    outer loop
      vertex -0.10000000149011612 2.100000001490116 0
      vertex 41.59000000357628 2.100000001490116 0
      vertex 41.98018065094948 2.0615705624222755 0
    endloop
  endfacet
  facet normal 0 0 -1
    outer loop
      vertex -0.10000000149011612 2.100000001490116 0
      vertex 41.98018065094948 2.0615705624222755 0
      vertex 42.170569360256195 2.013880670070648 0
    endloop
  endfacet
  facet normal 0 0 -1
    outer loop
      vertex -0.2960342839360237 2.0903694555163383 0
      vertex 42.170569360256195 2.013880670070648 0
      vertex 42.35536687076092 1.9477590695023537 0
    endloop
  endfacet
  facet normal 0 0 -1
    outer loop
      vertex -0.4901806488633156 2.0615705624222755 0
      vertex 42.35536687076092 1.9477590695023537 0
      vertex 42.53279347717762 1.8638425320386887 0
    endloop
  endfacet
  facet normal 0 0 -1
    outer loop
      vertex -0.6805693581700325 2.013880670070648 0
      vertex 42.53279347717762 1.8638425320386887 0
      vertex 42.701140470802784 1.762939229607582 0
    endloop
  endfacet
  facet normal 0 0 -1
    outer loop
      vertex -0.8653668686747551 1.9477590695023537 0
      vertex 42.701140470802784 1.762939229607582 0
      vertex 42.8587865754962 1.6460209116339684 0
    endloop
  endfacet
  facet normal 0 0 -1
    outer loop
      vertex -1.0427934750914574 1.8638425320386887 0
      vertex 42.8587865754962 1.6460209116339684 0
      vertex 43.00421356409788 1.5142135620117188 0
    endloop
  endfacet
  facet normal 0 0 -1
    outer loop
      vertex -1.2111404687166214 1.762939229607582 0
      vertex 43.00421356409788 1.5142135620117188 0
      vertex 43.13602091372013 1.3687865734100342 0
    endloop
  endfacet
  facet normal 0 0 -1
    outer loop
      vertex -1.3687865734100342 1.6460209116339684 0
      vertex 43.13602091372013 1.3687865734100342 0
      vertex 43.252939231693745 1.2111404687166214 0
    endloop
  endfacet
  facet normal 0 0 -1
    outer loop
      vertex -1.5142135620117188 1.5142135620117188 0
      vertex 43.252939231693745 1.2111404687166214 0
      vertex 43.35384253412485 1.0427934750914574 0
    endloop
  endfacet
  facet normal 0 0 -1
    outer loop
      vertex -1.6460209116339684 1.3687865734100342 0
      vertex 43.35384253412485 1.0427934750914574 0
      vertex 43.437759071588516 0.8653668686747551 0
    endloop
  endfacet
  facet normal 0 0 -1
    outer loop
      vertex -1.762939229607582 1.2111404687166214 0
      vertex 43.437759071588516 0.8653668686747551 0
      vertex 43.50388067215681 0.6805693581700325 0
    endloop
  endfacet
  facet normal 0 0 -1
    outer loop
      vertex -1.8638425320386887 1.0427934750914574 0
      vertex 43.50388067215681 0.6805693581700325 0
      vertex 43.55157056450844 0.4901806488633156 0
    endloop
  endfacet
  facet normal 0 0 -1
    outer loop
      vertex -1.9477590695023537 0.8653668686747551 0
      vertex 43.55157056450844 0.4901806488633156 0
      vertex 43.5803694576025 0.2960342839360237 0
    endloop
  endfacet
  facet normal 0 0 -1
    outer loop
      vertex -2.013880670070648 0.6805693581700325 0
      vertex 43.5803694576025 0.2960342839360237 0
      vertex 43.59000000357628 0.10000000149011612 0
    endloop
  endfacet
  facet normal 0 0 1
    outer loop
      vertex 21.99 -1.0999999999999999 1.5999999999999996
      vertex 25.14 -3.3 1.5999999999999996
      vertex 25.14 -2.3 1.5999999999999996
    endloop
  endfacet
  facet normal 0 0 1
    outer loop
      vertex 25.14 -2.3 1.5999999999999996
      vertex 26.14 -2.3 1.5999999999999996
      vertex 43.59000000357628 0.10000000149011612 1.5999999999999996
    endloop
  endfacet
  facet normal 0 0 1
    outer loop
      vertex 18.59 -1.0999999999999999 1.5999999999999996
      vertex 40.39 -26.5 1.5999999999999996
      vertex 21.99 -1.0999999999999999 1.5999999999999996
    endloop
  endfacet
  facet normal 0 0 1
    outer loop
      vertex 21.99 -1.0999999999999999 1.5999999999999996
      vertex 43.59000000357628 -18.52 1.5999999999999996
      vertex 25.14 -3.3 1.5999999999999996
    endloop
  endfacet
  facet normal 0 0 -1
    outer loop
      vertex -2.0615705624222755 0.4901806488633156 0
      vertex 43.59000000357628 0.10000000149011612 0
      vertex 43.59000000357628 -18.52 0
    endloop
  endfacet
  facet normal 0 0 1
    outer loop
      vertex 18.09 -3 1.5999999999999996
      vertex 25.14 -15.36 1.5999999999999996
      vertex 26.14 -15.36 1.5999999999999996
    endloop
  endfacet
  facet normal 0 0 -1
    outer loop
      vertex -2.0615705624222755 0.4901806488633156 0
      vertex 43.59000000357628 -18.52 0
      vertex 43.59000000357628 -18.910285846778404 0
    endloop
  endfacet
  facet normal 0 0 1
    outer loop
      vertex 26.14 -2.3 1.5999999999999996
      vertex 26.14 -3.3 1.5999999999999996
      vertex 43.59000000357628 -18.52 1.5999999999999996
    endloop
  endfacet
  facet normal 0 0 1
    outer loop
      vertex 25.14 -3.3 1.5999999999999996
      vertex 43.59000000357628 -18.52 1.5999999999999996
      vertex 26.14 -3.3 1.5999999999999996
    endloop
  endfacet
  facet normal 0 0 1
    outer loop
      vertex 26.14 -2.3 1.5999999999999996
      vertex 43.59000000357628 -18.52 1.5999999999999996
      vertex 43.59000000357628 0.10000000149011612 1.5999999999999996
    endloop
  endfacet
  facet normal 0 0 1
    outer loop
      vertex 21.99 -1.0999999999999999 1.5999999999999996
      vertex 40.89 -20.5 1.5999999999999996
      vertex 43.59000000357628 -18.55458660985357 1.5999999999999996
    endloop
  endfacet
  facet normal 0 0 1
    outer loop
      vertex 21.99 -1.0999999999999999 1.5999999999999996
      vertex 43.59000000357628 -18.55458660985357 1.5999999999999996
      vertex 43.59000000357628 -18.52 1.5999999999999996
    endloop
  endfacet
  facet normal 0 0 1
    outer loop
      vertex 41.59000000357628 2.100000001490116 1.5999999999999996
      vertex 41.98018065094948 2.0615705624222755 1.5999999999999996
      vertex 41.786034286022186 2.0903694555163383 1.5999999999999996
    endloop
  endfacet
  facet normal 0.049067670415704694 0.9987954563973426 0
    outer loop
      vertex 41.59000000357628 2.100000001490116 1.5999999999999996
      vertex 41.786034286022186 2.0903694555163383 1.5999999999999996
      vertex 41.59000000357628 2.100000001490116 0
    endloop
  endfacet
  facet normal 0.14673047607854156 0.9891765097240051 0
    outer loop
      vertex 41.786034286022186 2.0903694555163383 1.5999999999999996
      vertex 41.98018065094948 2.0615705624222755 1.5999999999999996
      vertex 41.786034286022186 2.0903694555163383 0
    endloop
  endfacet
  facet normal 0.24298019573678303 0.9700312492284537 0
    outer loop
      vertex 41.98018065094948 2.0615705624222755 1.5999999999999996
      vertex 42.170569360256195 2.013880670070648 1.5999999999999996
      vertex 41.98018065094948 2.0615705624222755 0
    endloop
  endfacet
  facet normal 0.33688982640476006 0.941544074839288 0
    outer loop
      vertex 42.170569360256195 2.013880670070648 1.5999999999999996
      vertex 42.35536687076092 1.9477590695023537 1.5999999999999996
      vertex 42.170569360256195 2.013880670070648 0
    endloop
  endfacet
  facet normal 0.42755510310083966 0.9039892885496102 0
    outer loop
      vertex 42.35536687076092 1.9477590695023537 1.5999999999999996
      vertex 42.53279347717762 1.8638425320386887 1.5999999999999996
      vertex 42.35536687076092 1.9477590695023537 0
    endloop
  endfacet
  facet normal 0.5141027351876691 0.8577286153979925 0
    outer loop
      vertex 42.53279347717762 1.8638425320386887 1.5999999999999996
      vertex 42.701140470802784 1.762939229607582 1.5999999999999996
      vertex 42.53279347717762 1.8638425320386887 0
    endloop
  endfacet
  facet normal 0.5956992989376801 0.8032075356003305 0
    outer loop
      vertex 42.701140470802784 1.762939229607582 1.5999999999999996
      vertex 42.8587865754962 1.6460209116339684 1.5999999999999996
      vertex 42.701140470802784 1.762939229607582 0
    endloop
  endfacet
  facet normal 0.671558983390028 0.7409510994850822 0
    outer loop
      vertex 42.8587865754962 1.6460209116339684 1.5999999999999996
      vertex 43.00421356409788 1.5142135620117188 1.5999999999999996
      vertex 42.8587865754962 1.6460209116339684 0
    endloop
  endfacet
  facet normal 0.7409510994850822 0.671558983390028 0
    outer loop
      vertex 43.00421356409788 1.5142135620117188 1.5999999999999996
      vertex 43.13602091372013 1.3687865734100342 1.5999999999999996
      vertex 43.00421356409788 1.5142135620117188 0
    endloop
  endfacet
  facet normal 0.8032075356003305 0.5956992989376801 0
    outer loop
      vertex 43.13602091372013 1.3687865734100342 1.5999999999999996
      vertex 43.252939231693745 1.2111404687166214 1.5999999999999996
      vertex 43.13602091372013 1.3687865734100342 0
    endloop
  endfacet
  facet normal 0.8577286153979925 0.5141027351876691 0
    outer loop
      vertex 43.252939231693745 1.2111404687166214 1.5999999999999996
      vertex 43.35384253412485 1.0427934750914574 1.5999999999999996
      vertex 43.252939231693745 1.2111404687166214 0
    endloop
  endfacet
  facet normal 0.9039892885496102 0.42755510310083966 0
    outer loop
      vertex 43.35384253412485 1.0427934750914574 1.5999999999999996
      vertex 43.437759071588516 0.8653668686747551 1.5999999999999996
      vertex 43.35384253412485 1.0427934750914574 0
    endloop
  endfacet
  facet normal 0.941544074839288 0.33688982640476006 0
    outer loop
      vertex 43.437759071588516 0.8653668686747551 1.5999999999999996
      vertex 43.50388067215681 0.6805693581700325 1.5999999999999996
      vertex 43.437759071588516 0.8653668686747551 0
    endloop
  endfacet
  facet normal 0.9700312492284537 0.24298019573678303 0
    outer loop
      vertex 43.50388067215681 0.6805693581700325 1.5999999999999996
      vertex 43.55157056450844 0.4901806488633156 1.5999999999999996
      vertex 43.50388067215681 0.6805693581700325 0
    endloop
  endfacet
  facet normal 0.9891765097240051 0.14673047607854156 0
    outer loop
      vertex 43.55157056450844 0.4901806488633156 1.5999999999999996
      vertex 43.5803694576025 0.2960342839360237 1.5999999999999996
      vertex 43.55157056450844 0.4901806488633156 0
    endloop
  endfacet
  facet normal 0.9987954563973426 0.049067670415704694 0
    outer loop
      vertex 43.5803694576025 0.2960342839360237 1.5999999999999996
      vertex 43.59000000357628 0.10000000149011612 1.5999999999999996
      vertex 43.5803694576025 0.2960342839360237 0
    endloop
  endfacet
  facet normal 0.049067670415704694 0.9987954563973426 0
    outer loop
      vertex 41.786034286022186 2.0903694555163383 1.5999999999999996
      vertex 41.786034286022186 2.0903694555163383 0
      vertex 41.59000000357628 2.100000001490116 0
    endloop
  endfacet
  facet normal 0.14673047607854156 0.9891765097240051 0
    outer loop
      vertex 41.98018065094948 2.0615705624222755 1.5999999999999996
      vertex 41.98018065094948 2.0615705624222755 0
      vertex 41.786034286022186 2.0903694555163383 0
    endloop
  endfacet
  facet normal 0.24298019573678303 0.9700312492284537 0
    outer loop
      vertex 42.170569360256195 2.013880670070648 1.5999999999999996
      vertex 42.170569360256195 2.013880670070648 0
      vertex 41.98018065094948 2.0615705624222755 0
    endloop
  endfacet
  facet normal 0.33688982640476006 0.941544074839288 0
    outer loop
      vertex 42.35536687076092 1.9477590695023537 1.5999999999999996
      vertex 42.35536687076092 1.9477590695023537 0
      vertex 42.170569360256195 2.013880670070648 0
    endloop
  endfacet
  facet normal 0.42755510310083966 0.9039892885496102 0
    outer loop
      vertex 42.53279347717762 1.8638425320386887 1.5999999999999996
      vertex 42.53279347717762 1.8638425320386887 0
      vertex 42.35536687076092 1.9477590695023537 0
    endloop
  endfacet
  facet normal 0.5141027351876691 0.8577286153979925 0
    outer loop
      vertex 42.701140470802784 1.762939229607582 1.5999999999999996
      vertex 42.701140470802784 1.762939229607582 0
      vertex 42.53279347717762 1.8638425320386887 0
    endloop
  endfacet
  facet normal 0.5956992989376801 0.8032075356003305 0
    outer loop
      vertex 42.8587865754962 1.6460209116339684 1.5999999999999996
      vertex 42.8587865754962 1.6460209116339684 0
      vertex 42.701140470802784 1.762939229607582 0
    endloop
  endfacet
  facet normal 0.671558983390028 0.7409510994850822 0
    outer loop
      vertex 43.00421356409788 1.5142135620117188 1.5999999999999996
      vertex 43.00421356409788 1.5142135620117188 0
      vertex 42.8587865754962 1.6460209116339684 0
    endloop
  endfacet
  facet normal 0.7409510994850822 0.671558983390028 0
    outer loop
      vertex 43.13602091372013 1.3687865734100342 1.5999999999999996
      vertex 43.13602091372013 1.3687865734100342 0
      vertex 43.00421356409788 1.5142135620117188 0
    endloop
  endfacet
  facet normal 0.8032075356003305 0.5956992989376801 0
    outer loop
      vertex 43.252939231693745 1.2111404687166214 1.5999999999999996
      vertex 43.252939231693745 1.2111404687166214 0
      vertex 43.13602091372013 1.3687865734100342 0
    endloop
  endfacet
  facet normal 0.8577286153979925 0.5141027351876691 0
    outer loop
      vertex 43.35384253412485 1.0427934750914574 1.5999999999999996
      vertex 43.35384253412485 1.0427934750914574 0
      vertex 43.252939231693745 1.2111404687166214 0
    endloop
  endfacet
  facet normal 0.9039892885496102 0.42755510310083966 0
    outer loop
      vertex 43.437759071588516 0.8653668686747551 1.5999999999999996
      vertex 43.437759071588516 0.8653668686747551 0
      vertex 43.35384253412485 1.0427934750914574 0
    endloop
  endfacet
  facet normal 0.941544074839288 0.33688982640476006 0
    outer loop
      vertex 43.50388067215681 0.6805693581700325 1.5999999999999996
      vertex 43.50388067215681 0.6805693581700325 0
      vertex 43.437759071588516 0.8653668686747551 0
    endloop
  endfacet
  facet normal 0.9700312492284537 0.24298019573678303 0
    outer loop
      vertex 43.55157056450844 0.4901806488633156 1.5999999999999996
      vertex 43.55157056450844 0.4901806488633156 0
      vertex 43.50388067215681 0.6805693581700325 0
    endloop
  endfacet
  facet normal 0.9891765097240051 0.14673047607854156 0
    outer loop
      vertex 43.5803694576025 0.2960342839360237 1.5999999999999996
      vertex 43.5803694576025 0.2960342839360237 0
      vertex 43.55157056450844 0.4901806488633156 0
    endloop
  endfacet
  facet normal 0.9987954563973426 0.049067670415704694 0
    outer loop
      vertex 43.59000000357628 0.10000000149011612 1.5999999999999996
      vertex 43.59000000357628 0.10000000149011612 0
      vertex 43.5803694576025 0.2960342839360237 0
    endloop
  endfacet
  facet normal 0 0 -1
    outer loop
      vertex 41.59000000357628 2.100000001490116 0
      vertex 41.786034286022186 2.0903694555163383 0
      vertex 41.98018065094948 2.0615705624222755 0
    endloop
  endfacet
  facet normal 1 0 0
    outer loop
      vertex 43.59000000357628 0.10000000149011612 1.5999999999999996
      vertex 43.59000000357628 -18.52 1.5999999999999996
      vertex 43.59000000357628 0.10000000149011612 0
    endloop
  endfacet
  facet normal 1 0 0
    outer loop
      vertex 43.59000000357628 0.10000000149011612 0
      vertex 43.59000000357628 -18.52 1.5999999999999996
      vertex 43.59000000357628 -18.52 0
    endloop
  endfacet
  facet normal 0 0 1
    outer loop
      vertex -2.100000001490116 0.10000000149011612 1.5999999999999996
      vertex 32.14 -26.32 1.5999999999999996
      vertex 40.39 -26.5 1.5999999999999996
    endloop
  endfacet
  facet normal 0 0 1
    outer loop
      vertex 18.59 -1.0999999999999999 1.5999999999999996
      vertex 26.14 -15.36 1.5999999999999996
      vertex 40.39 -26.5 1.5999999999999996
    endloop
  endfacet
  facet normal 0 0 -1
    outer loop
      vertex -2.0615705624222755 0.4901806488633156 0
      vertex 43.59000000357628 -18.910285846778404 0
      vertex 42.589999999999996 -26.906435554015342 0
    endloop
  endfacet
  facet normal 0 0 1
    outer loop
      vertex 26.14 -15.36 1.5999999999999996
      vertex 26.14 -16.36 1.5999999999999996
      vertex 40.39 -26.5 1.5999999999999996
    endloop
  endfacet
  facet normal 0 0 1
    outer loop
      vertex 25.14 -16.36 1.5999999999999996
      vertex 40.39 -26.5 1.5999999999999996
      vertex 26.14 -16.36 1.5999999999999996
    endloop
  endfacet
  facet normal 0 0 1
    outer loop
      vertex 21.99 -1.0999999999999999 1.5999999999999996
      vertex 40.39 -20.5 1.5999999999999996
      vertex 40.89 -20.5 1.5999999999999996
    endloop
  endfacet
  facet normal 0 0 1
    outer loop
      vertex 21.99 -1.0999999999999999 1.5999999999999996
      vertex 40.39 -26.5 1.5999999999999996
      vertex 40.39 -20.5 1.5999999999999996
    endloop
  endfacet
  facet normal 0 0 1
    outer loop
      vertex 16.2 -26.32 1.5999999999999996
      vertex 26.14 -26.82 1.5999999999999996
      vertex 26.14 -26.32 1.5999999999999996
    endloop
  endfacet
  facet normal 0 0 1
    outer loop
      vertex 16.2 -26.82 1.5999999999999996
      vertex 26.14 -27.619999999999997 1.5999999999999996
      vertex 26.14 -26.82 1.5999999999999996
    endloop
  endfacet
  facet normal 0 0 1
    outer loop
      vertex 12.8 -27.619999999999997 1.5999999999999996
      vertex 42.589999999999996 -29.249554264407355 1.5999999999999996
      vertex 16.2 -27.619999999999997 1.5999999999999996
    endloop
  endfacet
  facet normal 0 0 1
    outer loop
      vertex 16.2 -27.619999999999997 1.5999999999999996
      vertex 42.589999999999996 -29.249554264407355 1.5999999999999996
      vertex 26.14 -27.619999999999997 1.5999999999999996
    endloop
  endfacet
  facet normal 0 0 1
    outer loop
      vertex -0.6805693581700325 -29.433880671858788 1.5999999999999996
      vertex 41.59000000357628 -29.520000003278255 1.5999999999999996
      vertex 41.786034286022186 -29.510369457304478 1.5999999999999996
    endloop
  endfacet
  facet normal 0 0 1
    outer loop
      vertex -0.8653668686747551 -29.367759071290493 1.5999999999999996
      vertex 41.786034286022186 -29.510369457304478 1.5999999999999996
      vertex 41.98018065094948 -29.481570564210415 1.5999999999999996
    endloop
  endfacet
  facet normal 0 0 1
    outer loop
      vertex -1.0427934750914574 -29.283842533826828 1.5999999999999996
      vertex 41.98018065094948 -29.481570564210415 1.5999999999999996
      vertex 42.170569360256195 -29.433880671858788 1.5999999999999996
    endloop
  endfacet
  facet normal 0 0 1
    outer loop
      vertex -1.3687865734100342 -29.066020913422108 1.5999999999999996
      vertex 42.35536687076092 -29.367759071290493 1.5999999999999996
      vertex 42.53279347717762 -29.283842533826828 1.5999999999999996
    endloop
  endfacet
  facet normal 0 0 1
    outer loop
      vertex -1.5142135620117188 -28.934213563799858 1.5999999999999996
      vertex 42.53279347717762 -29.283842533826828 1.5999999999999996
      vertex 42.589999999999996 -29.249554264407355 1.5999999999999996
    endloop
  endfacet
  facet normal 0 0 1
    outer loop
      vertex -1.2111404687166214 -29.18293923139572 1.5999999999999996
      vertex 42.170569360256195 -29.433880671858788 1.5999999999999996
      vertex 42.35536687076092 -29.367759071290493 1.5999999999999996
    endloop
  endfacet
  facet normal 0 -1 0
    outer loop
      vertex -0.10000000149011612 -29.520000003278255 1.5999999999999996
      vertex 41.59000000357628 -29.520000003278255 0
      vertex 41.59000000357628 -29.520000003278255 1.5999999999999996
    endloop
  endfacet
  facet normal 0 0 -1
    outer loop
      vertex -1.5142135620117188 -28.934213563799858 0
      vertex 42.589999999999996 -26.906435554015342 0
      vertex 42.589999999999996 -29.18231403029981 0
    endloop
  endfacet
  facet normal 0 0 -1
    outer loop
      vertex -0.6805693581700325 -29.433880671858788 0
      vertex 41.786034286022186 -29.510369457304478 0
      vertex 41.59000000357628 -29.520000003278255 0
    endloop
  endfacet
  facet normal 0 0 -1
    outer loop
      vertex -0.8653668686747551 -29.367759071290493 0
      vertex 41.98018065094948 -29.481570564210415 0
      vertex 41.786034286022186 -29.510369457304478 0
    endloop
  endfacet
  facet normal 0 0 -1
    outer loop
      vertex -1.0427934750914574 -29.283842533826828 0
      vertex 42.170569360256195 -29.433880671858788 0
      vertex 41.98018065094948 -29.481570564210415 0
    endloop
  endfacet
  facet normal 0 0 -1
    outer loop
      vertex -1.5142135620117188 -28.934213563799858 0
      vertex 42.589999999999996 -29.18231403029981 0
      vertex 42.589999999999996 -29.249554264407355 0
    endloop
  endfacet
  facet normal 0 0 -1
    outer loop
      vertex -1.3687865734100342 -29.066020913422108 0
      vertex 42.53279347717762 -29.283842533826828 0
      vertex 42.35536687076092 -29.367759071290493 0
    endloop
  endfacet
  facet normal 0 0 -1
    outer loop
      vertex -1.5142135620117188 -28.934213563799858 0
      vertex 42.589999999999996 -29.249554264407355 0
      vertex 42.53279347717762 -29.283842533826828 0
    endloop
  endfacet
  facet normal 0 0 -1
    outer loop
      vertex -1.2111404687166214 -29.18293923139572 0
      vertex 42.35536687076092 -29.367759071290493 0
      vertex 42.170569360256195 -29.433880671858788 0
    endloop
  endfacet
  facet normal 0 0 1
    outer loop
      vertex 32.14 -26.32 1.5999999999999996
      vertex 32.14 -26.82 1.5999999999999996
      vertex 40.39 -26.5 1.5999999999999996
    endloop
  endfacet
  facet normal 0 0 1
    outer loop
      vertex 32.14 -26.82 1.5999999999999996
      vertex 32.14 -27.619999999999997 1.5999999999999996
      vertex 40.39 -26.5 1.5999999999999996
    endloop
  endfacet
  facet normal 0 0 1
    outer loop
      vertex 26.14 -27.619999999999997 1.5999999999999996
      vertex 42.589999999999996 -29.249554264407355 1.5999999999999996
      vertex 32.14 -27.619999999999997 1.5999999999999996
    endloop
  endfacet
  facet normal 0 0 1
    outer loop
      vertex 32.14 -27.619999999999997 1.5999999999999996
      vertex 42.589999999999996 -29.249554264407355 1.5999999999999996
      vertex 40.39 -26.5 1.5999999999999996
    endloop
  endfacet
  facet normal 0 0 1
    outer loop
      vertex 43.59000000357628 -18.55458660985357 1.5999999999999996
      vertex 40.89 -20.5 1.5999999999999996
      vertex 41.69 -20.5 1.5999999999999996
    endloop
  endfacet
  facet normal 0 0 1
    outer loop
      vertex 43.59000000357628 -18.55458660985357 1.5999999999999996
      vertex 41.69 -20.5 1.5999999999999996
      vertex 42.589999999999996 -26.906435554015342 1.5999999999999996
    endloop
  endfacet
  facet normal 0 0 1
    outer loop
      vertex 41.69 -20.5 1.5999999999999996
      vertex 41.69 -26.5 1.5999999999999996
      vertex 42.589999999999996 -29.249554264407355 1.5999999999999996
    endloop
  endfacet
  facet normal 0 0 1
    outer loop
      vertex 41.69 -20.5 1.5999999999999996
      vertex 42.589999999999996 -29.249554264407355 1.5999999999999996
      vertex 42.589999999999996 -26.906435554015342 1.5999999999999996
    endloop
  endfacet
  facet normal 0 0 1
    outer loop
      vertex 40.39 -26.5 1.5999999999999996
      vertex 42.589999999999996 -29.249554264407355 1.5999999999999996
      vertex 40.89 -26.5 1.5999999999999996
    endloop
  endfacet
  facet normal 0 0 1
    outer loop
      vertex 40.89 -26.5 1.5999999999999996
      vertex 42.589999999999996 -29.249554264407355 1.5999999999999996
      vertex 41.69 -26.5 1.5999999999999996
    endloop
  endfacet
  facet normal 0.049067670415704694 -0.9987954563973426 0
    outer loop
      vertex 41.59000000357628 -29.520000003278255 1.5999999999999996
      vertex 41.786034286022186 -29.510369457304478 0
      vertex 41.786034286022186 -29.510369457304478 1.5999999999999996
    endloop
  endfacet
  facet normal 0.14673047607854156 -0.9891765097240051 0
    outer loop
      vertex 41.786034286022186 -29.510369457304478 1.5999999999999996
      vertex 41.98018065094948 -29.481570564210415 0
      vertex 41.98018065094948 -29.481570564210415 1.5999999999999996
    endloop
  endfacet
  facet normal 0.5141027351876539 -0.8577286153980016 0
    outer loop
      vertex 42.589999999999996 -29.249554264407355 1.5999999999999996
      vertex 42.53279347717762 -29.283842533826828 1.5999999999999996
      vertex 42.589999999999996 -29.249554264407355 0
    endloop
  endfacet
  facet normal 0.33688982640476006 -0.941544074839288 0
    outer loop
      vertex 42.170569360256195 -29.433880671858788 1.5999999999999996
      vertex 42.35536687076092 -29.367759071290493 0
      vertex 42.35536687076092 -29.367759071290493 1.5999999999999996
    endloop
  endfacet
  facet normal 0.24298019573678303 -0.9700312492284537 0
    outer loop
      vertex 41.98018065094948 -29.481570564210415 1.5999999999999996
      vertex 42.170569360256195 -29.433880671858788 0
      vertex 42.170569360256195 -29.433880671858788 1.5999999999999996
    endloop
  endfacet
  facet normal 0.42755510310083966 -0.9039892885496102 0
    outer loop
      vertex 42.35536687076092 -29.367759071290493 1.5999999999999996
      vertex 42.53279347717762 -29.283842533826828 0
      vertex 42.53279347717762 -29.283842533826828 1.5999999999999996
    endloop
  endfacet
  facet normal 0.049067670415704694 -0.9987954563973426 0
    outer loop
      vertex 41.59000000357628 -29.520000003278255 1.5999999999999996
      vertex 41.59000000357628 -29.520000003278255 0
      vertex 41.786034286022186 -29.510369457304478 0
    endloop
  endfacet
  facet normal 0.14673047607854156 -0.9891765097240051 0
    outer loop
      vertex 41.786034286022186 -29.510369457304478 1.5999999999999996
      vertex 41.786034286022186 -29.510369457304478 0
      vertex 41.98018065094948 -29.481570564210415 0
    endloop
  endfacet
  facet normal 0.24298019573678303 -0.9700312492284537 0
    outer loop
      vertex 41.98018065094948 -29.481570564210415 1.5999999999999996
      vertex 41.98018065094948 -29.481570564210415 0
      vertex 42.170569360256195 -29.433880671858788 0
    endloop
  endfacet
  facet normal 0.5141027351876539 -0.8577286153980016 0
    outer loop
      vertex 42.53279347717762 -29.283842533826828 1.5999999999999996
      vertex 42.53279347717762 -29.283842533826828 0
      vertex 42.589999999999996 -29.249554264407355 0
    endloop
  endfacet
  facet normal 0.33688982640476006 -0.941544074839288 0
    outer loop
      vertex 42.170569360256195 -29.433880671858788 1.5999999999999996
      vertex 42.170569360256195 -29.433880671858788 0
      vertex 42.35536687076092 -29.367759071290493 0
    endloop
  endfacet
  facet normal 0.42755510310083966 -0.9039892885496102 0
    outer loop
      vertex 42.35536687076092 -29.367759071290493 1.5999999999999996
      vertex 42.35536687076092 -29.367759071290493 0
      vertex 42.53279347717762 -29.283842533826828 0
    endloop
  endfacet
  facet normal 0.5956993044924305 -0.803207531480647 5.478959614273121e-18
    outer loop
      vertex -8.183361954388223 -6.378634256010037 1.5999999999999996
      vertex -8.337066904119109 -6.492629615942663 1.5999999999999996
      vertex -8.337066904119109 -6.492629615942663 0
    endloop
  endfacet
  facet normal 0.7409511253549611 -0.6715589548470162 -9.990768535748416e-19
    outer loop
      vertex -8.478858223313768 -6.621141776686232 1.5999999999999996
      vertex -8.607370384057337 -6.762933095880891 1.5999999999999996
      vertex -8.607370384057337 -6.762933095880891 0
    endloop
  endfacet
  facet normal 0.6715589548470164 -0.7409511253549609 1.2410199564064714e-18
    outer loop
      vertex -8.337066904119109 -6.492629615942663 1.5999999999999996
      vertex -8.478858223313768 -6.621141776686232 1.5999999999999996
      vertex -8.478858223313768 -6.621141776686232 0
    endloop
  endfacet
  facet normal 0.8577286100002758 -0.5141027441932153 2.1301478586250733e-18
    outer loop
      vertex -8.721365743989963 -6.9166380456117755 1.5999999999999996
      vertex -8.819746465479291 -7.080776363189305 1.5999999999999996
      vertex -8.819746465479291 -7.080776363189305 0
    endloop
  endfacet
  facet normal 0.9039892931234418 -0.42755509343028536 -2.19077686699854e-18
    outer loop
      vertex -8.819746465479291 -7.080776363189305 1.5999999999999996
      vertex -8.901565088397009 -7.253767306888075 1.5999999999999996
      vertex -8.901565088397009 -7.253767306888075 0
    endloop
  endfacet
  facet normal 0.8032075314806432 -0.5956993044924357 -3.975263810283658e-18
    outer loop
      vertex -8.607370384057337 -6.762933095880891 1.5999999999999996
      vertex -8.721365743989963 -6.9166380456117755 1.5999999999999996
      vertex -8.721365743989963 -6.9166380456117755 0
    endloop
  endfacet
  facet normal 0.9415440651830209 -0.3368898533922198 -1.0952740569815013e-18
    outer loop
      vertex -8.901565088397009 -7.253767306888075 1.5999999999999996
      vertex -8.966033654677807 -7.433944879353798 1.5999999999999996
      vertex -8.966033654677807 -7.433944879353798 0
    endloop
  endfacet
  facet normal 0.9891765099647813 -0.14673047445535897 -5.260795430086884e-19
    outer loop
      vertex -9.0125312967863 -7.61957387206855 1.5999999999999996
      vertex -9.040610217010784 -7.808866576357357 1.5999999999999996
      vertex -9.040610217010784 -7.808866576357357 0
    endloop
  endfacet
  facet normal 0.9700312531945429 -0.24298017990326845 -6.479166788718486e-19
    outer loop
      vertex -8.966033654677807 -7.433944879353798 1.5999999999999996
      vertex -9.0125312967863 -7.61957387206855 1.5999999999999996
      vertex -9.0125312967863 -7.61957387206855 0
    endloop
  endfacet
  facet normal 0.9987954562051726 -0.04906767432741411 1.0766375813259188e-19
    outer loop
      vertex -9.040610217010784 -7.808866576357357 1.5999999999999996
      vertex -9.049999999999999 -8 1.5999999999999996
      vertex -9.049999999999999 -8 0
    endloop
  endfacet
  facet normal 0.9987954562051726 0.04906767432741411 -1.0766375813259188e-19
    outer loop
      vertex -9.049999999999999 -8 1.5999999999999996
      vertex -9.040610217010784 -8.191133423642643 1.5999999999999996
      vertex -9.040610217010784 -8.191133423642643 0
    endloop
  endfacet
  facet normal 0.9891765099647813 0.14673047445535897 5.260795430086884e-19
    outer loop
      vertex -9.040610217010784 -8.191133423642643 1.5999999999999996
      vertex -9.0125312967863 -8.38042612793145 1.5999999999999996
      vertex -9.0125312967863 -8.38042612793145 0
    endloop
  endfacet
  facet normal 0.9700312531945425 0.2429801799032695 -4.467290569897878e-19
    outer loop
      vertex -9.0125312967863 -8.38042612793145 1.5999999999999996
      vertex -8.966033654677807 -8.566055120646201 1.5999999999999996
      vertex -8.966033654677807 -8.566055120646201 0
    endloop
  endfacet
  facet normal 0.9415440651830209 0.3368898533922198 1.0952740569815013e-18
    outer loop
      vertex -8.966033654677807 -8.566055120646201 1.5999999999999996
      vertex -8.901565088397009 -8.746232693111924 1.5999999999999996
      vertex -8.901565088397009 -8.746232693111924 0
    endloop
  endfacet
  facet normal 0.9039892931234427 0.4275550934302837 2.8075688678751604e-18
    outer loop
      vertex -8.901565088397009 -8.746232693111924 1.5999999999999996
      vertex -8.819746465479291 -8.919223636810695 1.5999999999999996
      vertex -8.819746465479291 -8.919223636810695 0
    endloop
  endfacet
  facet normal 0.8577286100002747 0.5141027441932176 -2.8589512041214286e-20
    outer loop
      vertex -8.819746465479291 -8.919223636810695 1.5999999999999996
      vertex -8.721365743989963 -9.083361954388224 1.5999999999999996
      vertex -8.721365743989963 -9.083361954388224 0
    endloop
  endfacet
  facet normal 0.8032075314806447 0.5956993044924335 1.9037624311424482e-18
    outer loop
      vertex -8.721365743989963 -9.083361954388224 1.5999999999999996
      vertex -8.607370384057337 -9.237066904119109 1.5999999999999996
      vertex -8.607370384057337 -9.237066904119109 0
    endloop
  endfacet
  facet normal 0.7409511253549632 0.6715589548470139 2.1422571972507208e-18
    outer loop
      vertex -8.607370384057337 -9.237066904119109 1.5999999999999996
      vertex -8.478858223313768 -9.378858223313769 1.5999999999999996
      vertex -8.478858223313768 -9.378858223313769 0
    endloop
  endfacet
  facet normal 0.6715589548470139 0.7409511253549632 2.1422571972507208e-18
    outer loop
      vertex -8.478858223313768 -9.378858223313769 1.5999999999999996
      vertex -8.337066904119109 -9.507370384057337 1.5999999999999996
      vertex -8.337066904119109 -9.507370384057337 0
    endloop
  endfacet
  facet normal 0.5956993044924335 0.8032075314806447 1.9037624311424482e-18
    outer loop
      vertex -8.337066904119109 -9.507370384057337 1.5999999999999996
      vertex -8.183361954388223 -9.621365743989964 1.5999999999999996
      vertex -8.183361954388223 -9.621365743989964 0
    endloop
  endfacet
  facet normal 0.4275550934302816 -0.9039892931234436 2.377318833409464e-19
    outer loop
      vertex -7.846232693111925 -6.198434911602991 1.5999999999999996
      vertex -8.019223636810695 -6.280253534520708 1.5999999999999996
      vertex -8.019223636810695 -6.280253534520708 0
    endloop
  endfacet
  facet normal 0.3368898533922198 -0.9415440651830209 -1.0952740569815013e-18
    outer loop
      vertex -7.6660551206462015 -6.133966345322193 1.5999999999999996
      vertex -7.846232693111925 -6.198434911602991 1.5999999999999996
      vertex -7.846232693111925 -6.198434911602991 0
    endloop
  endfacet
  facet normal 0.2429801799032641 -0.9700312531945439 -8.861250437018969e-19
    outer loop
      vertex -7.48042612793145 -6.087468703213701 1.5999999999999996
      vertex -7.6660551206462015 -6.133966345322193 1.5999999999999996
      vertex -7.6660551206462015 -6.133966345322193 0
    endloop
  endfacet
  facet normal 0.14673047445536352 -0.9891765099647807 -9.914304775027797e-19
    outer loop
      vertex -7.291133423642643 -6.059389782989216 1.5999999999999996
      vertex -7.48042612793145 -6.087468703213701 1.5999999999999996
      vertex -7.48042612793145 -6.087468703213701 0
    endloop
  endfacet
  facet normal 0.04906767432741874 -0.9987954562051724 2.445173233179011e-20
    outer loop
      vertex -7.1 -6.05 1.5999999999999996
      vertex -7.291133423642643 -6.059389782989216 1.5999999999999996
      vertex -7.291133423642643 -6.059389782989216 0
    endloop
  endfacet
  facet normal 0.5141027441932242 -0.8577286100002705 4.684551664370639e-19
    outer loop
      vertex -8.019223636810695 -6.280253534520708 1.5999999999999996
      vertex -8.183361954388223 -6.378634256010037 1.5999999999999996
      vertex -8.183361954388223 -6.378634256010037 0
    endloop
  endfacet
  facet normal -0.04906767432741874 -0.9987954562051724 -2.445173233179011e-20
    outer loop
      vertex -6.908866576357356 -6.059389782989216 1.5999999999999996
      vertex -7.1 -6.05 1.5999999999999996
      vertex -7.1 -6.05 0
    endloop
  endfacet
  facet normal -0.14673047445536352 -0.9891765099647807 9.914304775027797e-19
    outer loop
      vertex -6.719573872068549 -6.087468703213701 1.5999999999999996
      vertex -6.908866576357356 -6.059389782989216 1.5999999999999996
      vertex -6.908866576357356 -6.059389782989216 0
    endloop
  endfacet
  facet normal -0.2429801799032641 -0.9700312531945439 8.861250437018969e-19
    outer loop
      vertex -6.533944879353798 -6.133966345322193 1.5999999999999996
      vertex -6.719573872068549 -6.087468703213701 1.5999999999999996
      vertex -6.719573872068549 -6.087468703213701 0
    endloop
  endfacet
  facet normal -0.3368898533922198 -0.9415440651830209 1.0952740569815013e-18
    outer loop
      vertex -6.3537673068880745 -6.198434911602991 1.5999999999999996
      vertex -6.533944879353798 -6.133966345322193 1.5999999999999996
      vertex -6.533944879353798 -6.133966345322193 0
    endloop
  endfacet
  facet normal -0.4275550934302816 -0.9039892931234436 -2.377318833409464e-19
    outer loop
      vertex -6.180776363189304 -6.280253534520708 1.5999999999999996
      vertex -6.3537673068880745 -6.198434911602991 1.5999999999999996
      vertex -6.3537673068880745 -6.198434911602991 0
    endloop
  endfacet
  facet normal -0.5141027441932222 -0.8577286100002718 -2.570013513026064e-18
    outer loop
      vertex -6.016638045611775 -6.378634256010037 1.5999999999999996
      vertex -6.180776363189304 -6.280253534520708 1.5999999999999996
      vertex -6.180776363189304 -6.280253534520708 0
    endloop
  endfacet
  facet normal -0.5956993044924327 -0.8032075314806453 -3.4074582351345088e-18
    outer loop
      vertex -5.862933095880891 -6.492629615942663 1.5999999999999996
      vertex -6.016638045611775 -6.378634256010037 1.5999999999999996
      vertex -6.016638045611775 -6.378634256010037 0
    endloop
  endfacet
  facet normal -0.6715589548470188 -0.7409511253549588 -2.384200300079782e-18
    outer loop
      vertex -5.721141776686232 -6.621141776686232 1.5999999999999996
      vertex -5.862933095880891 -6.492629615942663 1.5999999999999996
      vertex -5.862933095880891 -6.492629615942663 0
    endloop
  endfacet
  facet normal -0.7409511253549588 -0.6715589548470188 -2.384200300079782e-18
    outer loop
      vertex -5.592629615942663 -6.762933095880891 1.5999999999999996
      vertex -5.721141776686232 -6.621141776686232 1.5999999999999996
      vertex -5.721141776686232 -6.621141776686232 0
    endloop
  endfacet
  facet normal -0.8032075314806453 -0.5956993044924327 -3.4074582351345088e-18
    outer loop
      vertex -5.478634256010037 -6.9166380456117755 1.5999999999999996
      vertex -5.592629615942663 -6.762933095880891 1.5999999999999996
      vertex -5.592629615942663 -6.762933095880891 0
    endloop
  endfacet
  facet normal -0.8577286100002718 -0.5141027441932222 -2.570013513026064e-18
    outer loop
      vertex -5.380253534520707 -7.080776363189305 1.5999999999999996
      vertex -5.478634256010037 -6.9166380456117755 1.5999999999999996
      vertex -5.478634256010037 -6.9166380456117755 0
    endloop
  endfacet
  facet normal -0.9039892931234436 -0.4275550934302816 -2.377318833409464e-19
    outer loop
      vertex -5.298434911602991 -7.253767306888075 1.5999999999999996
      vertex -5.380253534520707 -7.080776363189305 1.5999999999999996
      vertex -5.380253534520707 -7.080776363189305 0
    endloop
  endfacet
  facet normal -0.9415440651830209 -0.3368898533922198 1.0952740569815013e-18
    outer loop
      vertex -5.233966345322193 -7.433944879353798 1.5999999999999996
      vertex -5.298434911602991 -7.253767306888075 1.5999999999999996
      vertex -5.298434911602991 -7.253767306888075 0
    endloop
  endfacet
  facet normal -0.9700312531945439 -0.2429801799032641 8.861250437018969e-19
    outer loop
      vertex -5.187468703213701 -7.61957387206855 1.5999999999999996
      vertex -5.233966345322193 -7.433944879353798 1.5999999999999996
      vertex -5.233966345322193 -7.433944879353798 0
    endloop
  endfacet
  facet normal -0.9891765099647807 -0.14673047445536352 9.914304775027797e-19
    outer loop
      vertex -5.159389782989216 -7.808866576357357 1.5999999999999996
      vertex -5.187468703213701 -7.61957387206855 1.5999999999999996
      vertex -5.187468703213701 -7.61957387206855 0
    endloop
  endfacet
  facet normal 0.5141027441932242 0.8577286100002705 -4.684551664370639e-19
    outer loop
      vertex -8.183361954388223 -9.621365743989964 1.5999999999999996
      vertex -8.019223636810695 -9.719746465479293 1.5999999999999996
      vertex -8.019223636810695 -9.719746465479293 0
    endloop
  endfacet
  facet normal -0.4275550934302778 0.9039892931234453 2.6662406336804426e-18
    outer loop
      vertex -6.3537673068880745 -9.801565088397009 1.5999999999999996
      vertex -6.180776363189304 -9.719746465479293 1.5999999999999996
      vertex -6.180776363189304 -9.719746465479293 0
    endloop
  endfacet
  facet normal -0.5141027441932222 0.8577286100002718 2.570013513026064e-18
    outer loop
      vertex -6.180776363189304 -9.719746465479293 1.5999999999999996
      vertex -6.016638045611775 -9.621365743989964 1.5999999999999996
      vertex -6.016638045611775 -9.621365743989964 0
    endloop
  endfacet
  facet normal -0.9987954562051724 -0.04906767432741874 -2.445173233179011e-20
    outer loop
      vertex -5.1499999999999995 -8 1.5999999999999996
      vertex -5.159389782989216 -7.808866576357357 1.5999999999999996
      vertex -5.159389782989216 -7.808866576357357 0
    endloop
  endfacet
  facet normal -0.9987954562051724 0.04906767432741874 2.445173233179011e-20
    outer loop
      vertex -5.159389782989216 -8.191133423642643 1.5999999999999996
      vertex -5.1499999999999995 -8 1.5999999999999996
      vertex -5.1499999999999995 -8 0
    endloop
  endfacet
  facet normal -0.9891765099647807 0.14673047445536352 -9.914304775027797e-19
    outer loop
      vertex -5.187468703213701 -8.38042612793145 1.5999999999999996
      vertex -5.159389782989216 -8.191133423642643 1.5999999999999996
      vertex -5.159389782989216 -8.191133423642643 0
    endloop
  endfacet
  facet normal -0.9700312531945436 0.24298017990326515 2.0852069216231603e-19
    outer loop
      vertex -5.233966345322193 -8.566055120646201 1.5999999999999996
      vertex -5.187468703213701 -8.38042612793145 1.5999999999999996
      vertex -5.187468703213701 -8.38042612793145 0
    endloop
  endfacet
  facet normal -0.9415440651830209 0.3368898533922198 -1.0952740569815013e-18
    outer loop
      vertex -5.298434911602991 -8.746232693111924 1.5999999999999996
      vertex -5.233966345322193 -8.566055120646201 1.5999999999999996
      vertex -5.233966345322193 -8.566055120646201 0
    endloop
  endfacet
  facet normal -0.803207531480647 0.5956993044924305 5.478959614273121e-18
    outer loop
      vertex -5.592629615942663 -9.237066904119109 1.5999999999999996
      vertex -5.478634256010037 -9.083361954388224 1.5999999999999996
      vertex -5.478634256010037 -9.083361954388224 0
    endloop
  endfacet
  facet normal -0.9039892931234443 0.4275550934302798 -3.7906011753826136e-19
    outer loop
      vertex -5.380253534520707 -8.919223636810695 1.5999999999999996
      vertex -5.298434911602991 -8.746232693111924 1.5999999999999996
      vertex -5.298434911602991 -8.746232693111924 0
    endloop
  endfacet
  facet normal -0.8577286100002705 0.5141027441932242 4.684551664370639e-19
    outer loop
      vertex -5.478634256010037 -9.083361954388224 1.5999999999999996
      vertex -5.380253534520707 -8.919223636810695 1.5999999999999996
      vertex -5.380253534520707 -8.919223636810695 0
    endloop
  endfacet
  facet normal -0.6715589548470162 0.7409511253549611 -9.990768535748416e-19
    outer loop
      vertex -5.862933095880891 -9.507370384057337 1.5999999999999996
      vertex -5.721141776686232 -9.378858223313769 1.5999999999999996
      vertex -5.721141776686232 -9.378858223313769 0
    endloop
  endfacet
  facet normal -0.7409511253549609 0.6715589548470164 1.2410199564064714e-18
    outer loop
      vertex -5.721141776686232 -9.378858223313769 1.5999999999999996
      vertex -5.592629615942663 -9.237066904119109 1.5999999999999996
      vertex -5.592629615942663 -9.237066904119109 0
    endloop
  endfacet
  facet normal -0.5956993044924357 0.8032075314806432 -3.975263810283658e-18
    outer loop
      vertex -6.016638045611775 -9.621365743989964 1.5999999999999996
      vertex -5.862933095880891 -9.507370384057337 1.5999999999999996
      vertex -5.862933095880891 -9.507370384057337 0
    endloop
  endfacet
  facet normal 0.5956993044924305 -0.803207531480647 0
    outer loop
      vertex -8.183361954388223 -6.378634256010037 1.5999999999999996
      vertex -8.337066904119109 -6.492629615942663 0
      vertex -8.183361954388223 -6.378634256010037 0
    endloop
  endfacet
  facet normal 0.6715589548470164 -0.7409511253549609 0
    outer loop
      vertex -8.337066904119109 -6.492629615942663 1.5999999999999996
      vertex -8.478858223313768 -6.621141776686232 0
      vertex -8.337066904119109 -6.492629615942663 0
    endloop
  endfacet
  facet normal 0.7409511253549611 -0.6715589548470162 0
    outer loop
      vertex -8.478858223313768 -6.621141776686232 1.5999999999999996
      vertex -8.607370384057337 -6.762933095880891 0
      vertex -8.478858223313768 -6.621141776686232 0
    endloop
  endfacet
  facet normal 0.8577286100002758 -0.5141027441932153 2.1301478586250733e-18
    outer loop
      vertex -8.819746465479291 -7.080776363189305 0
      vertex -8.721365743989963 -6.9166380456117755 0
      vertex -8.721365743989963 -6.9166380456117755 1.5999999999999996
    endloop
  endfacet
  facet normal 0.9039892931234418 -0.42755509343028536 0
    outer loop
      vertex -8.819746465479291 -7.080776363189305 0
      vertex -8.819746465479291 -7.080776363189305 1.5999999999999996
      vertex -8.901565088397009 -7.253767306888075 0
    endloop
  endfacet
  facet normal 0.8032075314806432 -0.5956993044924357 0
    outer loop
      vertex -8.607370384057337 -6.762933095880891 1.5999999999999996
      vertex -8.721365743989963 -6.9166380456117755 0
      vertex -8.607370384057337 -6.762933095880891 0
    endloop
  endfacet
  facet normal 0.9415440651830209 -0.3368898533922198 0
    outer loop
      vertex -8.901565088397009 -7.253767306888075 1.5999999999999996
      vertex -8.966033654677807 -7.433944879353798 0
      vertex -8.901565088397009 -7.253767306888075 0
    endloop
  endfacet
  facet normal 0.9700312531945429 -0.24298017990326845 0
    outer loop
      vertex -8.966033654677807 -7.433944879353798 1.5999999999999996
      vertex -9.0125312967863 -7.61957387206855 0
      vertex -8.966033654677807 -7.433944879353798 0
    endloop
  endfacet
  facet normal 0.9891765099647813 -0.14673047445535897 0
    outer loop
      vertex -9.0125312967863 -7.61957387206855 1.5999999999999996
      vertex -9.040610217010784 -7.808866576357357 0
      vertex -9.0125312967863 -7.61957387206855 0
    endloop
  endfacet
  facet normal 0.9987954562051726 -0.04906767432741411 0
    outer loop
      vertex -9.040610217010784 -7.808866576357357 1.5999999999999996
      vertex -9.049999999999999 -8 0
      vertex -9.040610217010784 -7.808866576357357 0
    endloop
  endfacet
  facet normal 0.9987954562051726 0.04906767432741411 0
    outer loop
      vertex -9.049999999999999 -8 1.5999999999999996
      vertex -9.040610217010784 -8.191133423642643 0
      vertex -9.049999999999999 -8 0
    endloop
  endfacet
  facet normal 0.9891765099647813 0.14673047445535897 0
    outer loop
      vertex -9.040610217010784 -8.191133423642643 1.5999999999999996
      vertex -9.0125312967863 -8.38042612793145 0
      vertex -9.040610217010784 -8.191133423642643 0
    endloop
  endfacet
  facet normal 0.9700312531945425 0.2429801799032695 0
    outer loop
      vertex -9.0125312967863 -8.38042612793145 1.5999999999999996
      vertex -8.966033654677807 -8.566055120646201 0
      vertex -9.0125312967863 -8.38042612793145 0
    endloop
  endfacet
  facet normal 0.9415440651830209 0.3368898533922198 0
    outer loop
      vertex -8.966033654677807 -8.566055120646201 1.5999999999999996
      vertex -8.901565088397009 -8.746232693111924 0
      vertex -8.966033654677807 -8.566055120646201 0
    endloop
  endfacet
  facet normal 0.9039892931234427 0.4275550934302837 0
    outer loop
      vertex -8.901565088397009 -8.746232693111924 1.5999999999999996
      vertex -8.819746465479291 -8.919223636810695 0
      vertex -8.901565088397009 -8.746232693111924 0
    endloop
  endfacet
  facet normal 0.8577286100002747 0.5141027441932176 0
    outer loop
      vertex -8.819746465479291 -8.919223636810695 1.5999999999999996
      vertex -8.721365743989963 -9.083361954388224 0
      vertex -8.819746465479291 -8.919223636810695 0
    endloop
  endfacet
  facet normal 0.8032075314806447 0.5956993044924335 0
    outer loop
      vertex -8.721365743989963 -9.083361954388224 1.5999999999999996
      vertex -8.607370384057337 -9.237066904119109 0
      vertex -8.721365743989963 -9.083361954388224 0
    endloop
  endfacet
  facet normal 0.7409511253549632 0.6715589548470139 0
    outer loop
      vertex -8.607370384057337 -9.237066904119109 1.5999999999999996
      vertex -8.478858223313768 -9.378858223313769 0
      vertex -8.607370384057337 -9.237066904119109 0
    endloop
  endfacet
  facet normal 0.6715589548470139 0.7409511253549632 0
    outer loop
      vertex -8.478858223313768 -9.378858223313769 1.5999999999999996
      vertex -8.337066904119109 -9.507370384057337 0
      vertex -8.478858223313768 -9.378858223313769 0
    endloop
  endfacet
  facet normal 0.5956993044924335 0.8032075314806447 0
    outer loop
      vertex -8.337066904119109 -9.507370384057337 1.5999999999999996
      vertex -8.183361954388223 -9.621365743989964 0
      vertex -8.337066904119109 -9.507370384057337 0
    endloop
  endfacet
  facet normal 0.3368898533922198 -0.9415440651830209 0
    outer loop
      vertex -7.6660551206462015 -6.133966345322193 1.5999999999999996
      vertex -7.846232693111925 -6.198434911602991 0
      vertex -7.6660551206462015 -6.133966345322193 0
    endloop
  endfacet
  facet normal 0.4275550934302816 -0.9039892931234436 0
    outer loop
      vertex -7.846232693111925 -6.198434911602991 1.5999999999999996
      vertex -8.019223636810695 -6.280253534520708 0
      vertex -7.846232693111925 -6.198434911602991 0
    endloop
  endfacet
  facet normal 0.2429801799032641 -0.9700312531945439 0
    outer loop
      vertex -7.48042612793145 -6.087468703213701 1.5999999999999996
      vertex -7.6660551206462015 -6.133966345322193 0
      vertex -7.48042612793145 -6.087468703213701 0
    endloop
  endfacet
  facet normal 0.14673047445536352 -0.9891765099647807 0
    outer loop
      vertex -7.291133423642643 -6.059389782989216 1.5999999999999996
      vertex -7.48042612793145 -6.087468703213701 0
      vertex -7.291133423642643 -6.059389782989216 0
    endloop
  endfacet
  facet normal 0.04906767432741874 -0.9987954562051724 0
    outer loop
      vertex -7.1 -6.05 1.5999999999999996
      vertex -7.291133423642643 -6.059389782989216 0
      vertex -7.1 -6.05 0
    endloop
  endfacet
  facet normal 0.5141027441932242 -0.8577286100002705 0
    outer loop
      vertex -8.019223636810695 -6.280253534520708 1.5999999999999996
      vertex -8.183361954388223 -6.378634256010037 0
      vertex -8.019223636810695 -6.280253534520708 0
    endloop
  endfacet
  facet normal -0.04906767432741874 -0.9987954562051724 0
    outer loop
      vertex -6.908866576357356 -6.059389782989216 1.5999999999999996
      vertex -7.1 -6.05 0
      vertex -6.908866576357356 -6.059389782989216 0
    endloop
  endfacet
  facet normal -0.14673047445536352 -0.9891765099647807 0
    outer loop
      vertex -6.719573872068549 -6.087468703213701 1.5999999999999996
      vertex -6.908866576357356 -6.059389782989216 0
      vertex -6.719573872068549 -6.087468703213701 0
    endloop
  endfacet
  facet normal -0.2429801799032641 -0.9700312531945439 0
    outer loop
      vertex -6.533944879353798 -6.133966345322193 1.5999999999999996
      vertex -6.719573872068549 -6.087468703213701 0
      vertex -6.533944879353798 -6.133966345322193 0
    endloop
  endfacet
  facet normal -0.3368898533922198 -0.9415440651830209 0
    outer loop
      vertex -6.3537673068880745 -6.198434911602991 1.5999999999999996
      vertex -6.533944879353798 -6.133966345322193 0
      vertex -6.3537673068880745 -6.198434911602991 0
    endloop
  endfacet
  facet normal -0.4275550934302816 -0.9039892931234436 0
    outer loop
      vertex -6.180776363189304 -6.280253534520708 1.5999999999999996
      vertex -6.3537673068880745 -6.198434911602991 0
      vertex -6.180776363189304 -6.280253534520708 0
    endloop
  endfacet
  facet normal -0.5141027441932222 -0.8577286100002718 0
    outer loop
      vertex -6.016638045611775 -6.378634256010037 1.5999999999999996
      vertex -6.180776363189304 -6.280253534520708 0
      vertex -6.016638045611775 -6.378634256010037 0
    endloop
  endfacet
  facet normal -0.5956993044924327 -0.8032075314806453 0
    outer loop
      vertex -5.862933095880891 -6.492629615942663 1.5999999999999996
      vertex -6.016638045611775 -6.378634256010037 0
      vertex -5.862933095880891 -6.492629615942663 0
    endloop
  endfacet
  facet normal -0.6715589548470188 -0.7409511253549588 0
    outer loop
      vertex -5.721141776686232 -6.621141776686232 1.5999999999999996
      vertex -5.862933095880891 -6.492629615942663 0
      vertex -5.721141776686232 -6.621141776686232 0
    endloop
  endfacet
  facet normal -0.7409511253549588 -0.6715589548470188 0
    outer loop
      vertex -5.592629615942663 -6.762933095880891 1.5999999999999996
      vertex -5.721141776686232 -6.621141776686232 0
      vertex -5.592629615942663 -6.762933095880891 0
    endloop
  endfacet
  facet normal -0.8032075314806453 -0.5956993044924327 0
    outer loop
      vertex -5.478634256010037 -6.9166380456117755 1.5999999999999996
      vertex -5.592629615942663 -6.762933095880891 0
      vertex -5.478634256010037 -6.9166380456117755 0
    endloop
  endfacet
  facet normal -0.8577286100002718 -0.5141027441932222 0
    outer loop
      vertex -5.380253534520707 -7.080776363189305 1.5999999999999996
      vertex -5.478634256010037 -6.9166380456117755 0
      vertex -5.380253534520707 -7.080776363189305 0
    endloop
  endfacet
  facet normal -0.9039892931234436 -0.4275550934302816 0
    outer loop
      vertex -5.298434911602991 -7.253767306888075 1.5999999999999996
      vertex -5.380253534520707 -7.080776363189305 0
      vertex -5.298434911602991 -7.253767306888075 0
    endloop
  endfacet
  facet normal -0.9415440651830209 -0.3368898533922198 0
    outer loop
      vertex -5.233966345322193 -7.433944879353798 1.5999999999999996
      vertex -5.298434911602991 -7.253767306888075 0
      vertex -5.233966345322193 -7.433944879353798 0
    endloop
  endfacet
  facet normal -0.9700312531945439 -0.2429801799032641 0
    outer loop
      vertex -5.187468703213701 -7.61957387206855 1.5999999999999996
      vertex -5.233966345322193 -7.433944879353798 0
      vertex -5.187468703213701 -7.61957387206855 0
    endloop
  endfacet
  facet normal -0.9891765099647807 -0.14673047445536352 0
    outer loop
      vertex -5.159389782989216 -7.808866576357357 1.5999999999999996
      vertex -5.187468703213701 -7.61957387206855 0
      vertex -5.159389782989216 -7.808866576357357 0
    endloop
  endfacet
  facet normal 0.5141027441932242 0.8577286100002705 0
    outer loop
      vertex -8.183361954388223 -9.621365743989964 1.5999999999999996
      vertex -8.019223636810695 -9.719746465479293 0
      vertex -8.183361954388223 -9.621365743989964 0
    endloop
  endfacet
  facet normal 0.4275550934302778 0.9039892931234453 0
    outer loop
      vertex -8.019223636810695 -9.719746465479293 1.5999999999999996
      vertex -7.846232693111925 -9.801565088397009 0
      vertex -8.019223636810695 -9.719746465479293 0
    endloop
  endfacet
  facet normal -0.5141027441932222 0.8577286100002718 2.570013513026064e-18
    outer loop
      vertex -6.016638045611775 -9.621365743989964 0
      vertex -6.180776363189304 -9.719746465479293 0
      vertex -6.180776363189304 -9.719746465479293 1.5999999999999996
    endloop
  endfacet
  facet normal -0.9987954562051724 -0.04906767432741874 0
    outer loop
      vertex -5.1499999999999995 -8 1.5999999999999996
      vertex -5.159389782989216 -7.808866576357357 0
      vertex -5.1499999999999995 -8 0
    endloop
  endfacet
  facet normal -0.9987954562051724 0.04906767432741874 0
    outer loop
      vertex -5.159389782989216 -8.191133423642643 1.5999999999999996
      vertex -5.1499999999999995 -8 0
      vertex -5.159389782989216 -8.191133423642643 0
    endloop
  endfacet
  facet normal -0.9891765099647807 0.14673047445536352 0
    outer loop
      vertex -5.187468703213701 -8.38042612793145 1.5999999999999996
      vertex -5.159389782989216 -8.191133423642643 0
      vertex -5.187468703213701 -8.38042612793145 0
    endloop
  endfacet
  facet normal -0.9700312531945436 0.24298017990326515 0
    outer loop
      vertex -5.233966345322193 -8.566055120646201 1.5999999999999996
      vertex -5.187468703213701 -8.38042612793145 0
      vertex -5.233966345322193 -8.566055120646201 0
    endloop
  endfacet
  facet normal -0.9415440651830209 0.3368898533922198 0
    outer loop
      vertex -5.298434911602991 -8.746232693111924 1.5999999999999996
      vertex -5.233966345322193 -8.566055120646201 0
      vertex -5.298434911602991 -8.746232693111924 0
    endloop
  endfacet
  facet normal -0.8577286100002705 0.5141027441932242 0
    outer loop
      vertex -5.478634256010037 -9.083361954388224 1.5999999999999996
      vertex -5.380253534520707 -8.919223636810695 0
      vertex -5.478634256010037 -9.083361954388224 0
    endloop
  endfacet
  facet normal -0.803207531480647 0.5956993044924305 0
    outer loop
      vertex -5.592629615942663 -9.237066904119109 1.5999999999999996
      vertex -5.478634256010037 -9.083361954388224 0
      vertex -5.592629615942663 -9.237066904119109 0
    endloop
  endfacet
  facet normal -0.9039892931234443 0.4275550934302798 0
    outer loop
      vertex -5.380253534520707 -8.919223636810695 1.5999999999999996
      vertex -5.298434911602991 -8.746232693111924 0
      vertex -5.380253534520707 -8.919223636810695 0
    endloop
  endfacet
  facet normal -0.6715589548470162 0.7409511253549611 0
    outer loop
      vertex -5.862933095880891 -9.507370384057337 1.5999999999999996
      vertex -5.721141776686232 -9.378858223313769 0
      vertex -5.862933095880891 -9.507370384057337 0
    endloop
  endfacet
  facet normal -0.7409511253549609 0.6715589548470164 0
    outer loop
      vertex -5.721141776686232 -9.378858223313769 1.5999999999999996
      vertex -5.592629615942663 -9.237066904119109 0
      vertex -5.721141776686232 -9.378858223313769 0
    endloop
  endfacet
  facet normal -0.5956993044924357 0.8032075314806432 0
    outer loop
      vertex -6.016638045611775 -9.621365743989964 1.5999999999999996
      vertex -5.862933095880891 -9.507370384057337 0
      vertex -6.016638045611775 -9.621365743989964 0
    endloop
  endfacet
  facet normal 0.4275550934302778 0.9039892931234453 -2.6662406336804426e-18
    outer loop
      vertex -8.019223636810695 -9.719746465479293 1.5999999999999996
      vertex -7.846232693111925 -9.801565088397009 1.5999999999999996
      vertex -7.846232693111925 -9.801565088397009 0
    endloop
  endfacet
  facet normal 0.3368898533922198 0.9415440651830209 1.0952740569815013e-18
    outer loop
      vertex -7.846232693111925 -9.801565088397009 1.5999999999999996
      vertex -7.6660551206462015 -9.866033654677807 1.5999999999999996
      vertex -7.6660551206462015 -9.866033654677807 0
    endloop
  endfacet
  facet normal 0.24298017990326845 0.9700312531945429 6.479166788718486e-19
    outer loop
      vertex -7.6660551206462015 -9.866033654677807 1.5999999999999996
      vertex -7.48042612793145 -9.9125312967863 1.5999999999999996
      vertex -7.48042612793145 -9.9125312967863 0
    endloop
  endfacet
  facet normal 0.14673047445535897 0.9891765099647813 5.260795430086884e-19
    outer loop
      vertex -7.48042612793145 -9.9125312967863 1.5999999999999996
      vertex -7.291133423642643 -9.940610217010784 1.5999999999999996
      vertex -7.291133423642643 -9.940610217010784 0
    endloop
  endfacet
  facet normal 0.04906767432741411 0.9987954562051726 -1.0766375813259188e-19
    outer loop
      vertex -7.291133423642643 -9.940610217010784 1.5999999999999996
      vertex -7.1 -9.95 1.5999999999999996
      vertex -7.1 -9.95 0
    endloop
  endfacet
  facet normal -0.04906767432741411 0.9987954562051726 1.0766375813259188e-19
    outer loop
      vertex -7.1 -9.95 1.5999999999999996
      vertex -6.908866576357356 -9.940610217010784 1.5999999999999996
      vertex -6.908866576357356 -9.940610217010784 0
    endloop
  endfacet
  facet normal -0.14673047445535897 0.9891765099647813 -5.260795430086884e-19
    outer loop
      vertex -6.908866576357356 -9.940610217010784 1.5999999999999996
      vertex -6.719573872068549 -9.9125312967863 1.5999999999999996
      vertex -6.719573872068549 -9.9125312967863 0
    endloop
  endfacet
  facet normal -0.24298017990326845 0.9700312531945429 -6.479166788718486e-19
    outer loop
      vertex -6.719573872068549 -9.9125312967863 1.5999999999999996
      vertex -6.533944879353798 -9.866033654677807 1.5999999999999996
      vertex -6.533944879353798 -9.866033654677807 0
    endloop
  endfacet
  facet normal -0.3368898533922198 0.9415440651830209 -1.0952740569815013e-18
    outer loop
      vertex -6.533944879353798 -9.866033654677807 1.5999999999999996
      vertex -6.3537673068880745 -9.801565088397009 1.5999999999999996
      vertex -6.3537673068880745 -9.801565088397009 0
    endloop
  endfacet
  facet normal 0.3368898533922198 0.9415440651830209 0
    outer loop
      vertex -7.846232693111925 -9.801565088397009 1.5999999999999996
      vertex -7.6660551206462015 -9.866033654677807 0
      vertex -7.846232693111925 -9.801565088397009 0
    endloop
  endfacet
  facet normal 0.24298017990326845 0.9700312531945429 0
    outer loop
      vertex -7.6660551206462015 -9.866033654677807 1.5999999999999996
      vertex -7.48042612793145 -9.9125312967863 0
      vertex -7.6660551206462015 -9.866033654677807 0
    endloop
  endfacet
  facet normal 0.14673047445535897 0.9891765099647813 0
    outer loop
      vertex -7.48042612793145 -9.9125312967863 1.5999999999999996
      vertex -7.291133423642643 -9.940610217010784 0
      vertex -7.48042612793145 -9.9125312967863 0
    endloop
  endfacet
  facet normal 0.04906767432741411 0.9987954562051726 0
    outer loop
      vertex -7.291133423642643 -9.940610217010784 1.5999999999999996
      vertex -7.1 -9.95 0
      vertex -7.291133423642643 -9.940610217010784 0
    endloop
  endfacet
  facet normal -0.04906767432741411 0.9987954562051726 0
    outer loop
      vertex -7.1 -9.95 1.5999999999999996
      vertex -6.908866576357356 -9.940610217010784 0
      vertex -7.1 -9.95 0
    endloop
  endfacet
  facet normal -0.14673047445535897 0.9891765099647813 0
    outer loop
      vertex -6.908866576357356 -9.940610217010784 1.5999999999999996
      vertex -6.719573872068549 -9.9125312967863 0
      vertex -6.908866576357356 -9.940610217010784 0
    endloop
  endfacet
  facet normal -0.24298017990326845 0.9700312531945429 0
    outer loop
      vertex -6.719573872068549 -9.9125312967863 1.5999999999999996
      vertex -6.533944879353798 -9.866033654677807 0
      vertex -6.719573872068549 -9.9125312967863 0
    endloop
  endfacet
  facet normal -0.3368898533922198 0.9415440651830209 0
    outer loop
      vertex -6.533944879353798 -9.866033654677807 1.5999999999999996
      vertex -6.3537673068880745 -9.801565088397009 0
      vertex -6.533944879353798 -9.866033654677807 0
    endloop
  endfacet
  facet normal -0.4275550934302778 0.9039892931234453 0
    outer loop
      vertex -6.3537673068880745 -9.801565088397009 1.5999999999999996
      vertex -6.180776363189304 -9.719746465479293 0
      vertex -6.3537673068880745 -9.801565088397009 0
    endloop
  endfacet
  facet normal 0.5956993044924171 -0.803207531480657 0
    outer loop
      vertex 51.352933095880886 -22.51262961594266 0
      vertex 51.50663804561177 -22.398634256010038 1.5999999999999996
      vertex 51.352933095880886 -22.51262961594266 1.5999999999999996
    endloop
  endfacet
  facet normal 0.6715589548470241 -0.7409511253549539 0
    outer loop
      vertex 51.211141776686226 -22.641141776686233 0
      vertex 51.352933095880886 -22.51262961594266 1.5999999999999996
      vertex 51.211141776686226 -22.641141776686233 1.5999999999999996
    endloop
  endfacet
  facet normal 0.8577286100002747 -0.5141027441932176 0
    outer loop
      vertex 50.87025353452071 -23.100776363189304 0
      vertex 50.968634256010034 -22.936638045611776 1.5999999999999996
      vertex 50.87025353452071 -23.100776363189304 1.5999999999999996
    endloop
  endfacet
  facet normal 0.7409511253549632 -0.6715589548470139 0
    outer loop
      vertex 51.08262961594266 -22.782933095880892 0
      vertex 51.211141776686226 -22.641141776686233 1.5999999999999996
      vertex 51.08262961594266 -22.782933095880892 1.5999999999999996
    endloop
  endfacet
  facet normal 0.8032075314806504 -0.5956993044924259 0
    outer loop
      vertex 50.968634256010034 -22.936638045611776 0
      vertex 51.08262961594266 -22.782933095880892 1.5999999999999996
      vertex 50.968634256010034 -22.936638045611776 1.5999999999999996
    endloop
  endfacet
  facet normal 0.9039892931234318 -0.4275550934303064 0
    outer loop
      vertex 50.788434911602984 -23.273767306888075 0
      vertex 50.87025353452071 -23.100776363189304 1.5999999999999996
      vertex 50.788434911602984 -23.273767306888075 1.5999999999999996
    endloop
  endfacet
  facet normal 0.9415440651830269 -0.33688985339220334 0
    outer loop
      vertex 50.72396634532219 -23.4539448793538 0
      vertex 50.788434911602984 -23.273767306888075 1.5999999999999996
      vertex 50.72396634532219 -23.4539448793538 1.5999999999999996
    endloop
  endfacet
  facet normal 0.9700312531945446 -0.2429801799032608 0
    outer loop
      vertex 50.6774687032137 -23.63957387206855 0
      vertex 50.72396634532219 -23.4539448793538 1.5999999999999996
      vertex 50.6774687032137 -23.63957387206855 1.5999999999999996
    endloop
  endfacet
  facet normal 0.14673047445535628 -0.9891765099647817 0
    outer loop
      vertex 52.209573872068546 -22.1074687032137 0
      vertex 52.39886657635736 -22.079389782989217 1.5999999999999996
      vertex 52.209573872068546 -22.1074687032137 1.5999999999999996
    endloop
  endfacet
  facet normal 0.04906767432742427 -0.998795456205172 0
    outer loop
      vertex 52.39886657635736 -22.079389782989217 0
      vertex 52.589999999999996 -22.07 1.5999999999999996
      vertex 52.39886657635736 -22.079389782989217 1.5999999999999996
    endloop
  endfacet
  facet normal 0.42755509343029047 -0.9039892931234395 0
    outer loop
      vertex 51.670776363189304 -22.300253534520706 0
      vertex 51.84376730688807 -22.21843491160299 1.5999999999999996
      vertex 51.670776363189304 -22.300253534520706 1.5999999999999996
    endloop
  endfacet
  facet normal 0.3368898533922198 -0.9415440651830209 0
    outer loop
      vertex 51.84376730688807 -22.21843491160299 0
      vertex 52.02394487935379 -22.153966345322193 1.5999999999999996
      vertex 51.84376730688807 -22.21843491160299 1.5999999999999996
    endloop
  endfacet
  facet normal 0.5141027441932229 -0.8577286100002715 0
    outer loop
      vertex 51.50663804561177 -22.398634256010038 0
      vertex 51.670776363189304 -22.300253534520706 1.5999999999999996
      vertex 51.50663804561177 -22.398634256010038 1.5999999999999996
    endloop
  endfacet
  facet normal 0.24298017990325643 -0.9700312531945458 0
    outer loop
      vertex 52.02394487935379 -22.153966345322193 0
      vertex 52.209573872068546 -22.1074687032137 1.5999999999999996
      vertex 52.02394487935379 -22.153966345322193 1.5999999999999996
    endloop
  endfacet
  facet normal -0.04906767432742427 -0.998795456205172 0
    outer loop
      vertex 52.589999999999996 -22.07 0
      vertex 52.781133423642636 -22.079389782989217 1.5999999999999996
      vertex 52.589999999999996 -22.07 1.5999999999999996
    endloop
  endfacet
  facet normal -0.14673047445535628 -0.9891765099647817 0
    outer loop
      vertex 52.781133423642636 -22.079389782989217 0
      vertex 52.97042612793145 -22.1074687032137 1.5999999999999996
      vertex 52.781133423642636 -22.079389782989217 1.5999999999999996
    endloop
  endfacet
  facet normal -0.24298017990325643 -0.9700312531945458 0
    outer loop
      vertex 52.97042612793145 -22.1074687032137 0
      vertex 53.1560551206462 -22.153966345322193 1.5999999999999996
      vertex 52.97042612793145 -22.1074687032137 1.5999999999999996
    endloop
  endfacet
  facet normal -0.3368898533922198 -0.9415440651830209 0
    outer loop
      vertex 53.1560551206462 -22.153966345322193 0
      vertex 53.336232693111924 -22.21843491160299 1.5999999999999996
      vertex 53.1560551206462 -22.153966345322193 1.5999999999999996
    endloop
  endfacet
  facet normal -0.42755509343029047 -0.9039892931234395 0
    outer loop
      vertex 53.336232693111924 -22.21843491160299 0
      vertex 53.50922363681069 -22.300253534520706 1.5999999999999996
      vertex 53.336232693111924 -22.21843491160299 1.5999999999999996
    endloop
  endfacet
  facet normal -0.5141027441932229 -0.8577286100002715 0
    outer loop
      vertex 53.50922363681069 -22.300253534520706 0
      vertex 53.67336195438822 -22.398634256010038 1.5999999999999996
      vertex 53.50922363681069 -22.300253534520706 1.5999999999999996
    endloop
  endfacet
  facet normal 0.9891765099647787 -0.14673047445537715 0
    outer loop
      vertex 50.64938978298921 -23.828866576357356 0
      vertex 50.6774687032137 -23.63957387206855 1.5999999999999996
      vertex 50.64938978298921 -23.828866576357356 1.5999999999999996
    endloop
  endfacet
  facet normal 0.9987954562051721 -0.049067674327423365 0
    outer loop
      vertex 50.63999999999999 -24.02 0
      vertex 50.64938978298921 -23.828866576357356 1.5999999999999996
      vertex 50.63999999999999 -24.02 1.5999999999999996
    endloop
  endfacet
  facet normal 0.9987954562051721 0.049067674327423365 0
    outer loop
      vertex 50.64938978298921 -24.211133423642643 0
      vertex 50.63999999999999 -24.02 1.5999999999999996
      vertex 50.64938978298921 -24.211133423642643 1.5999999999999996
    endloop
  endfacet
  facet normal 0.9891765099647787 0.14673047445537715 0
    outer loop
      vertex 50.6774687032137 -24.40042612793145 0
      vertex 50.64938978298921 -24.211133423642643 1.5999999999999996
      vertex 50.6774687032137 -24.40042612793145 1.5999999999999996
    endloop
  endfacet
  facet normal 0.9700312531945446 0.2429801799032608 0
    outer loop
      vertex 50.72396634532219 -24.5860551206462 0
      vertex 50.6774687032137 -24.40042612793145 1.5999999999999996
      vertex 50.72396634532219 -24.5860551206462 1.5999999999999996
    endloop
  endfacet
  facet normal 0.9415440651830269 0.33688985339220334 0
    outer loop
      vertex 50.788434911602984 -24.766232693111924 0
      vertex 50.72396634532219 -24.5860551206462 1.5999999999999996
      vertex 50.788434911602984 -24.766232693111924 1.5999999999999996
    endloop
  endfacet
  facet normal 0.9039892931234318 0.4275550934303064 0
    outer loop
      vertex 50.87025353452071 -24.939223636810695 0
      vertex 50.788434911602984 -24.766232693111924 1.5999999999999996
      vertex 50.87025353452071 -24.939223636810695 1.5999999999999996
    endloop
  endfacet
  facet normal 0.8577286100002747 0.5141027441932176 0
    outer loop
      vertex 50.968634256010034 -25.103361954388223 0
      vertex 50.87025353452071 -24.939223636810695 1.5999999999999996
      vertex 50.968634256010034 -25.103361954388223 1.5999999999999996
    endloop
  endfacet
  facet normal 0.8032075314806504 0.5956993044924259 0
    outer loop
      vertex 51.08262961594266 -25.257066904119107 0
      vertex 50.968634256010034 -25.103361954388223 1.5999999999999996
      vertex 51.08262961594266 -25.257066904119107 1.5999999999999996
    endloop
  endfacet
  facet normal 0.7409511253549632 0.6715589548470139 0
    outer loop
      vertex 51.211141776686226 -25.398858223313766 0
      vertex 51.08262961594266 -25.257066904119107 1.5999999999999996
      vertex 51.211141776686226 -25.398858223313766 1.5999999999999996
    endloop
  endfacet
  facet normal 0.6715589548470241 0.7409511253549539 0
    outer loop
      vertex 51.352933095880886 -25.52737038405734 0
      vertex 51.211141776686226 -25.398858223313766 1.5999999999999996
      vertex 51.352933095880886 -25.52737038405734 1.5999999999999996
    endloop
  endfacet
  facet normal -0.5956993044924171 -0.803207531480657 0
    outer loop
      vertex 53.67336195438822 -22.398634256010038 0
      vertex 53.82706690411911 -22.51262961594266 1.5999999999999996
      vertex 53.67336195438822 -22.398634256010038 1.5999999999999996
    endloop
  endfacet
  facet normal -0.6715589548470241 -0.7409511253549539 0
    outer loop
      vertex 53.82706690411911 -22.51262961594266 0
      vertex 53.96885822331377 -22.641141776686233 1.5999999999999996
      vertex 53.82706690411911 -22.51262961594266 1.5999999999999996
    endloop
  endfacet
  facet normal -0.7409511253549632 -0.6715589548470139 0
    outer loop
      vertex 53.96885822331377 -22.641141776686233 0
      vertex 54.097370384057335 -22.782933095880892 1.5999999999999996
      vertex 53.96885822331377 -22.641141776686233 1.5999999999999996
    endloop
  endfacet
  facet normal -0.8032075314806504 -0.5956993044924259 0
    outer loop
      vertex 54.097370384057335 -22.782933095880892 0
      vertex 54.21136574398996 -22.936638045611776 1.5999999999999996
      vertex 54.097370384057335 -22.782933095880892 1.5999999999999996
    endloop
  endfacet
  facet normal -0.8577286100002747 -0.5141027441932176 0
    outer loop
      vertex 54.21136574398996 -22.936638045611776 0
      vertex 54.309746465479286 -23.100776363189304 1.5999999999999996
      vertex 54.21136574398996 -22.936638045611776 1.5999999999999996
    endloop
  endfacet
  facet normal -0.9039892931234318 -0.4275550934303064 0
    outer loop
      vertex 54.309746465479286 -23.100776363189304 0
      vertex 54.39156508839701 -23.273767306888075 1.5999999999999996
      vertex 54.309746465479286 -23.100776363189304 1.5999999999999996
    endloop
  endfacet
  facet normal -0.9415440651830269 -0.33688985339220334 0
    outer loop
      vertex 54.39156508839701 -23.273767306888075 0
      vertex 54.4560336546778 -23.4539448793538 1.5999999999999996
      vertex 54.39156508839701 -23.273767306888075 1.5999999999999996
    endloop
  endfacet
  facet normal -0.9700312531945446 -0.2429801799032608 0
    outer loop
      vertex 54.4560336546778 -23.4539448793538 0
      vertex 54.502531296786294 -23.63957387206855 1.5999999999999996
      vertex 54.4560336546778 -23.4539448793538 1.5999999999999996
    endloop
  endfacet
  facet normal -0.9891765099647787 -0.14673047445537715 0
    outer loop
      vertex 54.502531296786294 -23.63957387206855 0
      vertex 54.53061021701078 -23.828866576357356 1.5999999999999996
      vertex 54.502531296786294 -23.63957387206855 1.5999999999999996
    endloop
  endfacet
  facet normal -0.9987954562051721 -0.049067674327423365 0
    outer loop
      vertex 54.53061021701078 -23.828866576357356 0
      vertex 54.54 -24.02 1.5999999999999996
      vertex 54.53061021701078 -23.828866576357356 1.5999999999999996
    endloop
  endfacet
  facet normal -0.9987954562051721 0.049067674327423365 0
    outer loop
      vertex 54.54 -24.02 0
      vertex 54.53061021701078 -24.211133423642643 1.5999999999999996
      vertex 54.54 -24.02 1.5999999999999996
    endloop
  endfacet
  facet normal -0.9891765099647787 0.14673047445537715 0
    outer loop
      vertex 54.53061021701078 -24.211133423642643 0
      vertex 54.502531296786294 -24.40042612793145 1.5999999999999996
      vertex 54.53061021701078 -24.211133423642643 1.5999999999999996
    endloop
  endfacet
  facet normal -0.9700312531945446 0.2429801799032608 0
    outer loop
      vertex 54.502531296786294 -24.40042612793145 0
      vertex 54.4560336546778 -24.5860551206462 1.5999999999999996
      vertex 54.502531296786294 -24.40042612793145 1.5999999999999996
    endloop
  endfacet
  facet normal -0.9415440651830269 0.33688985339220334 0
    outer loop
      vertex 54.4560336546778 -24.5860551206462 0
      vertex 54.39156508839701 -24.766232693111924 1.5999999999999996
      vertex 54.4560336546778 -24.5860551206462 1.5999999999999996
    endloop
  endfacet
  facet normal -0.9039892931234318 0.4275550934303064 0
    outer loop
      vertex 54.39156508839701 -24.766232693111924 0
      vertex 54.309746465479286 -24.939223636810695 1.5999999999999996
      vertex 54.39156508839701 -24.766232693111924 1.5999999999999996
    endloop
  endfacet
  facet normal -0.8577286100002747 0.5141027441932176 0
    outer loop
      vertex 54.309746465479286 -24.939223636810695 0
      vertex 54.21136574398996 -25.103361954388223 1.5999999999999996
      vertex 54.309746465479286 -24.939223636810695 1.5999999999999996
    endloop
  endfacet
  facet normal -0.8032075314806504 0.5956993044924259 0
    outer loop
      vertex 54.21136574398996 -25.103361954388223 0
      vertex 54.097370384057335 -25.257066904119107 1.5999999999999996
      vertex 54.21136574398996 -25.103361954388223 1.5999999999999996
    endloop
  endfacet
  facet normal -0.7409511253549632 0.6715589548470139 0
    outer loop
      vertex 54.097370384057335 -25.257066904119107 0
      vertex 53.96885822331377 -25.398858223313766 1.5999999999999996
      vertex 54.097370384057335 -25.257066904119107 1.5999999999999996
    endloop
  endfacet
  facet normal -0.6715589548470241 0.7409511253549539 0
    outer loop
      vertex 53.96885822331377 -25.398858223313766 0
      vertex 53.82706690411911 -25.52737038405734 1.5999999999999996
      vertex 53.96885822331377 -25.398858223313766 1.5999999999999996
    endloop
  endfacet
  facet normal -0.5956993044924171 0.803207531480657 0
    outer loop
      vertex 53.82706690411911 -25.52737038405734 0
      vertex 53.67336195438822 -25.64136574398996 1.5999999999999996
      vertex 53.82706690411911 -25.52737038405734 1.5999999999999996
    endloop
  endfacet
  facet normal 0.5956993044924171 -0.803207531480657 -2.2238067072051535e-18
    outer loop
      vertex 51.352933095880886 -22.51262961594266 0
      vertex 51.50663804561177 -22.398634256010038 0
      vertex 51.50663804561177 -22.398634256010038 1.5999999999999996
    endloop
  endfacet
  facet normal 0.6715589548470241 -0.7409511253549539 5.9539678715749e-20
    outer loop
      vertex 51.211141776686226 -22.641141776686233 0
      vertex 51.352933095880886 -22.51262961594266 0
      vertex 51.352933095880886 -22.51262961594266 1.5999999999999996
    endloop
  endfacet
  facet normal 0.7409511253549632 -0.6715589548470139 -2.1422571972507208e-18
    outer loop
      vertex 51.08262961594266 -22.782933095880892 0
      vertex 51.211141776686226 -22.641141776686233 0
      vertex 51.211141776686226 -22.641141776686233 1.5999999999999996
    endloop
  endfacet
  facet normal 0.8032075314806504 -0.5956993044924259 8.214995149335433e-19
    outer loop
      vertex 50.968634256010034 -22.936638045611776 0
      vertex 51.08262961594266 -22.782933095880892 0
      vertex 51.08262961594266 -22.782933095880892 1.5999999999999996
    endloop
  endfacet
  facet normal 0.8577286100002747 -0.5141027441932176 2.8589512041214286e-20
    outer loop
      vertex 50.87025353452071 -23.100776363189304 0
      vertex 50.968634256010034 -22.936638045611776 0
      vertex 50.968634256010034 -22.936638045611776 1.5999999999999996
    endloop
  endfacet
  facet normal 0.9039892931234318 -0.4275550934303064 -3.816537619031869e-19
    outer loop
      vertex 50.788434911602984 -23.273767306888075 0
      vertex 50.87025353452071 -23.100776363189304 0
      vertex 50.87025353452071 -23.100776363189304 1.5999999999999996
    endloop
  endfacet
  facet normal 0.9415440651830269 -0.33688985339220334 -1.1160580045034752e-18
    outer loop
      vertex 50.72396634532219 -23.4539448793538 0
      vertex 50.788434911602984 -23.273767306888075 0
      vertex 50.788434911602984 -23.273767306888075 1.5999999999999996
    endloop
  endfacet
  facet normal 0.9700312531945446 -0.2429801799032608 -2.9687672665156206e-20
    outer loop
      vertex 50.6774687032137 -23.63957387206855 0
      vertex 50.72396634532219 -23.4539448793538 0
      vertex 50.72396634532219 -23.4539448793538 1.5999999999999996
    endloop
  endfacet
  facet normal 0.14673047445535628 -0.9891765099647817 -4.941897205242713e-19
    outer loop
      vertex 52.209573872068546 -22.1074687032137 0
      vertex 52.39886657635736 -22.079389782989217 0
      vertex 52.39886657635736 -22.079389782989217 1.5999999999999996
    endloop
  endfacet
  facet normal 0.04906767432742427 -0.998795456205172 5.299158492722594e-20
    outer loop
      vertex 52.39886657635736 -22.079389782989217 0
      vertex 52.589999999999996 -22.07 0
      vertex 52.589999999999996 -22.07 1.5999999999999996
    endloop
  endfacet
  facet normal 0.5141027441932229 -0.8577286100002715 -2.0167575314527254e-18
    outer loop
      vertex 51.50663804561177 -22.398634256010038 0
      vertex 51.670776363189304 -22.300253534520706 0
      vertex 51.670776363189304 -22.300253534520706 1.5999999999999996
    endloop
  endfacet
  facet normal 0.3368898533922198 -0.9415440651830209 -1.0952740569815013e-18
    outer loop
      vertex 51.84376730688807 -22.21843491160299 0
      vertex 52.02394487935379 -22.153966345322193 0
      vertex 52.02394487935379 -22.153966345322193 1.5999999999999996
    endloop
  endfacet
  facet normal 0.42755509343029047 -0.9039892931234395 1.3181287705218228e-18
    outer loop
      vertex 51.670776363189304 -22.300253534520706 0
      vertex 51.84376730688807 -22.21843491160299 0
      vertex 51.84376730688807 -22.21843491160299 1.5999999999999996
    endloop
  endfacet
  facet normal 0.24298017990325643 -0.9700312531945458 1.2573852531988208e-18
    outer loop
      vertex 52.02394487935379 -22.153966345322193 0
      vertex 52.209573872068546 -22.1074687032137 0
      vertex 52.209573872068546 -22.1074687032137 1.5999999999999996
    endloop
  endfacet
  facet normal -0.04906767432742427 -0.998795456205172 -5.299158492722594e-20
    outer loop
      vertex 52.589999999999996 -22.07 0
      vertex 52.781133423642636 -22.079389782989217 0
      vertex 52.781133423642636 -22.079389782989217 1.5999999999999996
    endloop
  endfacet
  facet normal -0.14673047445535628 -0.9891765099647817 4.941897205242713e-19
    outer loop
      vertex 52.781133423642636 -22.079389782989217 0
      vertex 52.97042612793145 -22.1074687032137 0
      vertex 52.97042612793145 -22.1074687032137 1.5999999999999996
    endloop
  endfacet
  facet normal -0.24298017990325643 -0.9700312531945458 -1.2573852531988208e-18
    outer loop
      vertex 52.97042612793145 -22.1074687032137 0
      vertex 53.1560551206462 -22.153966345322193 0
      vertex 53.1560551206462 -22.153966345322193 1.5999999999999996
    endloop
  endfacet
  facet normal -0.3368898533922198 -0.9415440651830209 1.0952740569815013e-18
    outer loop
      vertex 53.1560551206462 -22.153966345322193 0
      vertex 53.336232693111924 -22.21843491160299 0
      vertex 53.336232693111924 -22.21843491160299 1.5999999999999996
    endloop
  endfacet
  facet normal -0.42755509343029047 -0.9039892931234395 -1.3181287705218228e-18
    outer loop
      vertex 53.336232693111924 -22.21843491160299 0
      vertex 53.50922363681069 -22.300253534520706 0
      vertex 53.50922363681069 -22.300253534520706 1.5999999999999996
    endloop
  endfacet
  facet normal -0.5141027441932229 -0.8577286100002715 2.0167575314527254e-18
    outer loop
      vertex 53.50922363681069 -22.300253534520706 0
      vertex 53.67336195438822 -22.398634256010038 0
      vertex 53.67336195438822 -22.398634256010038 1.5999999999999996
    endloop
  endfacet
  facet normal 0.9891765099647787 -0.14673047445537715 4.453446536805206e-19
    outer loop
      vertex 50.64938978298921 -23.828866576357356 0
      vertex 50.6774687032137 -23.63957387206855 0
      vertex 50.6774687032137 -23.63957387206855 1.5999999999999996
    endloop
  endfacet
  facet normal 0.9987954562051721 -0.049067674327423365 -5.876029346901162e-20
    outer loop
      vertex 50.63999999999999 -24.02 0
      vertex 50.64938978298921 -23.828866576357356 0
      vertex 50.64938978298921 -23.828866576357356 1.5999999999999996
    endloop
  endfacet
  facet normal 0.9987954562051721 0.049067674327423365 5.876029346901162e-20
    outer loop
      vertex 50.64938978298921 -24.211133423642643 0
      vertex 50.63999999999999 -24.02 0
      vertex 50.63999999999999 -24.02 1.5999999999999996
    endloop
  endfacet
  facet normal 0.9891765099647787 0.14673047445537715 -4.453446536805206e-19
    outer loop
      vertex 50.6774687032137 -24.40042612793145 0
      vertex 50.64938978298921 -24.211133423642643 0
      vertex 50.64938978298921 -24.211133423642643 1.5999999999999996
    endloop
  endfacet
  facet normal 0.9700312531945446 0.2429801799032608 2.9687672665156206e-20
    outer loop
      vertex 50.72396634532219 -24.5860551206462 0
      vertex 50.6774687032137 -24.40042612793145 0
      vertex 50.6774687032137 -24.40042612793145 1.5999999999999996
    endloop
  endfacet
  facet normal 0.9415440651830269 0.33688985339220334 1.1160580045034752e-18
    outer loop
      vertex 50.788434911602984 -24.766232693111924 0
      vertex 50.72396634532219 -24.5860551206462 0
      vertex 50.72396634532219 -24.5860551206462 1.5999999999999996
    endloop
  endfacet
  facet normal 0.9039892931234318 0.4275550934303064 0
    outer loop
      vertex 50.788434911602984 -24.766232693111924 0
      vertex 50.788434911602984 -24.766232693111924 1.5999999999999996
      vertex 50.87025353452071 -24.939223636810695 0
    endloop
  endfacet
  facet normal 0.8577286100002747 0.5141027441932176 -2.8589512041214286e-20
    outer loop
      vertex 50.968634256010034 -25.103361954388223 0
      vertex 50.87025353452071 -24.939223636810695 0
      vertex 50.87025353452071 -24.939223636810695 1.5999999999999996
    endloop
  endfacet
  facet normal 0.8032075314806504 0.5956993044924259 -8.214995149335433e-19
    outer loop
      vertex 51.08262961594266 -25.257066904119107 0
      vertex 50.968634256010034 -25.103361954388223 0
      vertex 50.968634256010034 -25.103361954388223 1.5999999999999996
    endloop
  endfacet
  facet normal 0.7409511253549632 0.6715589548470139 2.1422571972507208e-18
    outer loop
      vertex 51.211141776686226 -25.398858223313766 0
      vertex 51.08262961594266 -25.257066904119107 0
      vertex 51.08262961594266 -25.257066904119107 1.5999999999999996
    endloop
  endfacet
  facet normal 0.6715589548470241 0.7409511253549539 -5.9539678715749e-20
    outer loop
      vertex 51.352933095880886 -25.52737038405734 0
      vertex 51.211141776686226 -25.398858223313766 0
      vertex 51.211141776686226 -25.398858223313766 1.5999999999999996
    endloop
  endfacet
  facet normal 0.5956993044924171 0.803207531480657 2.2238067072051535e-18
    outer loop
      vertex 51.50663804561177 -25.64136574398996 0
      vertex 51.352933095880886 -25.52737038405734 0
      vertex 51.352933095880886 -25.52737038405734 1.5999999999999996
    endloop
  endfacet
  facet normal -0.5956993044924171 -0.803207531480657 2.2238067072051535e-18
    outer loop
      vertex 53.67336195438822 -22.398634256010038 0
      vertex 53.82706690411911 -22.51262961594266 0
      vertex 53.82706690411911 -22.51262961594266 1.5999999999999996
    endloop
  endfacet
  facet normal -0.6715589548470241 -0.7409511253549539 -5.9539678715749e-20
    outer loop
      vertex 53.82706690411911 -22.51262961594266 0
      vertex 53.96885822331377 -22.641141776686233 0
      vertex 53.96885822331377 -22.641141776686233 1.5999999999999996
    endloop
  endfacet
  facet normal -0.7409511253549632 -0.6715589548470139 2.1422571972507208e-18
    outer loop
      vertex 53.96885822331377 -22.641141776686233 0
      vertex 54.097370384057335 -22.782933095880892 0
      vertex 54.097370384057335 -22.782933095880892 1.5999999999999996
    endloop
  endfacet
  facet normal -0.8032075314806504 -0.5956993044924259 -8.214995149335433e-19
    outer loop
      vertex 54.097370384057335 -22.782933095880892 0
      vertex 54.21136574398996 -22.936638045611776 0
      vertex 54.21136574398996 -22.936638045611776 1.5999999999999996
    endloop
  endfacet
  facet normal -0.8577286100002747 -0.5141027441932176 -2.8589512041214286e-20
    outer loop
      vertex 54.21136574398996 -22.936638045611776 0
      vertex 54.309746465479286 -23.100776363189304 0
      vertex 54.309746465479286 -23.100776363189304 1.5999999999999996
    endloop
  endfacet
  facet normal -0.9039892931234318 -0.4275550934303064 3.816537619031869e-19
    outer loop
      vertex 54.309746465479286 -23.100776363189304 0
      vertex 54.39156508839701 -23.273767306888075 0
      vertex 54.39156508839701 -23.273767306888075 1.5999999999999996
    endloop
  endfacet
  facet normal -0.9415440651830269 -0.33688985339220334 1.1160580045034752e-18
    outer loop
      vertex 54.39156508839701 -23.273767306888075 0
      vertex 54.4560336546778 -23.4539448793538 0
      vertex 54.4560336546778 -23.4539448793538 1.5999999999999996
    endloop
  endfacet
  facet normal -0.9700312531945446 -0.2429801799032608 2.9687672665156206e-20
    outer loop
      vertex 54.4560336546778 -23.4539448793538 0
      vertex 54.502531296786294 -23.63957387206855 0
      vertex 54.502531296786294 -23.63957387206855 1.5999999999999996
    endloop
  endfacet
  facet normal -0.9891765099647787 -0.14673047445537715 -4.453446536805206e-19
    outer loop
      vertex 54.502531296786294 -23.63957387206855 0
      vertex 54.53061021701078 -23.828866576357356 0
      vertex 54.53061021701078 -23.828866576357356 1.5999999999999996
    endloop
  endfacet
  facet normal -0.9987954562051721 -0.049067674327423365 5.876029346901162e-20
    outer loop
      vertex 54.53061021701078 -23.828866576357356 0
      vertex 54.54 -24.02 0
      vertex 54.54 -24.02 1.5999999999999996
    endloop
  endfacet
  facet normal -0.9987954562051721 0.049067674327423365 -5.876029346901162e-20
    outer loop
      vertex 54.54 -24.02 0
      vertex 54.53061021701078 -24.211133423642643 0
      vertex 54.53061021701078 -24.211133423642643 1.5999999999999996
    endloop
  endfacet
  facet normal -0.9700312531945446 0.2429801799032608 -2.9687672665156206e-20
    outer loop
      vertex 54.502531296786294 -24.40042612793145 0
      vertex 54.4560336546778 -24.5860551206462 0
      vertex 54.4560336546778 -24.5860551206462 1.5999999999999996
    endloop
  endfacet
  facet normal -0.9891765099647787 0.14673047445537715 4.453446536805206e-19
    outer loop
      vertex 54.53061021701078 -24.211133423642643 0
      vertex 54.502531296786294 -24.40042612793145 0
      vertex 54.502531296786294 -24.40042612793145 1.5999999999999996
    endloop
  endfacet
  facet normal -0.9415440651830269 0.33688985339220334 -1.1160580045034752e-18
    outer loop
      vertex 54.4560336546778 -24.5860551206462 0
      vertex 54.39156508839701 -24.766232693111924 0
      vertex 54.39156508839701 -24.766232693111924 1.5999999999999996
    endloop
  endfacet
  facet normal -0.9039892931234318 0.4275550934303064 -3.816537619031869e-19
    outer loop
      vertex 54.39156508839701 -24.766232693111924 0
      vertex 54.309746465479286 -24.939223636810695 0
      vertex 54.309746465479286 -24.939223636810695 1.5999999999999996
    endloop
  endfacet
  facet normal -0.8577286100002747 0.5141027441932176 2.8589512041214286e-20
    outer loop
      vertex 54.309746465479286 -24.939223636810695 0
      vertex 54.21136574398996 -25.103361954388223 0
      vertex 54.21136574398996 -25.103361954388223 1.5999999999999996
    endloop
  endfacet
  facet normal -0.8032075314806504 0.5956993044924259 8.214995149335433e-19
    outer loop
      vertex 54.21136574398996 -25.103361954388223 0
      vertex 54.097370384057335 -25.257066904119107 0
      vertex 54.097370384057335 -25.257066904119107 1.5999999999999996
    endloop
  endfacet
  facet normal -0.6715589548470241 0.7409511253549539 5.9539678715749e-20
    outer loop
      vertex 53.96885822331377 -25.398858223313766 0
      vertex 53.82706690411911 -25.52737038405734 0
      vertex 53.82706690411911 -25.52737038405734 1.5999999999999996
    endloop
  endfacet
  facet normal -0.7409511253549632 0.6715589548470139 -2.1422571972507208e-18
    outer loop
      vertex 54.097370384057335 -25.257066904119107 0
      vertex 53.96885822331377 -25.398858223313766 0
      vertex 53.96885822331377 -25.398858223313766 1.5999999999999996
    endloop
  endfacet
  facet normal 0.5956993044924171 0.803207531480657 0
    outer loop
      vertex 51.50663804561177 -25.64136574398996 0
      vertex 51.352933095880886 -25.52737038405734 1.5999999999999996
      vertex 51.50663804561177 -25.64136574398996 1.5999999999999996
    endloop
  endfacet
  facet normal 0.5141027441932229 0.8577286100002715 0
    outer loop
      vertex 51.670776363189304 -25.739746465479293 0
      vertex 51.50663804561177 -25.64136574398996 1.5999999999999996
      vertex 51.670776363189304 -25.739746465479293 1.5999999999999996
    endloop
  endfacet
  facet normal 0.42755509343029047 0.9039892931234395 0
    outer loop
      vertex 51.84376730688807 -25.82156508839701 0
      vertex 51.670776363189304 -25.739746465479293 1.5999999999999996
      vertex 51.84376730688807 -25.82156508839701 1.5999999999999996
    endloop
  endfacet
  facet normal 0.3368898533922198 0.9415440651830209 0
    outer loop
      vertex 52.02394487935379 -25.886033654677806 0
      vertex 51.84376730688807 -25.82156508839701 1.5999999999999996
      vertex 52.02394487935379 -25.886033654677806 1.5999999999999996
    endloop
  endfacet
  facet normal 0.24298017990325643 0.9700312531945458 0
    outer loop
      vertex 52.209573872068546 -25.932531296786298 0
      vertex 52.02394487935379 -25.886033654677806 1.5999999999999996
      vertex 52.209573872068546 -25.932531296786298 1.5999999999999996
    endloop
  endfacet
  facet normal 0.14673047445535628 0.9891765099647817 0
    outer loop
      vertex 52.39886657635736 -25.96061021701078 0
      vertex 52.209573872068546 -25.932531296786298 1.5999999999999996
      vertex 52.39886657635736 -25.96061021701078 1.5999999999999996
    endloop
  endfacet
  facet normal 0.04906767432742427 0.998795456205172 0
    outer loop
      vertex 52.589999999999996 -25.97 0
      vertex 52.39886657635736 -25.96061021701078 1.5999999999999996
      vertex 52.589999999999996 -25.97 1.5999999999999996
    endloop
  endfacet
  facet normal -0.04906767432742427 0.998795456205172 0
    outer loop
      vertex 52.781133423642636 -25.96061021701078 0
      vertex 52.589999999999996 -25.97 1.5999999999999996
      vertex 52.781133423642636 -25.96061021701078 1.5999999999999996
    endloop
  endfacet
  facet normal -0.24298017990325643 0.9700312531945458 0
    outer loop
      vertex 53.1560551206462 -25.886033654677806 0
      vertex 52.97042612793145 -25.932531296786298 1.5999999999999996
      vertex 53.1560551206462 -25.886033654677806 1.5999999999999996
    endloop
  endfacet
  facet normal -0.14673047445535628 0.9891765099647817 0
    outer loop
      vertex 52.97042612793145 -25.932531296786298 0
      vertex 52.781133423642636 -25.96061021701078 1.5999999999999996
      vertex 52.97042612793145 -25.932531296786298 1.5999999999999996
    endloop
  endfacet
  facet normal -0.5141027441932229 0.8577286100002715 0
    outer loop
      vertex 53.67336195438822 -25.64136574398996 0
      vertex 53.50922363681069 -25.739746465479293 1.5999999999999996
      vertex 53.67336195438822 -25.64136574398996 1.5999999999999996
    endloop
  endfacet
  facet normal -0.42755509343029047 0.9039892931234395 0
    outer loop
      vertex 53.50922363681069 -25.739746465479293 0
      vertex 53.336232693111924 -25.82156508839701 1.5999999999999996
      vertex 53.50922363681069 -25.739746465479293 1.5999999999999996
    endloop
  endfacet
  facet normal -0.3368898533922198 0.9415440651830209 0
    outer loop
      vertex 53.336232693111924 -25.82156508839701 0
      vertex 53.1560551206462 -25.886033654677806 1.5999999999999996
      vertex 53.336232693111924 -25.82156508839701 1.5999999999999996
    endloop
  endfacet
  facet normal 0.5141027441932229 0.8577286100002715 2.0167575314527254e-18
    outer loop
      vertex 51.670776363189304 -25.739746465479293 0
      vertex 51.50663804561177 -25.64136574398996 0
      vertex 51.50663804561177 -25.64136574398996 1.5999999999999996
    endloop
  endfacet
  facet normal 0.42755509343029047 0.9039892931234395 -1.3181287705218228e-18
    outer loop
      vertex 51.84376730688807 -25.82156508839701 0
      vertex 51.670776363189304 -25.739746465479293 0
      vertex 51.670776363189304 -25.739746465479293 1.5999999999999996
    endloop
  endfacet
  facet normal 0.3368898533922198 0.9415440651830209 1.0952740569815013e-18
    outer loop
      vertex 52.02394487935379 -25.886033654677806 0
      vertex 51.84376730688807 -25.82156508839701 0
      vertex 51.84376730688807 -25.82156508839701 1.5999999999999996
    endloop
  endfacet
  facet normal 0.24298017990325643 0.9700312531945458 -1.2573852531988208e-18
    outer loop
      vertex 52.209573872068546 -25.932531296786298 0
      vertex 52.02394487935379 -25.886033654677806 0
      vertex 52.02394487935379 -25.886033654677806 1.5999999999999996
    endloop
  endfacet
  facet normal 0.14673047445535628 0.9891765099647817 4.941897205242713e-19
    outer loop
      vertex 52.39886657635736 -25.96061021701078 0
      vertex 52.209573872068546 -25.932531296786298 0
      vertex 52.209573872068546 -25.932531296786298 1.5999999999999996
    endloop
  endfacet
  facet normal 0.04906767432742427 0.998795456205172 -5.299158492722594e-20
    outer loop
      vertex 52.589999999999996 -25.97 0
      vertex 52.39886657635736 -25.96061021701078 0
      vertex 52.39886657635736 -25.96061021701078 1.5999999999999996
    endloop
  endfacet
  facet normal -0.04906767432742427 0.998795456205172 5.299158492722594e-20
    outer loop
      vertex 52.781133423642636 -25.96061021701078 0
      vertex 52.589999999999996 -25.97 0
      vertex 52.589999999999996 -25.97 1.5999999999999996
    endloop
  endfacet
  facet normal -0.24298017990325643 0.9700312531945458 1.2573852531988208e-18
    outer loop
      vertex 53.1560551206462 -25.886033654677806 0
      vertex 52.97042612793145 -25.932531296786298 0
      vertex 52.97042612793145 -25.932531296786298 1.5999999999999996
    endloop
  endfacet
  facet normal -0.14673047445535628 0.9891765099647817 -4.941897205242713e-19
    outer loop
      vertex 52.97042612793145 -25.932531296786298 0
      vertex 52.781133423642636 -25.96061021701078 0
      vertex 52.781133423642636 -25.96061021701078 1.5999999999999996
    endloop
  endfacet
  facet normal -0.42755509343029047 0.9039892931234395 1.3181287705218228e-18
    outer loop
      vertex 53.50922363681069 -25.739746465479293 0
      vertex 53.336232693111924 -25.82156508839701 0
      vertex 53.336232693111924 -25.82156508839701 1.5999999999999996
    endloop
  endfacet
  facet normal -0.5141027441932229 0.8577286100002715 -2.0167575314527254e-18
    outer loop
      vertex 53.67336195438822 -25.64136574398996 0
      vertex 53.50922363681069 -25.739746465479293 0
      vertex 53.50922363681069 -25.739746465479293 1.5999999999999996
    endloop
  endfacet
  facet normal -0.3368898533922198 0.9415440651830209 -1.0952740569815013e-18
    outer loop
      vertex 53.336232693111924 -25.82156508839701 0
      vertex 53.1560551206462 -25.886033654677806 0
      vertex 53.1560551206462 -25.886033654677806 1.5999999999999996
    endloop
  endfacet
  facet normal -0.5956993044924171 0.803207531480657 -2.2238067072051535e-18
    outer loop
      vertex 53.82706690411911 -25.52737038405734 0
      vertex 53.67336195438822 -25.64136574398996 0
      vertex 53.67336195438822 -25.64136574398996 1.5999999999999996
    endloop
  endfacet
endsolid OpenSCAD_Model
